# Named minor planets (IAU Minor Planet Center list, via Swiss Ephemeris astlistn.md, updated 09-Jun-2026)
1	Ceres
2	Pallas
3	Juno
4	Vesta
5	Astraea
6	Hebe
7	Iris
8	Flora
9	Metis
10	Hygiea
11	Parthenope
12	Victoria
13	Egeria
14	Irene
15	Eunomia
16	Psyche
17	Thetis
18	Melpomene
19	Fortuna
20	Massalia
21	Lutetia
22	Kalliope
23	Thalia
24	Themis
25	Phocaea
26	Proserpina
27	Euterpe
28	Bellona
29	Amphitrite
30	Urania
31	Euphrosyne
32	Pomona
33	Polyhymnia
34	Circe
35	Leukothea
36	Atalante
37	Fides
38	Leda
39	Laetitia
40	Harmonia
41	Daphne
42	Isis
43	Ariadne
44	Nysa
45	Eugenia
46	Hestia
47	Aglaja
48	Doris
49	Pales
50	Virginia
51	Nemausa
52	Europa
53	Kalypso
54	Alexandra
55	Pandora
56	Melete
57	Mnemosyne
58	Concordia
59	Elpis
60	Echo
61	Danae
62	Erato
63	Ausonia
64	Angelina
65	Cybele
66	Maja
67	Asia
68	Leto
69	Hesperia
70	Panopaea
71	Niobe
72	Feronia
73	Klytia
74	Galatea
75	Eurydike
76	Freia
77	Frigga
78	Diana
79	Eurynome
80	Sappho
81	Terpsichore
82	Alkmene
83	Beatrix
84	Klio
85	Io
86	Semele
87	Sylvia
88	Thisbe
89	Julia
90	Antiope
91	Aegina
92	Undina
93	Minerva
94	Aurora
95	Arethusa
96	Aegle
97	Klotho
98	Ianthe
99	Dike
100	Hekate
101	Helena
102	Miriam
103	Hera
104	Klymene
105	Artemis
106	Dione
107	Camilla
108	Hecuba
109	Felicitas
110	Lydia
111	Ate
112	Iphigenia
113	Amalthea
114	Kassandra
115	Thyra
116	Sirona
117	Lomia
118	Peitho
119	Althaea
120	Lachesis
121	Hermione
122	Gerda
123	Brunhild
124	Alkeste
125	Liberatrix
126	Velleda
127	Johanna
128	Nemesis
129	Antigone
130	Elektra
131	Vala
132	Aethra
133	Cyrene
134	Sophrosyne
135	Hertha
136	Austria
137	Meliboea
138	Tolosa
139	Juewa
140	Siwa
141	Lumen
142	Polana
143	Adria
144	Vibilia
145	Adeona
146	Lucina
147	Protogeneia
148	Gallia
149	Medusa
150	Nuwa
151	Abundantia
152	Atala
153	Hilda
154	Bertha
155	Scylla
156	Xanthippe
157	Dejanira
158	Koronis
159	Aemilia
160	Una
161	Athor
162	Laurentia
163	Erigone
164	Eva
165	Loreley
166	Rhodope
167	Urda
168	Sibylla
169	Zelia
170	Maria
171	Ophelia
172	Baucis
173	Ino
174	Phaedra
175	Andromache
176	Iduna
177	Irma
178	Belisana
179	Klytaemnestra
180	Garumna
181	Eucharis
182	Elsa
183	Istria
184	Dejopeja
185	Eunike
186	Celuta
187	Lamberta
188	Menippe
189	Phthia
190	Ismene
191	Kolga
192	Nausikaa
193	Ambrosia
194	Prokne
195	Eurykleia
196	Philomela
197	Arete
198	Ampella
199	Byblis
200	Dynamene
201	Penelope
202	Chryseis
203	Pompeja
204	Kallisto
205	Martha
206	Hersilia
207	Hedda
208	Lacrimosa
209	Dido
210	Isabella
211	Isolda
212	Medea
213	Lilaea
214	Aschera
215	Oenone
216	Kleopatra
217	Eudora
218	Bianca
219	Thusnelda
220	Stephania
221	Eos
222	Lucia
223	Rosa
224	Oceana
225	Henrietta
226	Weringia
227	Philosophia
228	Agathe
229	Adelinda
230	Athamantis
231	Vindobona
232	Russia
233	Asterope
234	Barbara
235	Carolina
236	Honoria
237	Coelestina
238	Hypatia
239	Adrastea
240	Vanadis
241	Germania
242	Kriemhild
243	Ida
244	Sita
245	Vera
246	Asporina
247	Eukrate
248	Lameia
249	Ilse
250	Bettina
251	Sophia
252	Clementina
253	Mathilde
254	Augusta
255	Oppavia
256	Walpurga
257	Silesia
258	Tyche
259	Aletheia
260	Huberta
261	Prymno
262	Valda
263	Dresda
264	Libussa
265	Anna
266	Aline
267	Tirza
268	Adorea
269	Justitia
270	Anahita
271	Penthesilea
272	Antonia
273	Atropos
274	Philagoria
275	Sapientia
276	Adelheid
277	Elvira
278	Paulina
279	Thule
280	Philia
281	Lucretia
282	Clorinde
283	Emma
284	Amalia
285	Regina
286	Iclea
287	Nephthys
288	Glauke
289	Nenetta
290	Bruna
291	Alice
292	Ludovica
293	Brasilia
294	Felicia
295	Theresia
296	Phaetusa
297	Caecilia
298	Baptistina
299	Thora
300	Geraldina
301	Bavaria
302	Clarissa
303	Josephina
304	Olga
305	Gordonia
306	Unitas
307	Nike
308	Polyxo
309	Fraternitas
310	Margarita
311	Claudia
312	Pierretta
313	Chaldaea
314	Rosalia
315	Constantia
316	Goberta
317	Roxane
318	Magdalena
319	Leona
320	Katharina
321	Florentina
322	Phaeo
323	Brucia
324	Bamberga
325	Heidelberga
326	Tamara
327	Columbia
328	Gudrun
329	Svea
330	Adalberta
331	Etheridgea
332	Siri
333	Badenia
334	Chicago
335	Roberta
336	Lacadiera
337	Devosa
338	Budrosa
339	Dorothea
340	Eduarda
341	California
342	Endymion
343	Ostara
344	Desiderata
345	Tercidina
346	Hermentaria
347	Pariana
348	May
349	Dembowska
350	Ornamenta
351	Yrsa
352	Gisela
353	Ruperto-Carola
354	Eleonora
355	Gabriella
356	Liguria
357	Ninina
358	Apollonia
359	Georgia
360	Carlova
361	Bononia
362	Havnia
363	Padua
364	Isara
365	Corduba
366	Vincentina
367	Amicitia
368	Haidea
369	Aeria
370	Modestia
371	Bohemia
372	Palma
373	Melusina
374	Burgundia
375	Ursula
376	Geometria
377	Campania
378	Holmia
379	Huenna
380	Fiducia
381	Myrrha
382	Dodona
383	Janina
384	Burdigala
385	Ilmatar
386	Siegena
387	Aquitania
388	Charybdis
389	Industria
390	Alma
391	Ingeborg
392	Wilhelmina
393	Lampetia
394	Arduina
395	Delia
396	Aeolia
397	Vienna
398	Admete
399	Persephone
400	Ducrosa
401	Ottilia
402	Chloe
403	Cyane
404	Arsinoe
405	Thia
406	Erna
407	Arachne
408	Fama
409	Aspasia
410	Chloris
411	Xanthe
412	Elisabetha
413	Edburga
414	Liriope
415	Palatia
416	Vaticana
417	Suevia
418	Alemannia
419	Aurelia
420	Bertholda
421	Zahringia
422	Berolina
423	Diotima
424	Gratia
425	Cornelia
426	Hippo
427	Galene
428	Monachia
429	Lotis
430	Hybris
431	Nephele
432	Pythia
433	Eros
434	Hungaria
435	Ella
436	Patricia
437	Rhodia
438	Zeuxo
439	Ohio
440	Theodora
441	Bathilde
442	Eichsfeldia
443	Photographica
444	Gyptis
445	Edna
446	Aeternitas
447	Valentine
448	Natalie
449	Hamburga
450	Brigitta
451	Patientia
452	Hamiltonia
453	Tea
454	Mathesis
455	Bruchsalia
456	Abnoba
457	Alleghenia
458	Hercynia
459	Signe
460	Scania
461	Saskia
462	Eriphyla
463	Lola
464	Megaira
465	Alekto
466	Tisiphone
467	Laura
468	Lina
469	Argentina
470	Kilia
471	Papagena
472	Roma
473	Nolli
474	Prudentia
475	Ocllo
476	Hedwig
477	Italia
478	Tergeste
479	Caprera
480	Hansa
481	Emita
482	Petrina
483	Seppina
484	Pittsburghia
485	Genua
486	Cremona
487	Venetia
488	Kreusa
489	Comacina
490	Veritas
491	Carina
492	Gismonda
493	Griseldis
494	Virtus
495	Eulalia
496	Gryphia
497	Iva
498	Tokio
499	Venusia
500	Selinur
501	Urhixidur
502	Sigune
503	Evelyn
504	Cora
505	Cava
506	Marion
507	Laodica
508	Princetonia
509	Iolanda
510	Mabella
511	Davida
512	Taurinensis
513	Centesima
514	Armida
515	Athalia
516	Amherstia
517	Edith
518	Halawe
519	Sylvania
520	Franziska
521	Brixia
522	Helga
523	Ada
524	Fidelio
525	Adelaide
526	Jena
527	Euryanthe
528	Rezia
529	Preziosa
530	Turandot
531	Zerlina
532	Herculina
533	Sara
534	Nassovia
535	Montague
536	Merapi
537	Pauly
538	Friederike
539	Pamina
540	Rosamunde
541	Deborah
542	Susanna
543	Charlotte
544	Jetta
545	Messalina
546	Herodias
547	Praxedis
548	Kressida
549	Jessonda
550	Senta
551	Ortrud
552	Sigelinde
553	Kundry
554	Peraga
555	Norma
556	Phyllis
557	Violetta
558	Carmen
559	Nanon
560	Delila
561	Ingwelde
562	Salome
563	Suleika
564	Dudu
565	Marbachia
566	Stereoskopia
567	Eleutheria
568	Cheruskia
569	Misa
570	Kythera
571	Dulcinea
572	Rebekka
573	Recha
574	Reginhild
575	Renate
576	Emanuela
577	Rhea
578	Happelia
579	Sidonia
580	Selene
581	Tauntonia
582	Olympia
583	Klotilde
584	Semiramis
585	Bilkis
586	Thekla
587	Hypsipyle
588	Achilles
589	Croatia
590	Tomyris
591	Irmgard
592	Bathseba
593	Titania
594	Mireille
595	Polyxena
596	Scheila
597	Bandusia
598	Octavia
599	Luisa
600	Musa
601	Nerthus
602	Marianna
603	Timandra
604	Tekmessa
605	Juvisia
606	Brangane
607	Jenny
608	Adolfine
609	Fulvia
610	Valeska
611	Valeria
612	Veronika
613	Ginevra
614	Pia
615	Roswitha
616	Elly
617	Patroclus
618	Elfriede
619	Triberga
620	Drakonia
621	Werdandi
622	Esther
623	Chimaera
624	Hektor
625	Xenia
626	Notburga
627	Charis
628	Christine
629	Bernardina
630	Euphemia
631	Philippina
632	Pyrrha
633	Zelima
634	Ute
635	Vundtia
636	Erika
637	Chrysothemis
638	Moira
639	Latona
640	Brambilla
641	Agnes
642	Clara
643	Scheherezade
644	Cosima
645	Agrippina
646	Kastalia
647	Adelgunde
648	Pippa
649	Josefa
650	Amalasuntha
651	Antikleia
652	Jubilatrix
653	Berenike
654	Zelinda
655	Briseis
656	Beagle
657	Gunlod
658	Asteria
659	Nestor
660	Crescentia
661	Cloelia
662	Newtonia
663	Gerlinde
664	Judith
665	Sabine
666	Desdemona
667	Denise
668	Dora
669	Kypria
670	Ottegebe
671	Carnegia
672	Astarte
673	Edda
674	Rachele
675	Ludmilla
676	Melitta
677	Aaltje
678	Fredegundis
679	Pax
680	Genoveva
681	Gorgo
682	Hagar
683	Lanzia
684	Hildburg
685	Hermia
686	Gersuind
687	Tinette
688	Melanie
689	Zita
690	Wratislavia
691	Lehigh
692	Hippodamia
693	Zerbinetta
694	Ekard
695	Bella
696	Leonora
697	Galilea
698	Ernestina
699	Hela
700	Auravictrix
701	Oriola
702	Alauda
703	Noemi
704	Interamnia
705	Erminia
706	Hirundo
707	Steina
708	Raphaela
709	Fringilla
710	Gertrud
711	Marmulla
712	Boliviana
713	Luscinia
714	Ulula
715	Transvaalia
716	Berkeley
717	Wisibada
718	Erida
719	Albert
720	Bohlinia
721	Tabora
722	Frieda
723	Hammonia
724	Hapag
725	Amanda
726	Joella
727	Nipponia
728	Leonisis
729	Watsonia
730	Athanasia
731	Sorga
732	Tjilaki
733	Mocia
734	Benda
735	Marghanna
736	Harvard
737	Arequipa
738	Alagasta
739	Mandeville
740	Cantabia
741	Botolphia
742	Edisona
743	Eugenisis
744	Aguntina
745	Mauritia
746	Marlu
747	Winchester
748	Simeisa
749	Malzovia
750	Oskar
751	Faina
752	Sulamitis
753	Tiflis
754	Malabar
755	Quintilla
756	Lilliana
757	Portlandia
758	Mancunia
759	Vinifera
760	Massinga
761	Brendelia
762	Pulcova
763	Cupido
764	Gedania
765	Mattiaca
766	Moguntia
767	Bondia
768	Struveana
769	Tatjana
770	Bali
771	Libera
772	Tanete
773	Irmintraud
774	Armor
775	Lumiere
776	Berbericia
777	Gutemberga
778	Theobalda
779	Nina
780	Armenia
781	Kartvelia
782	Montefiore
783	Nora
784	Pickeringia
785	Zwetana
786	Bredichina
787	Moskva
788	Hohensteina
789	Lena
790	Pretoria
791	Ani
792	Metcalfia
793	Arizona
794	Irenaea
795	Fini
796	Sarita
797	Montana
798	Ruth
799	Gudula
800	Kressmannia
801	Helwerthia
802	Epyaxa
803	Picka
804	Hispania
805	Hormuthia
806	Gyldenia
807	Ceraskia
808	Merxia
809	Lundia
810	Atossa
811	Nauheima
812	Adele
813	Baumeia
814	Tauris
815	Coppelia
816	Juliana
817	Annika
818	Kapteynia
819	Barnardiana
820	Adriana
821	Fanny
822	Lalage
823	Sisigambis
824	Anastasia
825	Tanina
826	Henrika
827	Wolfiana
828	Lindemannia
829	Academia
830	Petropolitana
831	Stateira
832	Karin
833	Monica
834	Burnhamia
835	Olivia
836	Jole
837	Schwarzschilda
838	Seraphina
839	Valborg
840	Zenobia
841	Arabella
842	Kerstin
843	Nicolaia
844	Leontina
845	Naema
846	Lipperta
847	Agnia
848	Inna
849	Ara
850	Altona
851	Zeissia
852	Wladilena
853	Nansenia
854	Frostia
855	Newcombia
856	Backlunda
857	Glasenappia
858	El Djezair
859	Bouzareah
860	Ursina
861	Aida
862	Franzia
863	Benkoela
864	Aase
865	Zubaida
866	Fatme
867	Kovacia
868	Lova
869	Mellena
870	Manto
871	Amneris
872	Holda
873	Mechthild
874	Rotraut
875	Nymphe
876	Scott
877	Walkure
878	Mildred
879	Ricarda
880	Herba
881	Athene
882	Swetlana
883	Matterania
884	Priamus
885	Ulrike
886	Washingtonia
887	Alinda
888	Parysatis
889	Erynia
890	Waltraut
891	Gunhild
892	Seeligeria
893	Leopoldina
894	Erda
895	Helio
896	Sphinx
897	Lysistrata
898	Hildegard
899	Jokaste
900	Rosalinde
901	Brunsia
902	Probitas
903	Nealley
904	Rockefellia
905	Universitas
906	Repsolda
907	Rhoda
908	Buda
909	Ulla
910	Anneliese
911	Agamemnon
912	Maritima
913	Otila
914	Palisana
915	Cosette
916	America
917	Lyka
918	Itha
919	Ilsebill
920	Rogeria
921	Jovita
922	Schlutia
923	Herluga
924	Toni
925	Alphonsina
926	Imhilde
927	Ratisbona
928	Hildrun
929	Algunde
930	Westphalia
931	Whittemora
932	Hooveria
933	Susi
934	Thuringia
935	Clivia
936	Kunigunde
937	Bethgea
938	Chlosinde
939	Isberga
940	Kordula
941	Murray
942	Romilda
943	Begonia
944	Hidalgo
945	Barcelona
946	Poesia
947	Monterosa
948	Jucunda
949	Hel
950	Ahrensa
951	Gaspra
952	Caia
953	Painleva
954	Li
955	Alstede
956	Elisa
957	Camelia
958	Asplinda
959	Arne
960	Birgit
961	Gunnie
962	Aslog
963	Iduberga
964	Subamara
965	Angelica
966	Muschi
967	Helionape
968	Petunia
969	Leocadia
970	Primula
971	Alsatia
972	Cohnia
973	Aralia
974	Lioba
975	Perseverantia
976	Benjamina
977	Philippa
978	Aidamina
979	Ilsewa
980	Anacostia
981	Martina
982	Franklina
983	Gunila
984	Gretia
985	Rosina
986	Amelia
987	Wallia
988	Appella
989	Schwassmannia
990	Yerkes
991	McDonalda
992	Swasey
993	Moultona
994	Otthild
995	Sternberga
996	Hilaritas
997	Priska
998	Bodea
999	Zachia
1000	Piazzia
1001	Gaussia
1002	Olbersia
1003	Lilofee
1004	Belopolskya
1005	Arago
1006	Lagrangea
1007	Pawlowia
1008	La Paz
1009	Sirene
1010	Marlene
1011	Laodamia
1012	Sarema
1013	Tombecka
1014	Semphyra
1015	Christa
1016	Anitra
1017	Jacqueline
1018	Arnolda
1019	Strackea
1020	Arcadia
1021	Flammario
1022	Olympiada
1023	Thomana
1024	Hale
1025	Riema
1026	Ingrid
1027	Aesculapia
1028	Lydina
1029	La Plata
1030	Vitja
1031	Arctica
1032	Pafuri
1033	Simona
1034	Mozartia
1035	Amata
1036	Ganymed
1037	Davidweilla
1038	Tuckia
1039	Sonneberga
1040	Klumpkea
1041	Asta
1042	Amazone
1043	Beate
1044	Teutonia
1045	Michela
1046	Edwin
1047	Geisha
1048	Feodosia
1049	Gotho
1050	Meta
1051	Merope
1052	Belgica
1053	Vigdis
1054	Forsytia
1055	Tynka
1056	Azalea
1057	Wanda
1058	Grubba
1059	Mussorgskia
1060	Magnolia
1061	Paeonia
1062	Ljuba
1063	Aquilegia
1064	Aethusa
1065	Amundsenia
1066	Lobelia
1067	Lunaria
1068	Nofretete
1069	Planckia
1070	Tunica
1071	Brita
1072	Malva
1073	Gellivara
1074	Beljawskya
1075	Helina
1076	Viola
1077	Campanula
1078	Mentha
1079	Mimosa
1080	Orchis
1081	Reseda
1082	Pirola
1083	Salvia
1084	Tamariwa
1085	Amaryllis
1086	Nata
1087	Arabis
1088	Mitaka
1089	Tama
1090	Sumida
1091	Spiraea
1092	Lilium
1093	Freda
1094	Siberia
1095	Tulipa
1096	Reunerta
1097	Vicia
1098	Hakone
1099	Figneria
1100	Arnica
1101	Clematis
1102	Pepita
1103	Sequoia
1104	Syringa
1105	Fragaria
1106	Cydonia
1107	Lictoria
1108	Demeter
1109	Tata
1110	Jaroslawa
1111	Reinmuthia
1112	Polonia
1113	Katja
1114	Lorraine
1115	Sabauda
1116	Catriona
1117	Reginita
1118	Hanskya
1119	Euboea
1120	Cannonia
1121	Natascha
1122	Neith
1123	Shapleya
1124	Stroobantia
1125	China
1126	Otero
1127	Mimi
1128	Astrid
1129	Neujmina
1130	Skuld
1131	Porzia
1132	Hollandia
1133	Lugduna
1134	Kepler
1135	Colchis
1136	Mercedes
1137	Raissa
1138	Attica
1139	Atami
1140	Crimea
1141	Bohmia
1142	Aetolia
1143	Odysseus
1144	Oda
1145	Robelmonte
1146	Biarmia
1147	Stavropolis
1148	Rarahu
1149	Volga
1150	Achaia
1151	Ithaka
1152	Pawona
1153	Wallenbergia
1154	Astronomia
1155	Aenna
1156	Kira
1157	Arabia
1158	Luda
1159	Granada
1160	Illyria
1161	Thessalia
1162	Larissa
1163	Saga
1164	Kobolda
1165	Imprinetta
1166	Sakuntala
1167	Dubiago
1168	Brandia
1169	Alwine
1170	Siva
1171	Rusthawelia
1172	Aneas
1173	Anchises
1174	Marmara
1175	Margo
1176	Lucidor
1177	Gonnessia
1178	Irmela
1179	Mally
1180	Rita
1181	Lilith
1182	Ilona
1183	Jutta
1184	Gaea
1185	Nikko
1186	Turnera
1187	Afra
1188	Gothlandia
1189	Terentia
1190	Pelagia
1191	Alfaterna
1192	Prisma
1193	Africa
1194	Aletta
1195	Orangia
1196	Sheba
1197	Rhodesia
1198	Atlantis
1199	Geldonia
1200	Imperatrix
1201	Strenua
1202	Marina
1203	Nanna
1204	Renzia
1205	Ebella
1206	Numerowia
1207	Ostenia
1208	Troilus
1209	Pumma
1210	Morosovia
1211	Bressole
1212	Francette
1213	Algeria
1214	Richilde
1215	Boyer
1216	Askania
1217	Maximiliana
1218	Aster
1219	Britta
1220	Crocus
1221	Amor
1222	Tina
1223	Neckar
1224	Fantasia
1225	Ariane
1226	Golia
1227	Geranium
1228	Scabiosa
1229	Tilia
1230	Riceia
1231	Auricula
1232	Cortusa
1233	Kobresia
1234	Elyna
1235	Schorria
1236	Thais
1237	Genevieve
1238	Predappia
1239	Queteleta
1240	Centenaria
1241	Dysona
1242	Zambesia
1243	Pamela
1244	Deira
1245	Calvinia
1246	Chaka
1247	Memoria
1248	Jugurtha
1249	Rutherfordia
1250	Galanthus
1251	Hedera
1252	Celestia
1253	Frisia
1254	Erfordia
1255	Schilowa
1256	Normannia
1257	Mora
1258	Sicilia
1259	Ogyalla
1260	Walhalla
1261	Legia
1262	Sniadeckia
1263	Varsavia
1264	Letaba
1265	Schweikarda
1266	Tone
1267	Geertruida
1268	Libya
1269	Rollandia
1270	Datura
1271	Isergina
1272	Gefion
1273	Helma
1274	Delportia
1275	Cimbria
1276	Ucclia
1277	Dolores
1278	Kenya
1279	Uganda
1280	Baillauda
1281	Jeanne
1282	Utopia
1283	Komsomolia
1284	Latvia
1285	Julietta
1286	Banachiewicza
1287	Lorcia
1288	Santa
1289	Kutaissi
1290	Albertine
1291	Phryne
1292	Luce
1293	Sonja
1294	Antwerpia
1295	Deflotte
1296	Andree
1297	Quadea
1298	Nocturna
1299	Mertona
1300	Marcelle
1301	Yvonne
1302	Werra
1303	Luthera
1304	Arosa
1305	Pongola
1306	Scythia
1307	Cimmeria
1308	Halleria
1309	Hyperborea
1310	Villigera
1311	Knopfia
1312	Vassar
1313	Berna
1314	Paula
1315	Bronislawa
1316	Kasan
1317	Silvretta
1318	Nerina
1319	Disa
1320	Impala
1321	Majuba
1322	Coppernicus
1323	Tugela
1324	Knysna
1325	Inanda
1326	Losaka
1327	Namaqua
1328	Devota
1329	Eliane
1330	Spiridonia
1331	Solvejg
1332	Marconia
1333	Cevenola
1334	Lundmarka
1335	Demoulina
1336	Zeelandia
1337	Gerarda
1338	Duponta
1339	Desagneauxa
1340	Yvette
1341	Edmee
1342	Brabantia
1343	Nicole
1344	Caubeta
1345	Potomac
1346	Gotha
1347	Patria
1348	Michel
1349	Bechuana
1350	Rosselia
1351	Uzbekistania
1352	Wawel
1353	Maartje
1354	Botha
1355	Magoeba
1356	Nyanza
1357	Khama
1358	Gaika
1359	Prieska
1360	Tarka
1361	Leuschneria
1362	Griqua
1363	Herberta
1364	Safara
1365	Henyey
1366	Piccolo
1367	Nongoma
1368	Numidia
1369	Ostanina
1370	Hella
1371	Resi
1372	Haremari
1373	Cincinnati
1374	Isora
1375	Alfreda
1376	Michelle
1377	Roberbauxa
1378	Leonce
1379	Lomonosowa
1380	Volodia
1381	Danubia
1382	Gerti
1383	Limburgia
1384	Kniertje
1385	Gelria
1386	Storeria
1387	Kama
1388	Aphrodite
1389	Onnie
1390	Abastumani
1391	Carelia
1392	Pierre
1393	Sofala
1394	Algoa
1395	Aribeda
1396	Outeniqua
1397	Umtata
1398	Donnera
1399	Teneriffa
1400	Tirela
1401	Lavonne
1402	Eri
1403	Idelsonia
1404	Ajax
1405	Sibelius
1406	Komppa
1407	Lindelof
1408	Trusanda
1409	Isko
1410	Margret
1411	Brauna
1412	Lagrula
1413	Roucarie
1414	Jerome
1415	Malautra
1416	Renauxa
1417	Walinskia
1418	Fayeta
1419	Danzig
1420	Radcliffe
1421	Esperanto
1422	Stromgrenia
1423	Jose
1424	Sundmania
1425	Tuorla
1426	Riviera
1427	Ruvuma
1428	Mombasa
1429	Pemba
1430	Somalia
1431	Luanda
1432	Ethiopia
1433	Geramtina
1434	Margot
1435	Garlena
1436	Salonta
1437	Diomedes
1438	Wendeline
1439	Vogtia
1440	Rostia
1441	Bolyai
1442	Corvina
1443	Ruppina
1444	Pannonia
1445	Konkolya
1446	Sillanpaa
1447	Utra
1448	Lindbladia
1449	Virtanen
1450	Raimonda
1451	Grano
1452	Hunnia
1453	Fennia
1454	Kalevala
1455	Mitchella
1456	Saldanha
1457	Ankara
1458	Mineura
1459	Magnya
1460	Haltia
1461	Jean-Jacques
1462	Zamenhof
1463	Nordenmarkia
1464	Armisticia
1465	Autonoma
1466	Mundleria
1467	Mashona
1468	Zomba
1469	Linzia
1470	Carla
1471	Tornio
1472	Muonio
1473	Ounas
1474	Beira
1475	Yalta
1476	Cox
1477	Bonsdorffia
1478	Vihuri
1479	Inkeri
1480	Aunus
1481	Tubingia
1482	Sebastiana
1483	Hakoila
1484	Postrema
1485	Isa
1486	Marilyn
1487	Boda
1488	Aura
1489	Attila
1490	Limpopo
1491	Balduinus
1492	Oppolzer
1493	Sigrid
1494	Savo
1495	Helsinki
1496	Turku
1497	Tampere
1498	Lahti
1499	Pori
1500	Jyvaskyla
1501	Baade
1502	Arenda
1503	Kuopio
1504	Lappeenranta
1505	Koranna
1506	Xosa
1507	Vaasa
1508	Kemi
1509	Esclangona
1510	Charlois
1511	Dalera
1512	Oulu
1513	Matra
1514	Ricouxa
1515	Perrotin
1516	Henry
1517	Beograd
1518	Rovaniemi
1519	Kajaani
1520	Imatra
1521	Seinajoki
1522	Kokkola
1523	Pieksamaki
1524	Joensuu
1525	Savonlinna
1526	Mikkeli
1527	Malmquista
1528	Conrada
1529	Oterma
1530	Rantaseppa
1531	Hartmut
1532	Inari
1533	Saimaa
1534	Nasi
1535	Paijanne
1536	Pielinen
1537	Transylvania
1538	Detre
1539	Borrelly
1540	Kevola
1541	Estonia
1542	Schalen
1543	Bourgeois
1544	Vinterhansenia
1545	Thernoe
1546	Izsak
1547	Nele
1548	Palomaa
1549	Mikko
1550	Tito
1551	Argelander
1552	Bessel
1553	Bauersfelda
1554	Yugoslavia
1555	Dejan
1556	Wingolfia
1557	Roehla
1558	Jarnefelt
1559	Kustaanheimo
1560	Strattonia
1561	Fricke
1562	Gondolatsch
1563	Noel
1564	Srbija
1565	Lemaitre
1566	Icarus
1567	Alikoski
1568	Aisleen
1569	Evita
1570	Brunonia
1571	Cesco
1572	Posnania
1573	Vaisala
1574	Meyer
1575	Winifred
1576	Fabiola
1577	Reiss
1578	Kirkwood
1579	Herrick
1580	Betulia
1581	Abanderada
1582	Martir
1583	Antilochus
1584	Fuji
1585	Union
1586	Thiele
1587	Kahrstedt
1588	Descamisada
1589	Fanatica
1590	Tsiolkovskaja
1591	Baize
1592	Mathieu
1593	Fagnes
1594	Danjon
1595	Tanga
1596	Itzigsohn
1597	Laugier
1598	Paloque
1599	Giomus
1600	Vyssotsky
1601	Patry
1602	Indiana
1603	Neva
1604	Tombaugh
1605	Milankovitch
1606	Jekhovsky
1607	Mavis
1608	Munoz
1609	Brenda
1610	Mirnaya
1611	Beyer
1612	Hirose
1613	Smiley
1614	Goldschmidt
1615	Bardwell
1616	Filipoff
1617	Alschmitt
1618	Dawn
1619	Ueta
1620	Geographos
1621	Druzhba
1622	Chacornac
1623	Vivian
1624	Rabe
1625	The NORC
1626	Sadeya
1627	Ivar
1628	Strobel
1629	Pecker
1630	Milet
1631	Kopff
1632	Siebohme
1633	Chimay
1634	Ndola
1635	Bohrmann
1636	Porter
1637	Swings
1638	Ruanda
1639	Bower
1640	Nemo
1641	Tana
1642	Hill
1643	Brown
1644	Rafita
1645	Waterfield
1646	Rosseland
1647	Menelaus
1648	Shajna
1649	Fabre
1650	Heckmann
1651	Behrens
1652	Herge
1653	Yakhontovia
1654	Bojeva
1655	Comas Sola
1656	Suomi
1657	Roemera
1658	Innes
1659	Punkaharju
1660	Wood
1661	Granule
1662	Hoffmann
1663	van den Bos
1664	Felix
1665	Gaby
1666	van Gent
1667	Pels
1668	Hanna
1669	Dagmar
1670	Minnaert
1671	Chaika
1672	Gezelle
1673	van Houten
1674	Groeneveld
1675	Simonida
1676	Kariba
1677	Tycho Brahe
1678	Hveen
1679	Nevanlinna
1680	Per Brahe
1681	Steinmetz
1682	Karel
1683	Castafiore
1684	Iguassu
1685	Toro
1686	De Sitter
1687	Glarona
1688	Wilkens
1689	Floris-Jan
1690	Mayrhofer
1691	Oort
1692	Subbotina
1693	Hertzsprung
1694	Kaiser
1695	Walbeck
1696	Nurmela
1697	Koskenniemi
1698	Christophe
1699	Honkasalo
1700	Zvezdara
1701	Okavango
1702	Kalahari
1703	Barry
1704	Wachmann
1705	Tapio
1706	Dieckvoss
1707	Chantal
1708	Polit
1709	Ukraina
1710	Gothard
1711	Sandrine
1712	Angola
1713	Bancilhon
1714	Sy
1715	Salli
1716	Peter
1717	Arlon
1718	Namibia
1719	Jens
1720	Niels
1721	Wells
1722	Goffin
1723	Klemola
1724	Vladimir
1725	CrAO
1726	Hoffmeister
1727	Mette
1728	Goethe Link
1729	Beryl
1730	Marceline
1731	Smuts
1732	Heike
1733	Silke
1734	Zhongolovich
1735	ITA
1736	Floirac
1737	Severny
1738	Oosterhoff
1739	Meyermann
1740	Paavo Nurmi
1741	Giclas
1742	Schaifers
1743	Schmidt
1744	Harriet
1745	Ferguson
1746	Brouwer
1747	Wright
1748	Mauderli
1749	Telamon
1750	Eckert
1751	Herget
1752	van Herk
1753	Mieke
1754	Cunningham
1755	Lorbach
1756	Giacobini
1757	Porvoo
1758	Naantali
1759	Kienle
1760	Sandra
1761	Edmondson
1762	Russell
1763	Williams
1764	Cogshall
1765	Wrubel
1766	Slipher
1767	Lampland
1768	Appenzella
1769	Carlostorres
1770	Schlesinger
1771	Makover
1772	Gagarin
1773	Rumpelstilz
1774	Kulikov
1775	Zimmerwald
1776	Kuiper
1777	Gehrels
1778	Alfven
1779	Parana
1780	Kippes
1781	Van Biesbroeck
1782	Schneller
1783	Albitskij
1784	Benguella
1785	Wurm
1786	Raahe
1787	Chiny
1788	Kiess
1789	Dobrovolsky
1790	Volkov
1791	Patsayev
1792	Reni
1793	Zoya
1794	Finsen
1795	Woltjer
1796	Riga
1797	Schaumasse
1798	Watts
1799	Koussevitzky
1800	Aguilar
1801	Titicaca
1802	Zhang Heng
1803	Zwicky
1804	Chebotarev
1805	Dirikis
1806	Derice
1807	Slovakia
1808	Bellerophon
1809	Prometheus
1810	Epimetheus
1811	Bruwer
1812	Gilgamesh
1813	Imhotep
1814	Bach
1815	Beethoven
1816	Liberia
1817	Katanga
1818	Brahms
1819	Laputa
1820	Lohmann
1821	Aconcagua
1822	Waterman
1823	Gliese
1824	Haworth
1825	Klare
1826	Miller
1827	Atkinson
1828	Kashirina
1829	Dawson
1830	Pogson
1831	Nicholson
1832	Mrkos
1833	Shmakova
1834	Palach
1835	Gajdariya
1836	Komarov
1837	Osita
1838	Ursa
1839	Ragazza
1840	Hus
1841	Masaryk
1842	Hynek
1843	Jarmila
1844	Susilva
1845	Helewalda
1846	Bengt
1847	Stobbe
1848	Delvaux
1849	Kresak
1850	Kohoutek
1851	Lacroute
1852	Carpenter
1853	McElroy
1854	Skvortsov
1855	Korolev
1856	Ruzena
1857	Parchomenko
1858	Lobachevskij
1859	Kovalevskaya
1860	Barbarossa
1861	Komensky
1862	Apollo
1863	Antinous
1864	Daedalus
1865	Cerberus
1866	Sisyphus
1867	Deiphobus
1868	Thersites
1869	Philoctetes
1870	Glaukos
1871	Astyanax
1872	Helenos
1873	Agenor
1874	Kacivelia
1875	Neruda
1876	Napolitania
1877	Marsden
1878	Hughes
1879	Broederstroom
1880	McCrosky
1881	Shao
1882	Rauma
1883	Rimito
1884	Skip
1885	Herero
1886	Lowell
1887	Virton
1888	Zu Chong-Zhi
1889	Pakhmutova
1890	Konoshenkova
1891	Gondola
1892	Lucienne
1893	Jakoba
1894	Haffner
1895	Larink
1896	Beer
1897	Hind
1898	Cowell
1899	Crommelin
1900	Katyusha
1901	Moravia
1902	Shaposhnikov
1903	Adzhimushkaj
1904	Massevitch
1905	Ambartsumian
1906	Naef
1907	Rudneva
1908	Pobeda
1909	Alekhin
1910	Mikhailov
1911	Schubart
1912	Anubis
1913	Sekanina
1914	Hartbeespoortdam
1915	Quetzalcoatl
1916	Boreas
1917	Cuyo
1918	Aiguillon
1919	Clemence
1920	Sarmiento
1921	Pala
1922	Zulu
1923	Osiris
1924	Horus
1925	Franklin-Adams
1926	Demiddelaer
1927	Suvanto
1928	Summa
1929	Kollaa
1930	Lucifer
1931	Capek
1932	Jansky
1933	Tinchen
1934	Jeffers
1935	Lucerna
1936	Lugano
1937	Locarno
1938	Lausanna
1939	Loretta
1940	Whipple
1941	Wild
1942	Jablunka
1943	Anteros
1944	Gunter
1945	Wesselink
1946	Walraven
1947	Iso-Heikkila
1948	Kampala
1949	Messina
1950	Wempe
1951	Lick
1952	Hesburgh
1953	Rupertwildt
1954	Kukarkin
1955	McMath
1956	Artek
1957	Angara
1958	Chandra
1959	Karbyshev
1960	Guisan
1961	Dufour
1962	Dunant
1963	Bezovec
1964	Luyten
1965	van de Kamp
1966	Tristan
1967	Menzel
1968	Mehltretter
1969	Alain
1970	Sumeria
1971	Hagihara
1972	Yi Xing
1973	Colocolo
1974	Caupolican
1975	Pikelner
1976	Kaverin
1977	Shura
1978	Patrice
1979	Sakharov
1980	Tezcatlipoca
1981	Midas
1982	Cline
1983	Bok
1984	Fedynskij
1985	Hopmann
1986	Plaut
1987	Kaplan
1988	Delores
1989	Tatry
1990	Pilcher
1991	Darwin
1992	Galvarino
1993	Guacolda
1994	Shane
1995	Hajek
1996	Adams
1997	Leverrier
1998	Titius
1999	Hirayama
2000	Herschel
2001	Einstein
2002	Euler
2003	Harding
2004	Lexell
2005	Hencke
2006	Polonskaya
2007	McCuskey
2008	Konstitutsiya
2009	Voloshina
2010	Chebyshev
2011	Veteraniya
2012	Guo Shou-Jing
2013	Tucapel
2014	Vasilevskis
2015	Kachuevskaya
2016	Heinemann
2017	Wesson
2018	Schuster
2019	van Albada
2020	Ukko
2021	Poincare
2022	West
2023	Asaph
2024	McLaughlin
2025	Nortia
2026	Cottrell
2027	Shen Guo
2028	Janequeo
2029	Binomi
2030	Belyaev
2032	Ethel
2033	Basilea
2034	Bernoulli
2035	Stearns
2036	Sheragul
2037	Tripaxeptalis
2038	Bistro
2039	Payne-Gaposchkin
2040	Chalonge
2041	Lancelot
2042	Sitarski
2043	Ortutay
2044	Wirt
2045	Peking
2046	Leningrad
2047	Smetana
2048	Dwornik
2049	Grietje
2050	Francis
2051	Chang
2052	Tamriko
2053	Nuki
2054	Gawain
2055	Dvorak
2056	Nancy
2057	Rosemary
2058	Roka
2059	Baboquivari
2060	Chiron
2061	Anza
2062	Aten
2063	Bacchus
2064	Thomsen
2065	Spicer
2066	Palala
2067	Aksnes
2068	Dangreen
2069	Hubble
2070	Humason
2071	Nadezhda
2072	Kosmodemyanskaya
2073	Janacek
2074	Shoemaker
2075	Martinez
2076	Levin
2077	Kiangsu
2078	Nanking
2079	Jacchia
2080	Jihlava
2081	Sazava
2082	Galahad
2083	Smither
2084	Okayama
2085	Henan
2086	Newell
2087	Kochera
2088	Sahlia
2089	Cetacea
2090	Mizuho
2091	Sampo
2092	Sumiana
2093	Genichesk
2094	Magnitka
2095	Parsifal
2096	Vaino
2097	Galle
2098	Zyskin
2099	Opik
2100	Ra-Shalom
2101	Adonis
2102	Tantalus
2103	Laverna
2104	Toronto
2105	Gudy
2106	Hugo
2107	Ilmari
2108	Otto Schmidt
2109	Dhotel
2110	Moore-Sitterly
2111	Tselina
2112	Ulyanov
2113	Ehrdni
2114	Wallenquist
2115	Irakli
2116	Mtskheta
2117	Danmark
2118	Flagstaff
2119	Schwall
2120	Tyumenia
2121	Sevastopol
2122	Pyatiletka
2123	Vltava
2124	Nissen
2125	Karl-Ontjes
2126	Gerasimovich
2127	Tanya
2128	Wetherill
2129	Cosicosi
2130	Evdokiya
2131	Mayall
2132	Zhukov
2133	Franceswright
2134	Dennispalm
2135	Aristaeus
2136	Jugta
2137	Priscilla
2138	Swissair
2139	Makharadze
2140	Kemerovo
2141	Simferopol
2142	Landau
2143	Jimarnold
2144	Marietta
2145	Blaauw
2146	Stentor
2147	Kharadze
2148	Epeios
2149	Schwambraniya
2150	Nyctimene
2151	Hadwiger
2152	Hannibal
2153	Akiyama
2154	Underhill
2155	Wodan
2156	Kate
2157	Ashbrook
2158	Tietjen
2159	Kukkamaki
2160	Spitzer
2161	Grissom
2162	Anhui
2163	Korczak
2164	Lyalya
2165	Young
2166	Handahl
2167	Erin
2168	Swope
2169	Taiwan
2170	Byelorussia
2171	Kiev
2172	Plavsk
2173	Maresjev
2174	Asmodeus
2175	Andrea Doria
2176	Donar
2177	Oliver
2178	Kazakhstania
2179	Platzeck
2180	Marjaleena
2181	Fogelin
2182	Semirot
2183	Neufang
2184	Fujian
2185	Guangdong
2186	Keldysh
2187	La Silla
2188	Orlenok
2189	Zaragoza
2190	Coubertin
2191	Uppsala
2192	Pyatigoriya
2193	Jackson
2194	Arpola
2195	Tengstrom
2196	Ellicott
2197	Shanghai
2198	Ceplecha
2199	Klet
2200	Pasadena
2201	Oljato
2202	Pele
2203	van Rhijn
2204	Lyyli
2205	Glinka
2206	Gabrova
2207	Antenor
2208	Pushkin
2209	Tianjin
2210	Lois
2211	Hanuman
2212	Hephaistos
2213	Meeus
2214	Carol
2215	Sichuan
2216	Kerch
2217	Eltigen
2218	Wotho
2219	Mannucci
2220	Hicks
2221	Chilton
2222	Lermontov
2223	Sarpedon
2224	Tucson
2225	Serkowski
2226	Cunitza
2227	Otto Struve
2228	Soyuz-Apollo
2229	Mezzarco
2230	Yunnan
2231	Durrell
2232	Altaj
2233	Kuznetsov
2234	Schmadel
2235	Vittore
2236	Austrasia
2237	Melnikov
2238	Steshenko
2239	Paracelsus
2240	Tsai
2241	Alcathous
2242	Balaton
2243	Lonnrot
2244	Tesla
2245	Hekatostos
2246	Bowell
2247	Hiroshima
2248	Kanda
2249	Yamamoto
2250	Stalingrad
2251	Tikhov
2252	CERGA
2253	Espinette
2254	Requiem
2255	Qinghai
2256	Wisniewski
2257	Kaarina
2258	Viipuri
2259	Sofievka
2260	Neoptolemus
2261	Keeler
2262	Mitidika
2263	Shaanxi
2264	Sabrina
2265	Verbaandert
2266	Tchaikovsky
2267	Agassiz
2268	Szmytowna
2269	Efremiana
2270	Yazhi
2271	Kiso
2272	Montezuma
2273	Yarilo
2274	Ehrsson
2275	Cuitlahuac
2276	Warck
2277	Moreau
2278	Gotz
2279	Barto
2280	Kunikov
2281	Biela
2282	Andres Bello
2283	Bunke
2284	San Juan
2285	Ron Helin
2286	Fesenkov
2287	Kalmykia
2288	Karolinum
2289	McMillan
2290	Helffrich
2291	Kevo
2292	Seili
2293	Guernica
2294	Andronikov
2295	Matusovskij
2296	Kugultinov
2297	Daghestan
2298	Cindijon
2299	Hanko
2300	Stebbins
2301	Whitford
2302	Florya
2303	Retsina
2304	Slavia
2305	King
2306	Bauschinger
2307	Garuda
2308	Schilt
2309	Mr. Spock
2310	Olshaniya
2311	El Leoncito
2312	Duboshin
2313	Aruna
2314	Field
2315	Czechoslovakia
2316	Jo-Ann
2317	Galya
2318	Lubarsky
2319	Aristides
2320	Blarney
2321	Luznice
2322	Kitt Peak
2323	Zverev
2324	Janice
2325	Chernykh
2326	Tololo
2327	Gershberg
2328	Robeson
2329	Orthos
2330	Ontake
2331	Parvulesco
2332	Kalm
2333	Porthan
2334	Cuffey
2335	James
2336	Xinjiang
2337	Boubin
2338	Bokhan
2339	Anacreon
2340	Hathor
2341	Aoluta
2342	Lebedev
2343	Siding Spring
2344	Xizang
2345	Fucik
2346	Lilio
2347	Vinata
2348	Michkovitch
2349	Kurchenko
2350	von Lude
2351	O'Higgins
2352	Kurchatov
2353	Alva
2354	Lavrov
2355	Nei Monggol
2356	Hirons
2357	Phereclos
2358	Bahner
2359	Debehogne
2360	Volgo-Don
2361	Gogol
2362	Mark Twain
2363	Cebriones
2364	Seillier
2365	Interkosmos
2366	Aaryn
2367	Praha
2368	Beltrovata
2369	Chekhov
2370	van Altena
2371	Dimitrov
2372	Proskurin
2373	Immo
2374	Vladvysotskij
2375	Radek
2376	Martynov
2377	Shcheglov
2378	Pannekoek
2379	Heiskanen
2380	Heilongjiang
2381	Landi
2382	Nonie
2383	Bradley
2384	Schulhof
2385	Mustel
2386	Nikonov
2387	Xi'an
2388	Gaze
2389	Dibaj
2390	Nezarka
2391	Tomita
2392	Jonathan Murray
2393	Suzuki
2394	Nadeev
2395	Aho
2396	Kochi
2397	Lappajarvi
2398	Jilin
2399	Terradas
2400	Derevskaya
2401	Aehlita
2402	Satpaev
2403	Sumava
2404	Antarctica
2405	Welch
2406	Orelskaya
2407	Haug
2408	Astapovich
2409	Chapman
2410	Morrison
2411	Zellner
2412	Wil
2413	van de Hulst
2414	Vibeke
2415	Ganesa
2416	Sharonov
2417	McVittie
2418	Voskovec-Werich
2419	Moldavia
2420	Ciurlionis
2421	Nininger
2422	Perovskaya
2423	Ibarruri
2424	Tautenburg
2425	Shenzhen
2426	Simonov
2427	Kobzar
2428	Kamenyar
2429	Schurer
2430	Bruce Helin
2431	Skovoroda
2432	Soomana
2433	Sootiyo
2434	Bateson
2435	Horemheb
2436	Hatshepsut
2437	Amnestia
2438	Oleshko
2439	Ulugbek
2440	Educatio
2441	Hibbs
2442	Corbett
2443	Tomeileen
2444	Lederle
2445	Blazhko
2446	Lunacharsky
2447	Kronstadt
2448	Sholokhov
2449	Kenos
2450	Ioannisiani
2451	Dollfus
2452	Lyot
2453	Wabash
2454	Olaus Magnus
2455	Somville
2456	Palamedes
2457	Rublyov
2458	Veniakaverin
2459	Spellmann
2460	Mitlincoln
2461	Clavel
2462	Nehalennia
2463	Sterpin
2464	Nordenskiold
2465	Wilson
2466	Golson
2467	Kollontai
2468	Repin
2469	Tadjikistan
2470	Agematsu
2471	Ultrajectum
2472	Bradman
2473	Heyerdahl
2474	Ruby
2475	Semenov
2476	Andersen
2477	Biryukov
2478	Tokai
2479	Sodankyla
2480	Papanov
2481	Burgi
2482	Perkin
2483	Guinevere
2484	Parenago
2485	Scheffler
2486	Metsahovi
2487	Juhani
2488	Bryan
2489	Suvorov
2490	Bussolini
2491	Tvashtri
2492	Kutuzov
2493	Elmer
2494	Inge
2495	Noviomagum
2496	Fernandus
2497	Kulikovskij
2498	Tsesevich
2499	Brunk
2500	Alascattalo
2501	Lohja
2502	Nummela
2503	Liaoning
2504	Gaviola
2505	Hebei
2506	Pirogov
2507	Bobone
2508	Alupka
2509	Chukotka
2510	Shandong
2511	Patterson
2512	Tavastia
2513	Baetsle
2514	Taiyuan
2515	Gansu
2516	Roman
2517	Orma
2518	Rutllant
2519	Annagerman
2520	Novorossijsk
2521	Heidi
2522	Triglav
2523	Ryba
2524	Budovicium
2525	O'Steen
2526	Alisary
2527	Gregory
2528	Mohler
2529	Rockwell Kent
2530	Shipka
2531	Cambridge
2532	Sutton
2533	Fechtig
2534	Houzeau
2535	Hameenlinna
2536	Kozyrev
2537	Gilmore
2538	Vanderlinden
2539	Ningxia
2540	Blok
2541	Edebono
2542	Calpurnia
2543	Machado
2544	Gubarev
2545	Verbiest
2546	Libitina
2547	Hubei
2548	Leloir
2549	Baker
2550	Houssay
2551	Decabrina
2552	Remek
2553	Viljev
2554	Skiff
2555	Thomas
2556	Louise
2557	Putnam
2558	Viv
2559	Svoboda
2560	Siegma
2561	Margolin
2562	Chaliapin
2563	Boyarchuk
2564	Kayala
2565	Grogler
2566	Kirghizia
2567	Elba
2568	Maksutov
2569	Madeline
2570	Porphyro
2571	Geisei
2572	Annschnell
2573	Hannu Olavi
2574	Ladoga
2575	Bulgaria
2576	Yesenin
2577	Litva
2578	Saint-Exupery
2579	Spartacus
2580	Smilevskia
2581	Radegast
2582	Harimaya-Bashi
2583	Fatyanov
2584	Turkmenia
2585	Irpedina
2586	Matson
2587	Gardner
2588	Flavia
2589	Daniel
2590	Mourao
2591	Dworetsky
2592	Hunan
2593	Buryatia
2594	Acamas
2595	Gudiachvili
2596	Vainu Bappu
2597	Arthur
2598	Merlin
2599	Veseli
2600	Lumme
2601	Bologna
2602	Moore
2603	Taylor
2604	Marshak
2605	Sahade
2606	Odessa
2607	Yakutia
2608	Seneca
2609	Kiril-Metodi
2610	Tuva
2611	Boyce
2612	Kathryn
2613	Plzen
2614	Torrence
2615	Saito
2616	Lesya
2617	Jiangxi
2618	Coonabarabran
2619	Skalnate Pleso
2620	Santana
2621	Goto
2622	Bolzano
2623	Zech
2624	Samitchell
2625	Jack London
2626	Belnika
2627	Churyumov
2628	Kopal
2629	Rudra
2630	Hermod
2631	Zhejiang
2632	Guizhou
2633	Bishop
2634	James Bradley
2635	Huggins
2636	Lassell
2637	Bobrovnikoff
2638	Gadolin
2639	Planman
2640	Hallstrom
2641	Lipschutz
2642	Vesale
2643	Bernhard
2644	Victor Jara
2645	Daphne Plane
2646	Abetti
2647	Sova
2648	Owa
2649	Oongaq
2650	Elinor
2651	Karen
2652	Yabuuti
2653	Principia
2654	Ristenpart
2655	Guangxi
2656	Evenkia
2657	Bashkiria
2658	Gingerich
2659	Millis
2660	Wasserman
2661	Bydzovsky
2662	Kandinsky
2663	Miltiades
2664	Everhart
2665	Schrutka
2666	Gramme
2667	Oikawa
2668	Tataria
2669	Shostakovich
2670	Chuvashia
2671	Abkhazia
2672	Pisek
2673	Lossignol
2674	Pandarus
2675	Tolkien
2676	Aarhus
2677	Joan
2678	Aavasaksa
2679	Kittisvaara
2680	Mateo
2681	Ostrovskij
2682	Soromundi
2683	Brian
2684	Douglas
2685	Masursky
2686	Linda Susan
2687	Tortali
2688	Halley
2689	Bruxelles
2690	Ristiina
2691	Sersic
2692	Chkalov
2693	Yan'an
2694	Pino Torinese
2695	Christabel
2696	Magion
2697	Albina
2698	Azerbajdzhan
2699	Kalinin
2700	Baikonur
2701	Cherson
2702	Batrakov
2703	Rodari
2704	Julian Loewe
2705	Wu
2706	Borovsky
2707	Ueferji
2708	Burns
2709	Sagan
2710	Veverka
2711	Aleksandrov
2712	Keaton
2713	Luxembourg
2714	Matti
2715	Mielikki
2716	Tuulikki
2717	Tellervo
2718	Handley
2719	Suzhou
2720	Pyotr Pervyj
2721	Vsekhsvyatskij
2722	Abalakin
2723	Gorshkov
2724	Orlov
2725	David Bender
2726	Kotelnikov
2727	Paton
2728	Yatskiv
2729	Urumqi
2730	Barks
2731	Cucula
2732	Witt
2733	Hamina
2734	Hasek
2735	Ellen
2736	Ops
2737	Kotka
2738	Viracocha
2739	Taguacipa
2740	Tsoj
2741	Valdivia
2742	Gibson
2743	Chengdu
2744	Birgitta
2745	San Martin
2746	Hissao
2747	Cesky Krumlov
2748	Patrick Gene
2749	Walterhorn
2750	Loviisa
2751	Campbell
2752	Wu Chien-Shiung
2753	Duncan
2754	Efimov
2755	Avicenna
2756	Dzhangar
2757	Crisser
2758	Cordelia
2759	Idomeneus
2760	Kacha
2761	Eddington
2762	Fowler
2763	Jeans
2764	Moeller
2765	Dinant
2766	Leeuwenhoek
2767	Takenouchi
2768	Gorky
2769	Mendeleev
2770	Tsvet
2771	Polzunov
2772	Dugan
2773	Brooks
2774	Tenojoki
2775	Odishaw
2776	Baikal
2777	Shukshin
2778	Tangshan
2779	Mary
2780	Monnig
2781	Kleczek
2782	Leonidas
2783	Chernyshevskij
2784	Domeyko
2785	Sedov
2786	Grinevia
2787	Tovarishch
2788	Andenne
2789	Foshan
2790	Needham
2791	Paradise
2792	Ponomarev
2793	Valdaj
2794	Kulik
2795	Lepage
2796	Kron
2797	Teucer
2798	Vergilius
2799	Justus
2800	Ovidius
2801	Huygens
2802	Weisell
2803	Vilho
2804	Yrjo
2805	Kalle
2806	Graz
2807	Karl Marx
2808	Belgrano
2809	Vernadskij
2810	Lev Tolstoj
2811	Stremchovi
2812	Scaltriti
2813	Zappala
2814	Vieira
2815	Soma
2816	Pien
2817	Perec
2818	Juvenalis
2819	Ensor
2820	Iisalmi
2821	Slavka
2822	Sacajawea
2823	van der Laan
2824	Franke
2825	Crosby
2826	Ahti
2827	Vellamo
2828	Iku-Turso
2829	Bobhope
2830	Greenwich
2831	Stevin
2832	Lada
2833	Radishchev
2834	Christy Carol
2835	Ryoma
2836	Sobolev
2837	Griboedov
2838	Takase
2839	Annette
2840	Kallavesi
2841	Puijo
2842	Unsold
2843	Yeti
2844	Hess
2845	Franklinken
2846	Ylppo
2847	Parvati
2848	ASP
2849	Shklovskij
2850	Mozhaiskij
2851	Harbin
2852	Declercq
2853	Harvill
2854	Rawson
2855	Bastian
2856	Roser
2857	NOT
2858	Carlosporter
2859	Paganini
2860	Pasacentennium
2861	Lambrecht
2862	Vavilov
2863	Ben Mayer
2864	Soderblom
2865	Laurel
2866	Hardy
2867	Steins
2868	Upupa
2869	Nepryadva
2870	Haupt
2871	Schober
2872	Gentelec
2873	Binzel
2874	Jim Young
2875	Lagerkvist
2876	Aeschylus
2877	Likhachev
2878	Panacea
2879	Shimizu
2880	Nihondaira
2881	Meiden
2882	Tedesco
2883	Barabashov
2884	Reddish
2885	Palva
2886	Tinkaping
2887	Krinov
2888	Hodgson
2889	Brno
2890	Vilyujsk
2891	McGetchin
2892	Filipenko
2893	Peiroos
2894	Kakhovka
2895	Memnon
2896	Preiss
2897	Ole Romer
2898	Neuvo
2899	Runrun Shaw
2900	Lubos Perek
2901	Bagehot
2902	Westerlund
2903	Zhuhai
2904	Millman
2905	Plaskett
2906	Caltech
2907	Nekrasov
2908	Shimoyama
2909	Hoshi-no-ie
2910	Yoshkar-Ola
2911	Miahelena
2912	Lapalma
2913	Horta
2914	Glarnisch
2915	Moskvina
2916	Voronveliya
2917	Sawyer Hogg
2918	Salazar
2919	Dali
2920	Automedon
2921	Sophocles
2922	Dikan'ka
2923	Schuyler
2924	Mitake-mura
2925	Beatty
2926	Caldeira
2927	Alamosa
2928	Epstein
2929	Harris
2930	Euripides
2931	Mayakovsky
2932	Kempchinsky
2933	Amber
2934	Aristophanes
2935	Naerum
2936	Nechvile
2937	Gibbs
2938	Hopi
2939	Coconino
2940	Bacon
2941	Alden
2942	Cordie
2943	Heinrich
2944	Peyo
2945	Zanstra
2946	Muchachos
2947	Kippenhahn
2948	Amosov
2949	Kaverznev
2950	Rousseau
2951	Perepadin
2952	Lilliputia
2953	Vysheslavia
2954	Delsemme
2955	Newburn
2956	Yeomans
2957	Tatsuo
2958	Arpetito
2959	Scholl
2960	Ohtaki
2961	Katsurahama
2962	Otto
2963	Chen Jiageng
2964	Jaschek
2965	Surikov
2966	Korsunia
2967	Vladisvyat
2968	Iliya
2969	Mikula
2970	Pestalozzi
2971	Mohr
2972	Niilo
2973	Paola
2974	Holden
2975	Spahr
2976	Lautaro
2977	Chivilikhin
2978	Roudebush
2979	Murmansk
2980	Cameron
2981	Chagall
2982	Muriel
2983	Poltava
2984	Chaucer
2985	Shakespeare
2986	Mrinalini
2987	Sarabhai
2988	Korhonen
2989	Imago
2990	Trimberger
2991	Bilbo
2992	Vondel
2993	Wendy
2994	Flynn
2995	Taratuta
2996	Bowman
2997	Cabrera
2998	Berendeya
2999	Dante
3000	Leonardo
3001	Michelangelo
3002	Delasalle
3003	Koncek
3004	Knud
3005	Pervictoralex
3006	Livadia
3007	Reaves
3008	Nojiri
3009	Coventry
3010	Ushakov
3011	Chongqing
3012	Minsk
3013	Dobrovoleva
3014	Huangsushu
3015	Candy
3016	Meuse
3017	Petrovic
3018	Godiva
3019	Kulin
3020	Naudts
3021	Lucubratio
3022	Dobermann
3023	Heard
3024	Hainan
3025	Higson
3026	Sarastro
3027	Shavarsh
3028	Zhangguoxi
3029	Sanders
3030	Vehrenberg
3031	Houston
3032	Evans
3033	Holbaek
3034	Climenhaga
3035	Chambers
3036	Krat
3037	Alku
3038	Bernes
3039	Yangel
3040	Kozai
3041	Webb
3042	Zelinsky
3043	San Diego
3044	Saltykov
3045	Alois
3046	Moliere
3047	Goethe
3048	Guangzhou
3049	Kuzbass
3050	Carrera
3051	Nantong
3052	Herzen
3053	Dresden
3054	Strugatskia
3055	Annapavlova
3056	INAG
3057	Malaren
3058	Delmary
3059	Pryor
3060	Delcano
3061	Cook
3062	Wren
3063	Makhaon
3064	Zimmer
3065	Sarahill
3066	McFadden
3067	Akhmatova
3068	Khanina
3069	Heyrovsky
3070	Aitken
3071	Nesterov
3072	Vilnius
3073	Kursk
3074	Popov
3075	Bornmann
3076	Garber
3077	Henderson
3078	Horrocks
3079	Schiller
3080	Moisseiev
3081	Martinuboh
3082	Dzhalil
3083	OAFA
3084	Kondratyuk
3085	Donna
3086	Kalbaugh
3087	Beatrice Tinsley
3088	Jinxiuzhonghua
3089	Oujianquan
3090	Tjossem
3091	van den Heuvel
3092	Herodotus
3093	Bergholz
3094	Chukokkala
3095	Omarkhayyam
3096	Bezruc
3097	Tacitus
3098	van Sprang
3099	Hergenrother
3100	Zimmerman
3101	Goldberger
3102	Krok
3103	Eger
3104	Durer
3105	Stumpff
3106	Morabito
3107	Weaver
3108	Lyubov
3109	Machin
3110	Wagman
3111	Misuzu
3112	Velimir
3113	Chizhevskij
3114	Ercilla
3115	Baily
3116	Goodricke
3117	Niepce
3118	Claytonsmith
3119	Dobronravin
3120	Dangrania
3121	Tamines
3122	Florence
3123	Dunham
3124	Kansas
3125	Hay
3126	Davydov
3127	Bagration
3128	Obruchev
3129	Bonestell
3130	Hillary
3131	Mason-Dixon
3132	Landgraf
3133	Sendai
3134	Kostinsky
3135	Lauer
3136	Anshan
3137	Horky
3138	Ciney
3139	Shantou
3140	Stellafane
3141	Buchar
3142	Kilopi
3143	Genecampbell
3144	Brosche
3145	Walter Adams
3146	Dato
3147	Samantha
3148	Grechko
3149	Okudzhava
3150	Tosa
3151	Talbot
3152	Jones
3153	Lincoln
3154	Grant
3155	Lee
3156	Ellington
3157	Novikov
3158	Anga
3159	Prokof'ev
3160	Angerhofer
3161	Beadell
3162	Nostalgia
3163	Randi
3164	Prast
3165	Mikawa
3166	Klondike
3167	Babcock
3168	Lomnicky Stit
3169	Ostro
3170	Dzhanibekov
3171	Wangshouguan
3172	Hirst
3173	McNaught
3174	Alcock
3175	Netto
3176	Paolicchi
3177	Chillicothe
3178	Yoshitsune
3179	Beruti
3180	Morgan
3181	Ahnert
3182	Shimanto
3183	Franzkaiser
3184	Raab
3185	Clintford
3186	Manuilova
3187	Dalian
3188	Jekabsons
3189	Penza
3190	Aposhanskij
3191	Svanetia
3192	A'Hearn
3193	Elliot
3194	Dorsey
3195	Fedchenko
3196	Maklaj
3197	Weissman
3198	Wallonia
3199	Nefertiti
3200	Phaethon
3201	Sijthoff
3202	Graff
3203	Huth
3204	Lindgren
3205	Boksenberg
3206	Wuhan
3207	Spinrad
3208	Lunn
3209	Buchwald
3210	Lupishko
3211	Louispharailda
3212	Agricola
3213	Smolensk
3214	Makarenko
3215	Lapko
3216	Harrington
3217	Seidelmann
3218	Delphine
3219	Komaki
3220	Murayama
3221	Changshi
3222	Liller
3223	Forsius
3224	Irkutsk
3225	Hoag
3226	Plinius
3227	Hasegawa
3228	Pire
3229	Solnhofen
3230	Vampilov
3231	Mila
3232	Brest
3233	Krisbarons
3234	Hergiani
3235	Melchior
3236	Strand
3237	Victorplatt
3238	Timresovia
3239	Meizhou
3240	Laocoon
3241	Yeshuhua
3242	Bakhchisaraj
3243	Skytel
3244	Petronius
3245	Jensch
3246	Bidstrup
3247	Di Martino
3248	Farinella
3249	Musashino
3250	Martebo
3251	Eratosthenes
3252	Johnny
3253	Gradie
3254	Bus
3255	Tholen
3256	Daguerre
3257	Hanzlik
3258	Somnium
3259	Brownlee
3260	Vizbor
3261	Tvardovskij
3262	Miune
3263	Bligh
3264	Bounty
3265	Fletcher
3266	Bernardus
3267	Glo
3268	De Sanctis
3269	Vibert-Douglas
3270	Dudley
3271	Ul
3272	Tillandz
3273	Drukar
3274	Maillen
3275	Oberndorfer
3276	Porta Coeli
3277	Aaronson
3278	Behounek
3279	Solon
3280	Gretry
3281	Maupertuis
3282	Spencer Jones
3283	Skorina
3284	Niebuhr
3285	Ruth Wolfe
3286	Anatoliya
3287	Olmstead
3288	Seleucus
3289	Mitani
3290	Azabu
3291	Dunlap
3292	Sather
3293	Rontaylor
3294	Carlvesely
3295	Murakami
3296	Bosque Alegre
3297	Hong Kong
3298	Massandra
3299	Hall
3300	McGlasson
3301	Jansje
3302	Schliemann
3303	Merta
3304	Pearce
3305	Ceadams
3306	Byron
3307	Athabasca
3308	Ferreri
3309	Brorfelde
3310	Patsy
3311	Podobed
3312	Pedersen
3313	Mendel
3314	Beals
3315	Chant
3316	Herzberg
3317	Paris
3318	Blixen
3319	Kibi
3320	Namba
3321	Dasha
3322	Lidiya
3323	Turgenev
3324	Avsyuk
3325	TARDIS
3326	Agafonikov
3327	Campins
3328	Interposita
3329	Golay
3330	Gantrisch
3331	Kvistaberg
3332	Raksha
3333	Schaber
3334	Somov
3335	Quanzhou
3336	Grygar
3337	Milos
3338	Richter
3339	Treshnikov
3340	Yinhai
3341	Hartmann
3342	Fivesparks
3343	Nedzel
3344	Modena
3345	Tarkovskij
3346	Gerla
3347	Konstantin
3348	Pokryshkin
3349	Manas
3350	Scobee
3351	Smith
3352	McAuliffe
3353	Jarvis
3354	McNair
3355	Onizuka
3356	Resnik
3357	Tolstikov
3358	Anikushin
3359	Purcari
3360	Syrinx
3361	Orpheus
3362	Khufu
3363	Bowen
3364	Zdenka
3365	Recogne
3366	Godel
3367	Alex
3368	Duncombe
3369	Freuchen
3370	Kohsai
3371	Giacconi
3372	Bratijchuk
3373	Koktebelia
3374	Namur
3375	Amy
3376	Armandhammer
3377	Lodewijk
3378	Susanvictoria
3379	Oishi
3380	Awaji
3381	Mikkola
3382	Cassidy
3383	Koyama
3384	Daliya
3385	Bronnina
3386	Klementinum
3387	Greenberg
3388	Tsanghinchi
3389	Sinzot
3390	Demanet
3391	Sinon
3392	Setouchi
3393	Stur
3394	Banno
3395	Jitka
3396	Muazzez
3397	Leyla
3398	Stattmayer
3399	Kobzon
3400	Aotearoa
3401	Vanphilos
3402	Wisdom
3403	Tammy
3404	Hinderer
3405	Daiwensai
3406	Omsk
3407	Jimmysimms
3408	Shalamov
3409	Abramov
3410	Vereshchagin
3411	Debetencourt
3412	Kafka
3413	Andriana
3414	Champollion
3415	Danby
3416	Dorrit
3417	Tamblyn
3418	Izvekov
3419	Guth
3420	Standish
3421	Yangchenning
3422	Reid
3423	Slouka
3424	Nusl
3425	Hurukawa
3426	Seki
3427	Szentmartoni
3428	Roberts
3429	Chuvaev
3430	Bradfield
3431	Nakano
3432	Kobuchizawa
3433	Fehrenbach
3434	Hurless
3435	Boury
3436	Ibadinov
3437	Kapitsa
3438	Inarradas
3439	Lebofsky
3440	Stampfer
3441	Pochaina
3442	Yashin
3443	Leetsungdao
3444	Stepanian
3445	Pinson
3446	Combes
3447	Burckhalter
3448	Narbut
3449	Abell
3450	Dommanget
3451	Mentor
3452	Hawke
3453	Dostoevsky
3454	Lieske
3455	Kristensen
3456	Etiennemarey
3457	Arnenordheim
3458	Boduognat
3459	Bodil
3460	Ashkova
3461	Mandelshtam
3462	Zhouguangzhao
3463	Kaokuen
3464	Owensby
3465	Trevires
3466	Ritina
3467	Bernheim
3468	Urgenta
3469	Bulgakov
3470	Yaronika
3471	Amelin
3472	Upgren
3473	Sapporo
3474	Linsley
3475	Fichte
3476	Dongguan
3477	Kazbegi
3478	Fanale
3479	Malaparte
3480	Abante
3481	Xianglupeak
3482	Lesnaya
3483	Svetlov
3484	Neugebauer
3485	Barucci
3486	Fulchignoni
3487	Edgeworth
3488	Brahic
3489	Lottie
3490	Solc
3491	Fridolin
3492	Petra-Pepi
3493	Stepanov
3494	Purple Mountain
3495	Colchagua
3496	Arieso
3497	Innanen
3498	Belton
3499	Hoppe
3500	Kobayashi
3501	Olegiya
3502	Huangpu
3503	Brandt
3504	Kholshevnikov
3505	Byrd
3506	French
3507	Vilas
3508	Pasternak
3509	Sanshui
3510	Veeder
3511	Tsvetaeva
3512	Eriepa
3513	Quqinyue
3514	Hooke
3515	Jindra
3516	Rusheva
3517	Tatianicheva
3518	Florena
3519	Ambiorix
3520	Klopsteg
3521	Comrie
3522	Becker
3523	Arina
3524	Schulz
3525	Paul
3526	Jeffbell
3527	McCord
3528	Counselman
3529	Dowling
3530	Hammel
3531	Cruikshank
3532	Tracie
3533	Toyota
3534	Sax
3535	Ditte
3536	Schleicher
3537	Jurgen
3538	Nelsonia
3539	Weimar
3540	Protesilaos
3541	Graham
3542	Tanjiazhen
3543	Ningbo
3544	Borodino
3545	Gaffey
3546	Atanasoff
3547	Serov
3548	Eurybates
3549	Hapke
3550	Link
3551	Verenia
3552	Don Quixote
3553	Mera
3554	Amun
3555	Miyasaka
3556	Lixiaohua
3557	Sokolsky
3558	Shishkin
3559	Violaumayer
3560	Chenqian
3561	Devine
3562	Ignatius
3563	Canterbury
3564	Talthybius
3565	Ojima
3566	Levitan
3567	Alvema
3568	ASCII
3569	Kumon
3570	Wuyeesun
3571	Milanstefanik
3572	Leogoldberg
3573	Holmberg
3574	Rudaux
3575	Anyuta
3576	Galina
3577	Putilin
3578	Carestia
3579	Rockholt
3580	Avery
3581	Alvarez
3582	Cyrano
3583	Burdett
3584	Aisha
3585	Goshirakawa
3586	Vasnetsov
3587	Descartes
3588	Kirik
3589	Loyola
3590	Holst
3591	Vladimirskij
3592	Nedbal
3593	Osip
3594	Scotti
3595	Gallagher
3596	Meriones
3597	Kakkuri
3598	Saucier
3599	Basov
3600	Archimedes
3601	Velikhov
3602	Lazzaro
3603	Gajdusek
3604	Berkhuijsen
3605	Davy
3606	Pohjola
3607	Naniwa
3608	Kataev
3609	Liloketai
3610	Decampos
3611	Dabu
3612	Peale
3613	Kunlun
3614	Tumilty
3615	Safronov
3616	Glazunov
3617	Eicher
3618	Kuprin
3619	Nash
3620	Platonov
3621	Curtis
3622	Ilinsky
3623	Chaplin
3624	Mironov
3625	Fracastoro
3626	Ohsaki
3627	Sayers
3628	Boznemcova
3629	Lebedinskij
3630	Lubomir
3631	Sigyn
3632	Grachevka
3633	Mira
3634	Iwan
3635	Kreutz
3636	Pajdusakova
3637	O'Meara
3638	Davis
3639	Weidenschilling
3640	Gostin
3641	Williams Bay
3642	Frieden
3643	Tienchanglin
3644	Kojitaku
3645	Fabini
3646	Aduatiques
3647	Dermott
3648	Raffinetti
3649	Guillermina
3650	Kunming
3651	Friedman
3652	Soros
3653	Klimishin
3654	AAS
3655	Eupraksia
3656	Hemingway
3657	Ermolova
3658	Feldman
3659	Bellingshausen
3660	Lazarev
3661	Dolmatovskij
3662	Dezhnev
3663	Tisserand
3664	Anneres
3665	Fitzgerald
3666	Holman
3667	Anne-Marie
3668	Ilfpetrov
3669	Vertinskij
3670	Northcott
3671	Dionysus
3672	Stevedberg
3673	Levy
3674	Erbisbuhl
3675	Kemstach
3676	Hahn
3677	Magnusson
3678	Mongmanwai
3679	Condruses
3680	Sasha
3681	Boyan
3682	Welther
3683	Baumann
3684	Berry
3685	Derdenye
3686	Antoku
3687	Dzus
3688	Navajo
3689	Yeates
3690	Larson
3691	Bede
3692	Rickman
3693	Barringer
3694	Sharon
3695	Fiala
3696	Herald
3697	Guyhurst
3698	Manning
3699	Milbourn
3700	Geowilliams
3701	Purkyne
3702	Trubetskaya
3703	Volkonskaya
3704	Gaoshiqi
3705	Hotellasilla
3706	Sinnott
3707	Schroter
3708	Socus
3709	Polypoites
3710	Bogoslovskij
3711	Ellensburg
3712	Kraft
3713	Pieters
3714	Kenrussell
3715	Stohl
3716	Petzval
3717	Thorenia
3718	Dunbar
3719	Karamzin
3720	Hokkaido
3721	Widorn
3722	Urata
3723	Voznesenskij
3724	Annenskij
3725	Valsecchi
3726	Johnadams
3727	Maxhell
3728	IRAS
3729	Yangzhou
3730	Hurban
3731	Hancock
3732	Vavra
3733	Yoshitomo
3734	Waland
3735	Trebon
3736	Rokoske
3737	Beckman
3738	Ots
3739	Rem
3740	Menge
3741	Rogerburns
3742	Sunshine
3743	Pauljaniczek
3744	Horn-d'Arturo
3745	Petaev
3746	Heyuan
3747	Belinskij
3748	Tatum
3749	Balam
3750	Ilizarov
3751	Kiang
3752	Camillo
3753	Cruithne
3754	Kathleen
3755	Lecointe
3756	Ruscannon
3757	Anagolay
3758	Karttunen
3759	Piironen
3760	Poutanen
3761	Romanskaya
3762	Amaravella
3763	Qianxuesen
3764	Holmesacourt
3765	Texereau
3766	Junepatterson
3767	DiMaggio
3768	Monroe
3769	Arthurmiller
3770	Nizami
3771	Alexejtolstoj
3772	Piaf
3773	Smithsonian
3774	Megumi
3775	Ellenbeth
3776	Vartiovuori
3777	McCauley
3778	Regge
3779	Kieffer
3780	Maury
3781	Dufek
3782	Celle
3783	Morris
3784	Chopin
3785	Kitami
3786	Yamada
3787	Aivazovskij
3788	Steyaert
3789	Zhongguo
3790	Raywilson
3791	Marci
3792	Preston
3793	Leonteus
3794	Sthenelos
3795	Nigel
3796	Lene
3797	Ching-Sung Yu
3798	de Jager
3799	Novgorod
3800	Karayusuf
3801	Thrasymedes
3802	Dornburg
3803	Tuchkova
3804	Drunina
3805	Goldreich
3806	Tremaine
3807	Pagels
3808	Tempel
3809	Amici
3810	Aoraki
3811	Karma
3812	Lidaksum
3813	Fortov
3814	Hoshi-no-mura
3815	Konig
3816	Chugainov
3817	Lencarter
3818	Gorlitsa
3819	Robinson
3820	Sauval
3821	Sonet
3822	Segovia
3823	Yorii
3824	Brendalee
3825	Nurnberg
3826	Handel
3827	Zdenekhorsky
3828	Hoshino
3829	Gunma
3830	Trelleborg
3831	Pettengill
3832	Shapiro
3833	Calingasta
3834	Zappafrank
3835	Korolenko
3836	Lem
3837	Carr
3838	Epona
3839	Bogaevskij
3840	Mimistrobell
3841	Dicicco
3842	Harlansmith
3843	OISCA
3844	Lujiaxi
3845	Neyachenko
3846	Hazel
3847	Sindel
3848	Analucia
3849	Incidentia
3850	Peltier
3851	Alhambra
3852	Glennford
3853	Haas
3854	George
3855	Pasasymphonia
3856	Lutskij
3857	Cellino
3858	Dorchester
3859	Borngen
3860	Plovdiv
3861	Lorenz
3862	Agekian
3863	Gilyarovskij
3864	Soren
3865	Lindbloom
3866	Langley
3867	Shiretoko
3868	Mendoza
3869	Norton
3870	Mayre
3871	Reiz
3872	Akirafujii
3873	Roddy
3874	Stuart
3875	Staehle
3876	Quaide
3877	Braes
3878	Jyoumon
3879	Machar
3880	Kaiserman
3881	Doumergua
3882	Johncox
3883	Verbano
3884	Alferov
3885	Bogorodskij
3886	Shcherbakovia
3887	Gerstner
3888	Hoyt
3889	Menshikov
3890	Bunin
3891	Werner
3892	Dezso
3893	DeLaeter
3894	Williamcooke
3895	Earhart
3896	Pordenone
3897	Louhi
3898	Curlewis
3899	Wichterle
3900	Knezevic
3901	Nanjingdaxue
3902	Yoritomo
3903	Kliment Ohridski
3904	Honda
3905	Doppler
3906	Chao
3907	Kilmartin
3908	Nyx
3909	Gladys
3910	Liszt
3911	Otomo
3912	Troja
3913	Chemin
3914	Kotogahama
3915	Fukushima
3916	Maeva
3917	Franz Schubert
3918	Brel
3919	Maryanning
3920	Aubignan
3921	Klement'ev
3922	Heather
3923	Radzievskij
3924	Birch
3925	Tret'yakov
3926	Ramirez
3927	Feliciaplatt
3928	Randa
3929	Carmelmaria
3930	Vasilev
3931	Batten
3932	Edshay
3933	Portugal
3934	Tove
3935	Toatenmongakkai
3936	Elst
3937	Bretagnon
3938	Chapront
3939	Huruhata
3940	Larion
3941	Haydn
3942	Churivannia
3943	Silbermann
3944	Halliday
3945	Gerasimenko
3946	Shor
3947	Swedenborg
3948	Bohr
3949	Mach
3950	Yoshida
3951	Zichichi
3952	Russellmark
3953	Perth
3954	Mendelssohn
3955	Bruckner
3956	Caspar
3957	Sugie
3958	Komendantov
3959	Irwin
3960	Chaliubieju
3961	Arthurcox
3962	Valyaev
3963	Paradzhanov
3964	Danilevskij
3965	Konopleva
3966	Cherednichenko
3967	Shekhtelia
3968	Koptelov
3969	Rossi
3970	Herran
3971	Voronikhin
3972	Richard
3973	Ogilvie
3974	Verveer
3975	Verdi
3976	Lise
3977	Maxine
3978	Klepesta
3979	Brorsen
3980	Hviezdoslav
3981	Stodola
3982	Kastel'
3983	Sakiko
3984	Chacos
3985	Raybatson
3986	Rozhkovskij
3987	Wujek
3988	Huma
3989	Odin
3990	Heimdal
3991	Basilevsky
3992	Wagner
3993	Sorm
3994	Ayashi
3995	Sakaino
3996	Fugaku
3997	Taga
3998	Tezuka
3999	Aristarchus
4000	Hipparchus
4001	Ptolemaeus
4002	Shinagawa
4003	Schumann
4004	List'ev
4005	Dyagilev
4006	Sandler
4007	Euryalos
4008	Corbin
4009	Drobyshevskij
4010	Nikol'skij
4011	Bakharev
4012	Geballe
4013	Ogiria
4014	Heizman
4015	Wilson-Harrington
4016	Sambre
4017	Disneya
4018	Bratislava
4019	Klavetter
4020	Dominique
4021	Dancey
4022	Nonna
4023	Jarnik
4024	Ronan
4025	Ridley
4026	Beet
4027	Mitton
4028	Pancratz
4029	Bridges
4030	Archenhold
4031	Mueller
4032	Chaplygin
4033	Yatsugatake
4034	Vishnu
4035	Thestor
4036	Whitehouse
4037	Ikeya
4038	Kristina
4039	Souseki
4040	Purcell
4041	Miyamotoyohko
4042	Okhotsk
4043	Perolof
4044	Erikhog
4045	Lowengrub
4046	Swain
4047	Chang'E
4048	Samwestfall
4049	Noragal'
4050	Mebailey
4051	Hatanaka
4052	Crovisier
4053	Cherkasov
4054	Turnov
4055	Magellan
4056	Timwarner
4057	Demophon
4058	Cecilgreen
4059	Balder
4060	Deipylos
4061	Martelli
4062	Schiaparelli
4063	Euforbo
4064	Marjorie
4065	Meinel
4066	Haapavesi
4067	Mikhel'son
4068	Menestheus
4069	Blakee
4070	Rozov
4071	Rostovdon
4072	Yayoi
4073	Ruianzhongxue
4074	Sharkov
4075	Sviridov
4076	Dorffel
4077	Asuka
4078	Polakis
4079	Britten
4080	Galinskij
4081	Tippett
4082	Swann
4083	Jody
4084	Hollis
4085	Weir
4086	Podalirius
4087	Part
4088	Baggesen
4089	Galbraith
4090	Risehvezd
4091	Lowe
4092	Tyr
4093	Bennett
4094	Aoshima
4095	Ishizuchisan
4096	Kushiro
4097	Tsurugisan
4098	Thraen
4099	Wiggins
4100	Sumiko
4101	Ruikou
4102	Gergana
4103	Chahine
4104	Alu
4105	Tsia
4106	Nada
4107	Rufino
4108	Rakos
4109	Anokhin
4110	Keats
4111	Lamy
4112	Hrabal
4113	Rascana
4114	Jasnorzewska
4115	Peternorton
4116	Elachi
4117	Wilke
4118	Sveta
4119	Miles
4120	Denoyelle
4121	Carlin
4122	Ferrari
4123	Tarsila
4124	Herriot
4125	Lew Allen
4126	Mashu
4127	Kyogoku
4129	Richelen
4130	Ramanujan
4131	Stasik
4132	Bartok
4133	Heureka
4134	Schutz
4135	Svetlanov
4136	Artmane
4137	Crabtree
4138	Kalchas
4139	Ul'yanin
4140	Branham
4141	Nintanlena
4142	Dersu-Uzala
4143	Huziak
4144	Vladvasil'ev
4145	Maximova
4146	Rudolfinum
4147	Lennon
4148	McCartney
4149	Harrison
4150	Starr
4151	Alanhale
4152	Weber
4153	Roburnham
4154	Rumsey
4155	Watanabe
4156	Okadanoboru
4157	Izu
4158	Santini
4159	Freeman
4160	Sabrina-John
4161	Amasis
4163	Saaremaa
4164	Shilov
4165	Didkovskij
4166	Pontryagin
4167	Riemann
4168	Millan
4169	Celsius
4170	Semmelweis
4171	Carrasco
4172	Rochefort
4173	Thicksten
4174	Pikulia
4175	Billbaum
4176	Sudek
4177	Kohman
4178	Mimeev
4179	Toutatis
4180	Anaxagoras
4181	Kivi
4182	Mount Locke
4183	Cuno
4184	Berdyayev
4185	Phystech
4186	Tamashima
4187	Shulnazaria
4188	Kitezh
4189	Sayany
4190	Kvasnica
4191	Assesse
4192	Breysacher
4193	Salanave
4194	Sweitzer
4195	Esambaev
4196	Shuya
4197	Morpheus
4198	Panthera
4199	Andreev
4200	Shizukagozen
4201	Orosz
4202	Minitti
4203	Brucato
4204	Barsig
4205	David Hughes
4206	Verulamium
4207	Chernova
4208	Kiselev
4209	Briggs
4210	Isobelthompson
4211	Rosniblett
4212	Sansyu-Asuke
4213	Njord
4214	Veralynn
4215	Kamo
4216	Neunkirchen
4217	Engelhardt
4218	Demottoni
4219	Nakamura
4220	Flood
4221	Picasso
4222	Nancita
4223	Shikoku
4224	Susa
4225	Hobart
4226	Damiaan
4227	Kaali
4228	Nemiro
4229	Plevitskaya
4230	van den Bergh
4231	Fireman
4232	Aparicio
4233	Pal'chikov
4234	Evtushenko
4235	Tatishchev
4236	Lidov
4237	Raushenbakh
4238	Audrey
4239	Goodman
4240	Grun
4241	Pappalardo
4242	Brecher
4243	Nankivell
4244	Zakharchenko
4245	Nairc
4246	Telemann
4247	Grahamsmith
4248	Ranald
4249	Kremze
4250	Perun
4251	Kavasch
4252	Godwin
4253	Marker
4254	Kamel
4255	Spacewatch
4256	Kagamigawa
4257	Ubasti
4258	Ryazanov
4259	McCoy
4260	Yanai
4261	Gekko
4262	DeVorkin
4263	Abashiri
4264	Karljosephine
4265	Kani
4266	Waltari
4267	Basner
4268	Grebenikov
4269	Bogado
4270	Juanvictoria
4271	Novosibirsk
4272	Entsuji
4273	Dunhuang
4274	Karamanov
4275	Bogustafson
4276	Clifford
4277	Holubov
4278	Harvey
4279	De Gasparis
4280	Simonenko
4281	Pounds
4282	Endate
4283	Stoffler
4284	Kaho
4285	Hulkower
4286	Rubtsov
4287	Trisov
4288	Tokyotech
4289	Biwako
4290	Heisei
4291	Kodaihasu
4292	Aoba
4293	Masumi
4294	Horatius
4295	Wisse
4296	van Woerkom
4297	Eichhorn
4298	Jorgenunez
4300	Marg Edmondson
4301	Boyden
4302	Markeev
4303	Savitskij
4304	Geichenko
4305	Clapton
4306	Dunaevskij
4307	Cherepashchuk
4308	Magarach
4309	Marvin
4310	Stromholm
4311	Zguridi
4312	Knacke
4313	Bouchet
4314	Dervan
4315	Pronik
4316	Babinkova
4317	Garibaldi
4318	Bata
4319	Jackierobinson
4320	Jarosewich
4321	Zero
4322	Billjackson
4323	Hortulus
4324	Bickel
4325	Guest
4326	McNally
4327	Ries
4328	Valina
4329	Miro
4330	Vivaldi
4331	Hubbard
4332	Milton
4333	Sinton
4334	Foo
4335	Verona
4336	Jasniewicz
4337	Arecibo
4338	Velez
4339	Almamater
4340	Dence
4341	Poseidon
4342	Freud
4343	Tetsuya
4344	Buxtehude
4345	Rachmaninoff
4346	Whitney
4347	Reger
4348	Poulydamas
4349	Tiburcio
4350	Shibecha
4351	Nobuhisa
4352	Kyoto
4353	Onizaki
4354	Euclides
4355	Memphis
4356	Marathon
4357	Korinthos
4358	Lynn
4359	Berlage
4360	Xuyi
4361	Nezhdanova
4362	Carlisle
4363	Sergej
4364	Shkodrov
4365	Ivanova
4366	Venikagan
4367	Meech
4368	Pillmore
4369	Seifert
4370	Dickens
4371	Fyodorov
4372	Quincy
4373	Crespo
4374	Tadamori
4375	Kiyomori
4376	Shigemori
4377	Koremori
4378	Voigt
4379	Snelling
4380	Geyer
4381	Uenohara
4382	Stravinsky
4383	Suruga
4384	Henrybuhl
4385	Elsasser
4386	Lust
4387	Tanaka
4388	Jurgenstock
4389	Durbin
4390	Madreteresa
4391	Balodis
4392	Agita
4393	Dawe
4394	Fritzheide
4395	Danbritt
4396	Gressmann
4397	Jalopez
4398	Chiara
4399	Ashizuri
4400	Bagryana
4401	Aditi
4402	Tsunemori
4403	Kuniharu
4404	Enirac
4405	Otava
4406	Mahler
4407	Taihaku
4408	Zlata Koruna
4409	Kissling
4410	Kamuimintara
4411	Kochibunkyo
4412	Chephren
4413	Mycerinos
4414	Sesostris
4415	Echnaton
4416	Ramses
4417	Lecar
4418	Fredfranklin
4419	Allancook
4420	Alandreev
4421	Kayor
4422	Jarre
4423	Golden
4424	Arkhipova
4425	Bilk
4426	Roerich
4427	Burnashev
4428	Khotinok
4429	Chinmoy
4430	Govorukhin
4431	Holeungholee
4432	McGraw-Hill
4433	Goldstone
4434	Nikulin
4435	Holt
4436	Ortizmoreno
4437	Yaroshenko
4438	Sykes
4439	Muroto
4440	Tchantches
4441	Toshie
4442	Garcia
4443	Paulet
4444	Escher
4445	Jimstratton
4446	Carolyn
4447	Kirov
4448	Phildavis
4449	Sobinov
4450	Pan
4451	Grieve
4452	Ullacharles
4453	Bornholm
4454	Kumiko
4455	Ruriko
4456	Mawson
4457	van Gogh
4458	Oizumi
4459	Nusamaibashi
4460	Bihoro
4461	Sayama
4462	Vaughan
4463	Marschwarzschild
4464	Vulcano
4465	Rodita
4466	Abai
4467	Kaidanovskij
4468	Pogrebetskij
4469	Utting
4470	Sergeev-Censkij
4471	Graculus
4472	Navashin
4473	Sears
4474	Proust
4475	Voitkevich
4476	Bernstein
4477	Kelley
4478	Blanco
4479	Charlieparker
4480	Nikitibotania
4481	Herbelin
4482	Frerebasile
4483	Petofi
4484	Sif
4485	Radonezhskij
4486	Mithra
4487	Pocahontas
4488	Tokitada
4489	Dracius
4490	Bambery
4491	Otaru
4492	Debussy
4493	Naitomitsu
4494	Marimo
4495	Dassanowsky
4496	Kamimachi
4497	Taguchi
4498	Shinkoyama
4499	Davidallen
4500	Pascal
4501	Eurypylos
4502	Elizabethann
4503	Cleobulus
4504	Jenkinson
4505	Okamura
4506	Hendrie
4507	Petercollins
4508	Takatsuki
4509	Gorbatskij
4510	Shawna
4511	Rembrandt
4512	Sinuhe
4513	Louvre
4514	Vilen
4515	Khrennikov
4516	Pugovkin
4517	Ralpharvey
4518	Raikin
4519	Voronezh
4520	Dovzhenko
4521	Akimov
4522	Britastra
4523	MIT
4524	Barklajdetolli
4525	Johnbauer
4526	Konko
4527	Schoenberg
4528	Berg
4529	Webern
4530	Smoluchowski
4531	Asaro
4532	Copland
4533	Orth
4534	Rimskij-Korsakov
4535	Adamcarolla
4536	Drewpinsky
4537	Valgrirasp
4538	Vishyanand
4539	Miyagino
4540	Oriani
4541	Mizuno
4542	Mossotti
4543	Phoinix
4544	Xanthus
4545	Primolevi
4546	Franck
4547	Massachusetts
4548	Wielen
4549	Burkhardt
4550	Royclarke
4551	Cochran
4552	Nabelek
4553	Doncampbell
4554	Fanynka
4555	Josefaperez
4556	Gumilyov
4557	Mika
4558	Janesick
4559	Strauss
4560	Klyuchevskij
4561	Lemeshev
4562	Poleungkuk
4563	Kahnia
4564	Clayton
4565	Grossman
4566	Chaokuangpiu
4567	Becvar
4568	Menkaure
4569	Baerbel
4570	Runcorn
4571	Grumiaux
4572	Brage
4573	Piestany
4574	Yoshinaka
4575	Broman
4576	Yanotoyohiko
4577	Chikako
4578	Kurashiki
4579	Puccini
4580	Child
4581	Asclepius
4582	Hank
4583	Lugo
4584	Akan
4585	Ainonai
4586	Gunvor
4587	Rees
4588	Wislicenus
4589	McDowell
4590	Dimashchegolev
4591	Bryantsev
4592	Alkissia
4593	Reipurth
4594	Dashkova
4595	Prinz
4597	Consolmagno
4598	Coradini
4599	Rowan
4600	Meadows
4601	Ludkewycz
4602	Heudier
4603	Bertaud
4604	Stekarstrom
4605	Nikitin
4606	Saheki
4607	Seilandfarm
4608	Wodehouse
4609	Pizarro
4610	Kajov
4611	Vulkaneifel
4612	Greenstein
4613	Mamoru
4614	Masamura
4615	Zinner
4616	Batalov
4617	Zadunaisky
4618	Shakhovskoj
4619	Polyakhova
4620	Bickley
4621	Tambov
4622	Solovjova
4623	Obraztsova
4624	Stefani
4625	Shchedrin
4626	Plisetskaya
4627	Pinomogavero
4628	Laplace
4629	Walford
4630	Chaonis
4631	Yabu
4632	Udagawa
4633	Marinbica
4634	Shibuya
4635	Rimbaud
4636	Chile
4637	Odorico
4638	Estens
4639	Minox
4640	Hara
4641	Ayako
4642	Murchie
4643	Cisneros
4644	Oumu
4645	Tentaikojo
4646	Kwee
4647	Syuji
4648	Tirion
4649	Sumoto
4650	Mori
4651	Wongkwancheng
4652	Iannini
4653	Tommaso
4654	Gor'kavyj
4655	Marjoriika
4656	Huchra
4657	Lopez
4658	Gavrilov
4659	Roddenberry
4660	Nereus
4661	Yebes
4662	Runk
4663	Falta
4664	Hanner
4665	Muinonen
4666	Dietz
4667	Robbiesh
4668	Rayjay
4669	Hoder
4670	Yoshinogawa
4671	Drtikol
4672	Takuboku
4673	Bortle
4674	Pauling
4675	Ohboke
4676	Uedaseiji
4677	Hiroshi
4678	Ninian
4679	Sybil
4680	Lohrmann
4681	Ermak
4682	Bykov
4683	Veratar
4684	Bendjoya
4685	Karetnikov
4686	Maisica
4687	Brunsandrej
4689	Donn
4690	Strasbourg
4691	Toyen
4692	SIMBAD
4693	Drummond
4694	Festou
4695	Mediolanum
4696	Arpigny
4697	Novara
4698	Jizera
4699	Sootan
4700	Carusi
4701	Milani
4702	Berounka
4703	Kagoshima
4704	Sheena
4705	Secchi
4706	Dennisreuter
4707	Khryses
4708	Polydoros
4709	Ennomos
4710	Wade
4711	Kathy
4712	Iwaizumi
4713	Steel
4714	Toyohiro
4715	Medesicaste
4716	Urey
4717	Kaneko
4718	Araki
4719	Burnaby
4720	Tottori
4721	Atahualpa
4722	Agelaos
4723	Wolfgangmattig
4724	Brocken
4725	Milone
4726	Federer
4727	Ravel
4728	Lyapidevskij
4729	Mikhailmil'
4730	Xingmingzhou
4731	Monicagrady
4732	Froeschle
4733	ORO
4734	Rameau
4735	Gary
4736	Johnwood
4737	Kiladze
4738	Jimihendrix
4739	Tomahrens
4740	Veniamina
4741	Leskov
4742	Caliumi
4743	Kikuchi
4744	Rovereto
4745	Nancymarie
4746	Doi
4747	Jujo
4748	Tokiwagozen
4749	Ledzeppelin
4750	Mukai
4751	Alicemanning
4752	Myron
4753	Phidias
4754	Panthoos
4755	Nicky
4756	Asaramas
4757	Liselotte
4758	Hermitage
4759	Aretta
4760	Jia-xiang
4761	Urrutia
4762	Dobrynya
4763	Ride
4764	Joneberhart
4765	Wasserburg
4766	Malin
4767	Sutoku
4768	Hartley
4769	Castalia
4770	Lane
4771	Hayashi
4772	Frankdrake
4773	Hayakawa
4774	Hobetsu
4775	Hansen
4776	Luyi
4777	Aksenov
4778	Fuss
4779	Whitley
4780	Polina
4781	Sladkovic
4782	Gembloux
4783	Wasson
4784	Samcarin
4785	Petrov
4786	Tatianina
4787	Shul'zhenko
4788	Simpson
4789	Sprattia
4790	Petrpravec
4791	Iphidamas
4792	Lykaon
4793	Slessor
4794	Bogard
4795	Kihara
4796	Lewis
4797	Ako
4798	Mercator
4799	Hirasawa
4800	Veveri
4801	Ohre
4802	Khatchaturian
4803	Birkle
4804	Pasteur
4805	Asteropaios
4806	Miho
4807	Noboru
4808	Ballaero
4809	Robertball
4810	Ruslanova
4811	Semashko
4812	Hakuhou
4813	Terebizh
4814	Casacci
4815	Anders
4816	Connelly
4817	Gliba
4818	Elgar
4819	Gifford
4820	Fay
4821	Bianucci
4822	Karge
4823	Libenice
4824	Stradonice
4825	Ventura
4826	Wilhelms
4827	Dares
4828	Misenus
4829	Sergestus
4830	Thomascooley
4831	Baldwin
4832	Palinurus
4833	Meges
4834	Thoas
4835	Asaeus
4836	Medon
4837	Bickerton
4838	Billmclaughlin
4839	Daisetsuzan
4840	Otaynang
4841	Manjiro
4842	Atsushi
4843	Megantic
4844	Matsuyama
4845	Tsubetsu
4846	Tuthmosis
4847	Amenhotep
4848	Tutenchamun
4849	Ardenne
4850	Palestrina
4851	Vodop'yanova
4852	Pamjones
4853	Marielukac
4854	Edscott
4855	Tenpyou
4856	Seaborg
4857	Altgamia
4858	Vorobjov
4859	Fraknoi
4860	Gubbio
4861	Nemirovskij
4862	Loke
4863	Yasutani
4864	Nimoy
4865	Sor
4866	Badillo
4867	Polites
4868	Knushevia
4869	Piotrovsky
4870	Shcherban'
4871	Riverside
4872	Grieg
4873	Fukaya
4874	Burke
4875	Ingalls
4876	Strabo
4877	Humboldt
4878	Gilhutton
4879	Zykina
4880	Tovstonogov
4881	Robmackintosh
4882	Divari
4883	Korolirina
4884	Bragaria
4885	Grange
4886	Kojima
4887	Takihiroi
4888	Doreen
4889	Praetorius
4890	Shikanosima
4891	Blaga
4892	Chrispollas
4893	Seitter
4894	Ask
4895	Embla
4896	Tomoegozen
4897	Tomhamilton
4898	Nishiizumi
4899	Candace
4900	Maymelou
4902	Thessandrus
4903	Ichikawa
4904	Makio
4905	Hiromi
4906	Seneferu
4907	Zoser
4908	Ward
4909	Couteau
4910	Kawasato
4911	Rosenzweig
4912	Emilhaury
4913	Wangxuan
4914	Pardina
4915	Solzhenitsyn
4916	Brumberg
4917	Yurilvovia
4918	Rostropovich
4919	Vishnevskaya
4920	Gromov
4921	Volonte
4922	Leshin
4923	Clarke
4924	Hiltner
4925	Zhoushan
4926	Smoktunovskij
4927	O'Connell
4928	Vermeer
4929	Yamatai
4930	Rephiltim
4931	Tomsk
4932	Texstapa
4933	Tylerlinder
4934	Rhoneranger
4935	Maslachkova
4936	Butakov
4937	Lintott
4938	Papadopoulos
4939	Scovil
4940	Polenov
4941	Yahagi
4942	Munroe
4943	Lac d'Orient
4944	Kozlovskij
4945	Ikenozenni
4946	Askalaphus
4947	Ninkasi
4948	Hideonishimura
4949	Akasofu
4950	House
4951	Iwamoto
4952	Kibeshigemaro
4954	Eric
4955	Gold
4956	Noymer
4957	Brucemurray
4958	Wellnitz
4959	Niinoama
4960	Mayo
4961	Timherder
4962	Vecherka
4963	Kanroku
4964	Kourovka
4965	Takeda
4966	Edolsen
4967	Glia
4968	Suzamur
4969	Lawrence
4970	Druyan
4971	Hoshinohiroba
4972	Pachelbel
4973	Showa
4974	Elford
4975	Dohmoto
4976	Choukyongchol
4977	Rauthgundis
4978	Seitz
4979	Otawara
4980	Magomaev
4981	Sinyavskaya
4982	Bartini
4983	Schroeteria
4984	Patrickmiller
4985	Fitzsimmons
4986	Osipovia
4987	Flamsteed
4988	Chushuho
4989	Joegoldstein
4990	Trombka
4991	Hansuess
4992	Kalman
4993	Cossard
4994	Kisala
4995	Griffin
4996	Veisberg
4997	Ksana
4998	Kabashima
4999	MPC
5002	Marnix
5003	Silvanominuto
5004	Bruch
5005	Kegler
5006	Teller
5007	Keay
5008	Miyazawakenji
5009	Sethos
5010	Amenemhet
5011	Ptah
5012	Eurymedon
5013	Suzhousanzhong
5014	Gorchakov
5015	Litke
5016	Migirenko
5017	Tenchi
5018	Tenmu
5019	Erfjord
5020	Asimov
5021	Krylania
5022	Roccapalumba
5023	Agapenor
5024	Bechmann
5025	Mecisteus
5026	Martes
5027	Androgeos
5028	Halaesus
5029	Ireland
5030	Gyldenkerne
5031	Svejcar
5032	Conradhirsh
5033	Mistral
5034	Joeharrington
5035	Swift
5036	Tuttle
5037	Habing
5038	Overbeek
5039	Rosenkavalier
5040	Rabinowitz
5041	Theotes
5042	Colpa
5043	Zadornov
5044	Shestaka
5045	Hoyin
5046	Carletonmoore
5047	Zanda
5048	Moriarty
5049	Sherlock
5050	Doctorwatson
5051	Ralph
5052	Nancyruth
5053	Chladni
5054	Keil
5055	Opekushin
5056	Rahua
5057	Weeks
5058	Tarrega
5059	Saroma
5060	Yoneta
5061	McIntosh
5062	Glennmiller
5063	Monteverdi
5064	Tanchozuru
5065	Johnstone
5066	Garradd
5067	Occidental
5068	Cragg
5069	Tokeidai
5070	Arai
5071	Schoenmaker
5072	Hioki
5073	Junttura
5074	Goetzoertel
5075	Goryachev
5076	Lebedev-Kumach
5077	Favaloro
5078	Solovjev-Sedoj
5079	Brubeck
5080	Oja
5081	Sanguin
5082	Nihonsyoki
5083	Irinara
5084	Gnedin
5085	Hippocrene
5086	Demin
5087	Emel'yanov
5088	Tancredi
5089	Nadherna
5090	Wyeth
5091	Isakovskij
5092	Manara
5093	Svirelia
5094	Seryozha
5095	Escalante
5096	Luzin
5097	Axford
5098	Tomsolomon
5099	Iainbanks
5100	Pasachoff
5101	Akhmerov
5102	Benfranklin
5103	Divis
5104	Skripnichenko
5105	Westerhout
5106	Mortensen
5107	Laurenbacall
5108	Lubeck
5109	Robertmiller
5110	Belgirate
5111	Jacliff
5112	Kusaji
5113	Kohno
5114	Yezo
5115	Frimout
5116	Korsor
5117	Mokotoyama
5118	Elnapoul
5119	Imbrius
5120	Bitias
5121	Numazawa
5122	Mucha
5123	Cynus
5124	Muraoka
5125	Okushiri
5126	Achaemenides
5127	Bruhns
5128	Wakabayashi
5129	Groom
5130	Ilioneus
5132	Maynard
5133	Phillipadams
5134	Ebilson
5135	Nibutani
5136	Baggaley
5137	Frevert
5138	Gyoda
5139	Rumoi
5140	Kida
5141	Tachibana
5142	Okutama
5143	Heracles
5144	Achates
5145	Pholus
5146	Moiwa
5147	Maruyama
5148	Giordano
5149	Leibniz
5150	Fellini
5151	Weerstra
5152	Labs
5153	Gierasch
5154	Leonov
5155	Denisyuk
5156	Golant
5157	Hindemith
5158	Ogarev
5159	Burbine
5160	Camoes
5161	Wightman
5162	Piemonte
5163	Vollmayr-Lee
5164	Mullo
5165	Videnom
5166	Olson
5167	Joeharms
5168	Jenner
5169	Duffell
5170	Sissons
5171	Augustesen
5172	Yoshiyuki
5173	Stjerneborg
5174	Okugi
5175	Ables
5176	Yoichi
5177	Hugowolf
5178	Pattazhy
5179	Takeshima
5180	Ohno
5181	SURF
5182	Bray
5183	Robyn
5184	Cavaille-Coll
5185	Alerossi
5186	Donalu
5187	Domon
5188	Paine
5190	Fry
5191	Paddack
5192	Yabuki
5193	Tanakawataru
5194	Bottger
5195	Kaendler
5196	Bustelli
5197	Rottmann
5198	Fongyunwah
5199	Dortmund
5200	Pamal
5201	Ferraz-Mello
5202	Charleseliot
5203	Pavarotti
5204	Herakleitos
5205	Servian
5206	Kodomonomori
5207	Hearnshaw
5208	Royer
5209	Oloosson
5210	Saint-Saens
5211	Stevenson
5212	Celiacruz
5213	Takahashi
5214	Oozora
5215	Tsurui
5216	Cannizzo
5217	Chaozhou
5218	Kutsak
5219	Zemka
5220	Vika
5221	Fabribudweis
5222	Ioffe
5223	McSween
5224	Abbe
5225	Loral
5226	Pollack
5227	Bocacara
5228	Maca
5229	Irurita
5230	Asahina
5231	Verne
5232	Jordaens
5233	Nastes
5234	Sechenov
5235	Jean-Loup
5236	Yoko
5237	Yoshikawa
5238	Naozane
5239	Reiki
5240	Kwasan
5241	Beeson
5242	Kenreimonin
5243	Clasien
5244	Amphilochos
5245	Maslyakov
5246	Migliorini
5247	Krylov
5248	Scardia
5249	Giza
5250	Jas
5251	Bradwood
5252	Vikrymov
5253	Fredclifford
5254	Ulysses
5255	Johnsophie
5256	Farquhar
5257	Laogonus
5258	Rhoeo
5259	Epeigeus
5260	Philveron
5261	Eureka
5262	Brucegoldberg
5263	Arrius
5264	Telephus
5265	Schadow
5266	Rauch
5267	Zegmott
5268	Cernohorsky
5269	Paustovskij
5270	Kakabadze
5271	Kaylamaya
5272	Dickinson
5273	Peilisheng
5274	Degewij
5275	Zdislava
5276	Gulkis
5277	Brisbane
5278	Polly
5279	Arthuradel
5280	Andrewbecker
5281	Lindstrom
5282	Yamatotakeru
5283	Pyrrhus
5284	Orsilocus
5285	Krethon
5286	Haruomukai
5287	Heishu
5288	Nankichi
5289	Niemela
5290	Langevin
5291	Yuuko
5292	Mackwell
5293	Bentengahama
5294	Onnetoh
5295	Masayo
5296	Friedrich
5297	Schinkel
5298	Paraskevopoulos
5299	Bittesini
5300	Sats
5301	Novobranets
5302	Romanoserra
5303	Parijskij
5304	Bazhenov
5305	Bernievolz
5306	Fangfen
5307	Paul-Andre
5308	Hutchison
5309	MacPherson
5310	Papike
5311	Rutherford
5312	Schott
5313	Nunes
5314	Wilkickia
5315	Bal'mont
5316	Filatov
5317	Verolacqua
5318	Dientzenhofer
5319	Petrovskaya
5320	Lisbeth
5321	Jagras
5322	Ghaffari
5323	Fogh
5324	Lyapunov
5325	Silver
5326	Vittoriosacco
5327	Gertwilkens
5328	Nisiyamakoiti
5329	Decaro
5330	Senrikyu
5331	Erimomisaki
5332	Davidaguilar
5333	Kanaya
5334	Mishima
5335	Damocles
5336	Kley
5337	Aoki
5338	Michelblanc
5339	Desmars
5340	Burton
5341	Purgathofer
5342	Le Poole
5343	Ryzhov
5344	Ryabov
5345	Boynton
5346	Benedetti
5347	Orestelesca
5348	Kennoguchi
5349	Paulharris
5350	Epetersen
5351	Diderot
5352	Fujita
5353	Baillie
5354	Hisayo
5355	Akihiro
5356	Neagari
5357	Sekiguchi
5358	Meineko
5359	Markzakharov
5360	Rozhdestvenskij
5361	Goncharov
5362	Johnyoung
5363	Kupka
5364	Christophschafer
5365	Fievez
5366	Rhianjones
5367	Sollenberger
5368	Vitagliano
5369	Virgiugum
5370	Taranis
5371	Albertoaccomazzi
5372	Bikki
5373	Michaelkurtz
5374	Hokutosei
5375	Siedentopf
5376	Maruthiakella
5377	Komori
5378	Ellyett
5379	Abehiroshi
5380	Sprigg
5381	Sekhmet
5382	McKay
5383	Leavitt
5384	Changjiangcun
5385	Kamenka
5386	Bajaja
5387	Casleo
5388	Mottola
5389	Choikaiyau
5390	Huichiming
5391	Emmons
5392	Parker
5393	Goldstein
5394	Jurgens
5395	Shosasaki
5396	Kathleenhowell
5397	Vojislava
5398	Jennifergannon
5399	Awa
5400	Anniewalker
5401	Minamioda
5402	Kejosmith
5403	Takachiho
5404	Uemura
5405	Neverland
5406	Jonjoseph
5408	The
5409	Saale
5410	Spivakov
5411	Liia
5412	Rou
5413	Smyslov
5414	Sokolov
5415	Lyanzuridi
5416	Estremadoyro
5417	Solovaya
5418	Joyce
5419	Benua
5420	Jancis
5421	Ulanova
5422	Hodgkin
5423	Horahorejs
5424	Covington
5425	Vojtech
5426	Sharp
5427	Jensmartin
5430	Luu
5431	Maxinehelin
5432	Imakiire
5433	Kairen
5434	Tomwhitney
5435	Kameoka
5436	Eumelos
5438	Lorre
5439	Couturier
5440	Terao
5441	Andymurray
5442	Drossart
5443	Encrenaz
5444	Gautier
5445	Williwaw
5446	Heyler
5447	Lallement
5448	Siebold
5450	Sokrates
5451	Plato
5453	Zakharchenya
5454	Kojiki
5455	Surkov
5456	Merman
5457	Queen's
5458	Aizman
5459	Saraburger
5460	Tsenaat'a'i
5461	Autumn
5463	Danwelcher
5464	Weller
5465	Chumakov
5466	Makibi
5468	Hamatonbetsu
5470	Kurtlindstrom
5471	Tunguska
5473	Yamanashi
5474	Gingasen
5475	Hanskennedy
5476	Mulius
5477	Holmes
5478	Wartburg
5479	Grahamryder
5481	Kiuchi
5482	Korankei
5483	Cherkashin
5484	Inoda
5485	Kaula
5488	Kiyosato
5489	Oberkochen
5490	Burbidge
5491	Kaulbach
5492	Thoma
5493	Spitzweg
5494	Johanmohr
5495	Rumyantsev
5497	Sararussell
5498	Gustafsson
5500	Twilley
5502	Brashear
5504	Lanzerotti
5505	Rundetaarn
5506	Artiglio
5507	Niijima
5508	Gomyou
5509	Rennsteig
5511	Cloanthus
5513	Yukio
5514	Karelraska
5515	Naderi
5516	Jawilliamson
5517	Johnerogers
5518	Mariobotta
5519	Lellouch
5520	Natori
5521	Morpurgo
5522	De Rop
5523	Luminet
5524	Lecacheux
5526	Kenzo
5529	Perry
5530	Eisinga
5531	Carolientje
5532	Ichinohe
5533	Bagrov
5535	Annefrank
5536	Honeycutt
5537	Sanya
5538	Luichewoo
5539	Limporyen
5540	Smirnova
5541	Seimei
5542	Moffatt
5543	Sharaf
5544	Kazakov
5545	Makarov
5546	Salavat
5547	Acadiau
5548	Thosharriot
5549	Bobstefanik
5551	Glikson
5552	Studnicka
5553	Chodas
5554	Keesey
5555	Wimberly
5557	Chimikeppuko
5558	Johnnapier
5559	Beategordon
5560	Amytis
5561	Iguchi
5562	Sumi
5563	Yuuri
5564	Hikari
5565	Ukyounodaibu
5567	Durisen
5568	Mufson
5569	Colby
5570	Kirsan
5571	Lesliegreen
5572	Bliskunov
5573	Hilarydownes
5574	Seagrave
5575	Ryanpark
5576	Albanese
5577	Priestley
5578	Takakura
5579	Uhlherr
5580	Sharidake
5581	Mitsuko
5583	Braunerova
5584	Izenberg
5585	Parks
5588	Jennabelle
5589	De Meis
5591	Koyo
5592	Oshima
5593	Jonsujatha
5594	Jimmiller
5595	Roth
5596	Morbidelli
5597	Warren
5598	Carlmurray
5603	Rausudake
5605	Kushida
5606	Muramatsu
5608	Olmos
5609	Stroncone
5610	Balster
5612	Nevskij
5613	Donskoj
5614	Yakovlev
5615	Iskander
5616	Vogtland
5617	Emelyanenko
5618	Saitama
5619	Shair
5620	Jasonwheeler
5621	Erb
5622	Percyjulian
5623	Iwamori
5624	Shirley
5625	Jamesferguson
5626	Melissabrucker
5627	Short
5628	Preussen
5629	Kuwana
5630	Billschaefer
5631	Sekihokutouge
5632	Ingelehmann
5634	Victorborge
5635	Cole
5636	Jacobson
5637	Gyas
5638	Deikoon
5639	Cuk
5640	Yoshino
5641	McCleese
5642	Bobbywilliams
5643	Roques
5644	Maureenbell
5647	Sarojininaidu
5648	Axius
5649	Donnashirley
5650	Mochihito-o
5651	Traversa
5652	Amphimachus
5653	Camarillo
5654	Terni
5655	Barney
5656	Oldfield
5657	Groombridge
5658	Clausbaader
5659	Vergara
5661	Hildebrand
5662	Wendycalvin
5663	McKeegan
5664	Eugster
5665	Begemann
5666	Rabelais
5667	Nakhimovskaya
5668	Foucault
5670	Rosstaylor
5671	Chanal
5672	Libby
5673	McAllister
5674	Wolff
5675	Evgenilebedev
5676	Voltaire
5677	Aberdonia
5678	DuBridge
5679	Akkado
5680	Nasmyth
5681	Bakulev
5682	Beresford
5683	Bifukumonin
5684	Kogo
5685	Sanenobufukui
5686	Chiyonoura
5687	Yamamotoshinobu
5688	Kleewyck
5689	Rhon
5691	Fredwatson
5692	Shirao
5694	Berenyi
5695	Remillieux
5696	Ibsen
5697	Arrhenius
5698	Nolde
5699	Munch
5700	Homerus
5701	Baltuck
5702	Morando
5703	Hevelius
5704	Schumacher
5705	Ericsterken
5706	Finkelstein
5707	Shevchenko
5708	Melancholia
5709	Tamyeunleung
5710	Silentium
5711	Eneev
5712	Funke
5714	Krasinsky
5715	Kramer
5716	Pickard
5717	Damir
5718	Roykerr
5719	Krizik
5720	Halweaver
5722	Johnscherrer
5723	Hudson
5725	Nordlingen
5726	Rubin
5727	Pierobenvenuti
5728	Umbertobenvenuti
5730	Yonosuke
5731	Zeus
5734	Noguchi
5735	Loripaul
5736	Sanford
5737	Itoh
5738	Billpickering
5739	Robertburns
5740	Toutoumi
5741	Akanemaruta
5743	Kato
5744	Yorimasa
5747	Williamina
5748	Davebrin
5749	Urduja
5750	Kandatai
5751	Zao
5753	Yoshidatadahiko
5756	Wassenbergh
5757	Ticha
5758	Brunini
5759	Zoshchenko
5760	Mittlefehldt
5761	Andreivanov
5762	Wanke
5763	Williamtobin
5765	Izett
5766	Carmelofalco
5767	Moldun
5768	Pittich
5769	Michard
5770	Aricam
5771	Somerville
5772	Johnlambert
5773	Hopper
5774	Ratliff
5775	Inuyama
5777	Hanaki
5778	Jurafrance
5779	Schupmann
5780	Lafontaine
5781	Barkhatova
5782	Akirafujiwara
5783	Kumagaya
5784	Yoron
5785	Fulton
5786	Talos
5789	Sellin
5790	Nagasaki
5791	Comello
5792	Unstrut
5793	Ringuelet
5794	Irmina
5795	Roshchina
5796	Klemm
5797	Bivoj
5798	Burnett
5799	Brewington
5800	Pollock
5801	Vasarely
5802	Casteldelpiano
5803	Otzi
5804	Bambinidipraga
5805	Glasgow
5806	Archieroy
5807	Mshatka
5808	Babel'
5809	Kulibin
5811	Keck
5812	Jayewinkler
5813	Eizaburo
5815	Shinsengumi
5816	Potsdam
5817	Robertfrazer
5819	Lauretta
5820	Babelsberg
5821	Yukiomaeda
5822	Masakichi
5823	Oryo
5824	Inagaki
5825	Rakuyou
5826	Bradstreet
5827	Letunov
5829	Ishidagoro
5830	Simohiro
5831	Dizzy
5832	Martaprincipe
5833	Peterson
5834	Kasai
5835	Mainfranken
5837	Hedin
5838	Hamsun
5839	GOI
5840	Raybrown
5841	Stone
5842	Cancelli
5844	Chlupac
5845	Davidbrewster
5846	Hessen
5847	Wakiya
5848	Harutoriko
5849	Bhanji
5850	Masaharu
5851	Inagawa
5852	Nanette
5855	Yukitsuna
5856	Peluk
5857	Neglinka
5858	Borovitskia
5859	Ostozhenka
5860	Deankoontz
5861	Glynjones
5862	Sakanoue
5863	Tara
5864	Montgolfier
5865	Qualytemocrina
5866	Sachsen
5868	Ohta
5869	Tanith
5870	Baltimore
5871	Bobbell
5872	Sugano
5873	Archilochos
5875	Kuga
5877	Toshimaihara
5878	Charlene
5879	Almeria
5881	Akashi
5883	Josephblack
5884	Dolezal
5885	Apeldoorn
5886	Rutger
5887	Yauza
5888	Ruders
5889	Mickiewicz
5890	Carlsberg
5891	Gehrig
5892	Milesdavis
5893	Coltrane
5894	Telc
5895	Zbirka
5896	Narrenschiff
5897	Novotna
5899	Jedicke
5900	Jensen
5902	Talima
5904	Wurttemberg
5905	Johnson
5907	Rhigmus
5908	Aichi
5909	Nagoya
5910	Zatopek
5912	Oyatoshiyuki
5914	Kathywhaler
5915	Yoshihiro
5916	van der Woude
5917	Chibasai
5919	Patrickmartin
5920	Davidbell
5922	Shouichi
5923	Liedeke
5924	Teruo
5926	Schonfeld
5927	Krogh
5928	Pindarus
5929	Manzano
5930	Zhiganov
5931	Zhvanetskij
5932	Prutkov
5933	Kemurdzhian
5934	Mats
5935	Ostankino
5936	Khadzhinov
5937	Loden
5938	Keller
5939	Toshimayeda
5940	Feliksobolev
5941	Valencia
5942	Denzilrobert
5943	Lovi
5944	Utesov
5945	Roachapproach
5946	Hrozny
5947	Bonnie
5948	Longo
5950	Leukippos
5951	Alicemonet
5952	Davemonet
5953	Shelton
5954	Epikouros
5955	Khromchenko
5957	Irina
5958	Barrande
5959	Shaklan
5960	Wakkanai
5961	Watt
5962	Shikokutenkyo
5963	Terryalfriend
5964	Johnjunkins
5965	Meisel
5966	Tomeko
5967	Edithlevy
5968	Trauger
5969	Ryuichiro
5970	Ohdohrikouen
5971	Tickell
5972	Harryatkinson
5973	Takimoto
5975	Otakemayumi
5976	Kalatajean
5978	Kaminokuni
5981	Kresilas
5982	Polykletus
5983	Praxiteles
5984	Lysippus
5986	Xenophon
5987	Liviogratton
5988	Gorodnitskij
5989	Sorin
5990	Panticapaeon
5991	Ivavladis
5992	Nittler
5993	Tammydickinson
5994	Yakubovich
5995	Saint-Aignan
5996	Julioangel
5997	Dirac
5998	Sitensky
5999	Plescia
6000	United Nations
6001	Thales
6002	Eetion
6006	Anaximandros
6007	Billevans
6009	Yuzuruyoshii
6010	Lyzenga
6011	Tozzi
6012	Williammurdoch
6013	Andanike
6014	Chribrenmark
6015	Paularego
6016	Carnelli
6017	Robertmorehead
6018	Pierssac
6019	Telford
6020	Miyamoto
6022	Jyuro
6023	Tsuyashima
6024	Ochanomizu
6025	Naotosato
6026	Xenophanes
6027	Waratah
6029	Edithrand
6030	Zolensky
6031	Ryokan
6032	Nobel
6033	Southwood
6035	Citlaltepetl
6036	Weinberg
6039	Parmenides
6041	Juterkilian
6042	Cheshirecat
6043	Aurochs
6044	Hammer-Purgstall
6049	Toda
6050	Miwablock
6051	Anaximenes
6052	Junichi
6054	Ghiberti
6055	Brunelleschi
6056	Donatello
6057	Robbia
6058	Carlnielsen
6059	Diefenbach
6060	Doudleby
6062	Vespa
6063	Jason
6064	Holasovice
6065	Chesneau
6066	Hendricks
6067	Donutil
6068	Brandenburg
6069	Cevolani
6070	Rheinland
6071	Sakitama
6072	Hooghoudt
6073	Tahtiseuraursa
6074	Bechtereva
6075	Zajtsev
6076	Plavec
6077	Messner
6078	Burt
6079	Gerokurat
6080	Lugmair
6081	Cloutis
6082	Timiryazev
6083	Janeirabloom
6084	Bascom
6085	Fraethi
6086	Vrchlicky
6087	Lupo
6088	Hoshigakubo
6089	Izumi
6090	Aulis
6091	Mitsuru
6092	Johnmason
6093	Makoto
6094	Hisako
6097	Koishikawa
6098	Mutojunkyu
6099	Saarland
6100	Kunitomoikkansai
6101	Tomoki
6102	Visby
6104	Takao
6105	Verrocchio
6106	Stoss
6107	Osterbrock
6108	Glebov
6109	Balseiro
6110	Kazak
6111	Davemckay
6112	Ludolfschultz
6113	Tsap
6114	Dalla-Degregori
6115	Martinduncan
6116	Still
6117	Brevardastro
6118	Mayuboshi
6119	Hjorth
6120	Anhalt
6121	Plachinda
6122	Henrard
6123	Aristoteles
6124	Mecklenburg
6125	Singto
6126	Hubelmatt
6127	Hetherington
6128	Lasorda
6129	Demokritos
6130	Hutton
6131	Towen
6132	Danielson
6133	Royaldutchastro
6134	Kamagari
6135	Billowen
6136	Gryphon
6137	Johnfletcher
6138	Miguelhernandez
6139	Naomi
6140	Kubokawa
6141	Durda
6142	Tantawi
6143	Pythagoras
6144	Kondojiro
6145	Riemenschneider
6146	Adamkrafft
6147	Straub
6148	Ignazgunther
6149	Pelcak
6150	Neukum
6151	Viget
6152	Empedocles
6153	Hershey
6154	Stevesynnott
6155	Yokosugano
6156	Dall
6157	Prey
6158	Shosanbetsu
6159	Andreseloy
6160	Minakata
6161	Vojno-Yasenetsky
6162	Prokhorov
6163	Reimers
6164	Gerhardmuller
6165	Frolova
6166	Univsima
6167	Narmanskij
6168	Isnello
6169	Sashakrot
6170	Levasseur
6171	Uttorp
6172	Prokofeana
6173	Jimwestphal
6174	Polybius
6175	Cori
6176	Horrigan
6177	Fecamp
6179	Brett
6180	Bystritskaya
6181	Bobweber
6182	Katygord
6183	Viscome
6184	Nordlund
6185	Mitsuma
6186	Zenon
6187	Kagura
6188	Robertpepin
6189	Volk
6190	Rennes
6191	Eades
6192	Javiergorosabel
6193	Manabe
6194	Denali
6195	Nukariya
6196	Bernardbowen
6197	Taracho
6198	Shirakawa
6199	Yoshiokayayoi
6200	Hachinohe
6201	Ichiroshimizu
6202	Georgemiley
6203	Lyubamoroz
6204	MacKenzie
6205	Menottigalli
6206	Corradolamberti
6207	Bourvil
6208	Wakata
6209	Schwaben
6210	Hyunseop
6211	Tsubame
6212	Franzthaler
6213	Zwiers
6214	Mikhailgrinev
6215	Mehdia
6216	San Jose
6217	Kodai
6218	Mizushima
6219	Demalia
6220	Stepanmakarov
6221	Ducentesima
6223	Dahl
6224	El Goresy
6225	Hiroko
6226	Paulwarren
6227	Alanrubin
6228	Yonezawa
6229	Tursachan
6230	Fram
6231	Hundertwasser
6232	Zubitskia
6233	Kimura
6234	Sheilawolfman
6235	Burney
6236	Mallard
6237	Chikushi
6238	Septimaclark
6239	Minos
6240	Lucretius Carus
6241	Galante
6243	Yoder
6244	Okamoto
6245	Ikufumi
6246	Komurotoru
6247	Amanogawa
6248	Bardon
6249	Jennifer
6250	Saekohayashi
6251	Setsuko
6252	Montevideo
6255	Kuma
6256	Canova
6257	Thorvaldsen
6258	Rodin
6259	Maillol
6260	Kelsey
6261	Chione
6262	Javid
6263	Druckmuller
6266	Letzel
6267	Rozhen
6268	Versailles
6269	Kawasaki
6270	Kabukuri
6271	Farmer
6273	Kiruna
6274	Taizaburo
6275	Kiryu
6276	Kurohone
6277	Siok
6278	Ametkhan
6280	Sicardy
6281	Strnad
6282	Edwelda
6283	Menghuazhu
6284	Borisivanov
6285	Ingram
6287	Lenham
6288	Fouts
6289	Lanusei
6291	Renzetti
6293	Oberpfalz
6294	Czerny
6295	Schmoll
6296	Cleveland
6298	Sawaoka
6299	Reizoutoyoko
6300	Hosamu
6301	Bohumilruprecht
6302	Tengukogen
6304	Josephus Flavius
6305	Helgoland
6306	Nishimura
6307	Maiztegui
6308	Ebisuzaki
6309	Elsschot
6310	Jankonke
6311	Porubcan
6312	Robheinlein
6313	Tsurutani
6314	Reigber
6315	Barabash
6316	Mendez
6317	Dreyfus
6318	Cronkite
6319	Beregovoj
6320	Bremen
6321	Namuratakao
6323	Karoji
6324	Kejonuma
6326	Idamiyoshi
6327	Tijn
6329	Hikonejyo
6330	Koen
6332	Vorarlberg
6333	Helenejacq
6334	Robleonard
6335	Nicolerappaport
6336	Dodo
6337	Shiota
6338	Isaosato
6339	Giliberti
6340	Kathmandu
6345	Hideo
6346	Syukumeguri
6349	Acapulco
6350	Schluter
6351	Neumann
6352	Schlaun
6353	Semper
6354	Vangelis
6355	Univermoscow
6356	Tairov
6357	Glushko
6358	Chertok
6359	Dubinin
6361	Koppel
6362	Tunis
6363	Doggett
6364	Casarini
6365	Nickschneider
6366	Rainerwieler
6368	Richardmenendez
6370	Malpais
6371	Heinlein
6372	Walker
6373	Stern
6374	Beslan
6375	Fredharris
6376	Schamp
6377	Cagney
6379	Vrba
6380	Gardel
6381	Toyama
6383	Tokushima
6384	Kervin
6385	Martindavid
6386	Keithnoll
6389	Ogawa
6390	Hirabayashi
6391	Africano
6392	Takashimizuno
6395	Hilliard
6396	Schleswig
6398	Timhunter
6399	Harada
6400	Georgealexander
6401	Rontgen
6402	Holstein
6403	Steverin
6404	Vanavara
6405	Komiyama
6406	Mikejura
6408	Saijo
6410	Fujiwara
6411	Tamaga
6412	Kaifu
6413	Iye
6414	Mizunuma
6416	Nyukasayama
6417	Liberati
6418	Hanamigahara
6419	Susono
6420	Riheijyaya
6422	Akagi
6423	Harunasan
6424	Ando
6426	Vanysek
6428	Barlach
6429	Brancusi
6432	Temirkanov
6433	Enya
6434	Jewitt
6435	Daveross
6436	Coco
6437	Stroganov
6438	Suarez
6439	Tirol
6440	Ransome
6441	Milenajesenska
6442	Salzburg
6443	Harpalion
6444	Ryuzin
6445	Bellmore
6446	Lomberg
6447	Terrycole
6449	Kudara
6450	Masahikohayashi
6451	Karnten
6452	Johneuller
6456	Golombek
6457	Kremsmunster
6458	Nouda
6459	Hidesan
6460	Bassano
6461	Adam
6462	Myougi
6463	Isoda
6464	Kaburaki
6465	Zvezdotchet
6466	Drewesquivel
6467	Prilepina
6468	Welzenbach
6469	Armstrong
6470	Aldrin
6471	Collins
6472	Rosema
6473	Winkler
6474	Choate
6475	Refugium
6478	Gault
6479	Leoconnolly
6480	Scarlatti
6481	Tenzing
6482	Steiermark
6483	Nikolajvasil'ev
6484	Barthibbs
6485	Wendeesther
6486	Anitahill
6487	Tonyspear
6488	Drebach
6489	Golevka
6493	Cathybennett
6496	Kazuko
6497	Yamasaki
6498	Ko
6499	Michiko
6500	Kodaira
6501	Isonzo
6504	Lehmbruck
6505	Muzzio
6506	Klausheide
6508	Rolcik
6509	Giovannipratesi
6510	Tarry
6511	Furmanov
6512	de Bergh
6514	Torahiko
6515	Giannigalli
6516	Gruss
6517	Buzzi
6518	Vernon
6519	Giono
6520	Sugawa
6521	Pina
6522	Aci
6523	Clube
6524	Baalke
6525	Ocastron
6526	Matogawa
6527	Takashiito
6528	Boden
6529	Rhoads
6530	Adry
6531	Subashiri
6532	Scarfe
6533	Giuseppina
6534	Carriepeterson
6535	Archipenko
6536	Vysochinska
6537	Adamovich
6538	Muraviov
6539	Nohavica
6540	Stepling
6541	Yuan
6542	Jacquescousteau
6543	Senna
6544	Stevendick
6545	Leitus
6546	Kaye
6547	Vasilkarazin
6548	Maxalexander
6549	Skryabin
6550	Parler
6552	Higginson
6553	Seehaus
6554	Takatsuguyoshida
6556	Arcimboldo
6557	Yokonomura
6558	Norizuki
6559	Nomura
6560	Pravdo
6561	Gruppetta
6562	Takoyaki
6563	Steinheim
6564	Asher
6565	Reiji
6566	Shafter
6567	Shigemasa
6568	Serendip
6569	Ondaatje
6570	Tomohiro
6571	Sigmund
6572	Carson
6573	Magnitskij
6574	Gvishiani
6575	Slavov
6576	Kievtech
6577	Torbenwolff
6578	Zapesotskij
6579	Benedix
6580	Philbland
6581	Sobers
6582	Flagsymphony
6583	Destinn
6584	Ludekpesek
6585	O'Keefe
6586	Seydler
6587	Brassens
6589	Jankovich
6590	Barolo
6591	Sabinin
6592	Goya
6594	Tasman
6595	Munizbarreto
6596	Bittner
6597	Kreil
6598	Modugno
6599	Tsuko
6600	Qwerty
6601	Schmeer
6602	Gilclark
6603	Marycragg
6604	Ilias
6605	Carmontelle
6606	Makino
6607	Matsushima
6608	Davidecrespi
6610	Burwitz
6612	Hachioji
6613	Williamcarl
6614	Antisthenes
6615	Plutarchos
6616	Plotinos
6617	Boethius
6618	Jimsimons
6619	Kolya
6620	Peregrina
6621	Timchuk
6622	Matvienko
6623	Trioconbrio
6625	Nyquist
6626	Mattgenge
6628	Dondelia
6629	Kurtz
6630	Skepticus
6631	Pyatnitskij
6632	Scoon
6635	Zuber
6636	Kintanar
6637	Inoue
6639	Marchis
6640	Falorni
6641	Bobross
6642	Henze
6643	Morikubo
6644	Jugaku
6645	Arcetri
6646	Churanta
6647	Josse
6649	Yokotatakao
6650	Morimoto
6651	Rogervenable
6653	Feininger
6654	Lulea
6655	Nagahama
6656	Yokota
6657	Otukyo
6658	Akiraabe
6659	Pietsch
6660	Matsumoto
6661	Ikemura
6663	Tatebayashi
6664	Tennyo
6665	Kagawa
6666	Fro
6667	Sannaimura
6669	Obi
6670	Wallach
6671	Concari
6672	Corot
6673	Degas
6674	Cezanne
6675	Sisley
6676	Monet
6677	Renoir
6678	Seurat
6679	Gurzhij
6681	Prokopovich
6682	Makarij
6683	Karachentsov
6684	Volodshevchenko
6685	Boitsov
6686	Hernius
6687	Lahulla
6688	Donmccarthy
6689	Floss
6690	Messick
6691	Trussoni
6692	Antoninholy
6695	Barrettduff
6696	Eubanks
6697	Celentano
6698	Malhotra
6699	Igaueno
6700	Kubisova
6701	Warhol
6705	Rinaketty
6707	Shigeru
6708	Bobbievaile
6709	Hiromiyuki
6710	Apostel
6711	Holliman
6712	Hornstein
6713	Coggie
6714	Montreal
6715	Sheldonmarks
6716	Jacobsen
6717	Antal
6718	Beiglbock
6719	Gallaj
6720	Gifu
6721	Minamiawaji
6722	Bunichi
6723	Chrisclark
6725	Engyoji
6726	Suthers
6729	Emiko
6730	Ikeda
6731	Hiei
6734	Benzenberg
6735	Madhatter
6736	Marchare
6737	Okabayashi
6738	Tanabe
6739	Tarendo
6740	Goff
6741	Liyuan
6742	Biandepei
6743	Liu
6744	Komoda
6745	Nishiyama
6746	Zagar
6747	Ozegahara
6748	Bratton
6749	Ireentje
6750	Katgert
6751	van Genderen
6752	Ashley
6753	Fursenko
6754	Burdenko
6755	Solov'yanenko
6756	Williamfeldman
6757	Addibischoff
6758	Jesseowens
6761	Haroldconnolly
6762	Cyrenagoodrich
6763	Kochiny
6764	Kirillavrov
6765	Fibonacci
6766	Kharms
6767	Shirvindt
6768	Mathiasbraun
6769	Brokoff
6770	Fugate
6771	Foerster
6773	Kellaway
6774	Vladheinrich
6775	Giorgini
6776	Dix
6777	Balakirev
6778	Tosamakoto
6779	Perrine
6780	Borodin
6781	Sheikhumarrkhan
6783	Gulyaev
6784	Bogatikov
6786	Doudantsutsuji
6789	Milkey
6790	Pingouin
6792	Akiyamatakashi
6793	Palazzolo
6794	Masuisakura
6795	Ornskoldsvik
6796	Sundsvall
6797	Ostersund
6798	Couperin
6799	Citfiftythree
6800	Saragamine
6801	Strekov
6802	Cernovice
6804	Maruseppu
6805	Abstracta
6806	Kaufmann
6807	Brunnow
6808	Plantin
6809	Sakuma
6810	Juanclaria
6811	Kashcheev
6812	Robertnelson
6813	Amandahendrix
6814	Steffl
6815	Mutchler
6816	Barbcohen
6817	Pest
6818	Sessyu
6819	McGarvey
6820	Buil
6821	Ranevskaya
6822	Horalek
6824	Mallory
6825	Irvine
6826	Lavoisier
6827	Wombat
6828	Elbsteel
6829	Charmawidor
6830	Johnbackus
6832	Kawabata
6834	Hunfeld
6835	Molfino
6836	Paranal
6837	Bressi
6838	Okuda
6839	Ozenuma
6841	Gottfriedkirch
6842	Krosigk
6843	Heremon
6844	Shpak
6845	Mansurova
6846	Kansazan
6847	Kunz-Hallstein
6848	Casely-Hayford
6849	Doloreshuerta
6851	Chianti
6852	Nannibignami
6853	Silvanomassaglia
6854	Georgewest
6855	Armellini
6856	Bethemmons
6857	Castelli
6859	Datemasamune
6860	Sims
6862	Virgiliomarcon
6864	Starkenburg
6865	Dunkerley
6866	Kukai
6867	Kuwano
6868	Seiyauyeda
6869	Funada
6870	Pauldavies
6871	Verlaine
6873	Tasaka
6875	Golgi
6876	Beppeforti
6877	Giada
6878	Isamu
6879	Hyogo
6880	Hayamiyu
6881	Shifutsu
6882	Sormano
6883	Hiuchigatake
6884	Takeshisato
6885	Nitardy
6886	Grote
6887	Hasuo
6890	Savinykh
6891	Triconia
6892	Lana
6893	Sanderson
6894	Macreid
6897	Tabei
6898	Saint-Marys
6899	Nancychabot
6901	Roybishop
6902	Hideoasada
6904	McGill
6905	Miyazaki
6906	Johnmills
6907	Harryford
6908	Kunimoto
6909	Levison
6910	Ikeguchi
6911	Nancygreen
6912	Grimm
6913	Yukawa
6914	Becquerel
6916	Lewispearce
6918	Manaslu
6919	Tomonaga
6920	Esaki
6921	Janejacobs
6922	Yasushi
6923	Borzacchini
6924	Fukui
6925	Susumu
6927	Tonegawa
6928	Lanna
6929	Misto
6931	Kenzaburo
6932	Tanigawadake
6933	Azumayasan
6935	Morisot
6936	Cassatt
6937	Valadon
6938	Soniaterk
6939	Lestone
6941	Dalgarno
6942	Yurigulyaev
6943	Moretto
6944	Elaineowens
6945	Dahlgren
6947	Andrewdavis
6948	Gounelle
6949	Zissell
6950	Simonek
6952	Niccolo
6953	Davepierce
6954	Potemkin
6955	Ekaterina
6956	Holbach
6959	Mikkelkocha
6961	Ashitaka
6962	Summerscience
6964	Kunihiko
6965	Niyodogawa
6966	Vietoris
6969	Santaro
6970	Saigusa
6971	Omogokei
6972	Helvetius
6973	Karajan
6974	Solti
6975	Hiroaki
6976	Kanatsu
6977	Jaucourt
6978	Hironaka
6979	Shigefumi
6980	Kyusakamoto
6981	Chirman
6982	Cesarchavez
6983	Komatsusakyo
6984	Lewiscarroll
6986	Asamayama
6987	Onioshidashi
6989	Hoshinosato
6990	Toya
6991	Chichibu
6992	Minano-machi
6995	Minoyama
6996	Alvensleben
6997	Laomedon
6998	Tithonus
6999	Meitner
7000	Curie
7001	Noether
7002	Bronshten
7003	Zoyamironova
7004	Markthiemens
7005	Henninghaack
7006	Folco
7007	Timjull
7008	Pavlov
7009	Hume
7010	Locke
7011	Worley
7012	Hobbes
7013	Trachet
7014	Nietzsche
7015	Schopenhauer
7016	Conandoyle
7017	Uradowan
7019	Tagayuichan
7020	Yourcenar
7021	Tomiokamachi
7023	Heiankyo
7024	Impey
7026	Gabrielasilang
7027	Toshihanda
7028	Tachikawa
7030	Colombini
7031	Kazumiyoshioka
7032	Hitchcock
7035	Gomi
7036	Kentarohirata
7037	Davidlean
7038	Tokorozawa
7039	Yamagata
7040	Harwood
7041	Nantucket
7042	Carver
7043	Godart
7046	Reshetnev
7047	Lundstrom
7048	Chaussidon
7049	Meibom
7050	Shanekelly
7051	Sean
7052	Octaviabutler
7054	Brehm
7055	Fabiopagan
7056	Kierkegaard
7057	Al-Farabi
7058	Al-Tusi
7059	Van Dokkum
7060	Al-`Ijliya
7061	Pieri
7062	Meslier
7063	Johnmichell
7064	Montesquieu
7065	Fredschaaf
7066	Nessus
7067	Kiyose
7068	Minowa
7072	Beijingdaxue
7073	Rudbelia
7074	Muckea
7075	Sadovnichij
7076	Divnyjanko
7077	Shermanschultz
7078	Unojonsson
7079	Baghdad
7081	Ludibunda
7082	La Serena
7083	Kant
7085	Franksienkiewicz
7086	Bopp
7087	Lewotsky
7088	Ishtar
7091	Maryfields
7092	Cadmus
7093	Jonleake
7094	Godaisan
7095	Lamettrie
7096	Napier
7097	Yatsuka
7098	Reaumur
7099	Feuerbach
7100	Martin Luther
7101	Haritina
7102	Neilbone
7103	Wichmann
7104	Manyousyu
7105	Yousyozan
7106	Kondakov
7107	Peiser
7108	Nefedov
7109	Heine
7110	Johnpearse
7112	Ghislaine
7113	Ostapbender
7114	Weinek
7115	Franciscuszeno
7116	Mentall
7117	Claudius
7118	Kuklov
7119	Hiera
7120	Davidgavine
7121	Busch
7122	Iwasaki
7124	Glinos
7125	Eitarodate
7126	Cureau
7127	Stifter
7128	Misawa
7130	Klepper
7131	Longtom
7132	Casulli
7133	Kasahara
7134	Ikeuchisatoru
7136	Yokohasuo
7137	Ageo
7139	Tsubokawa
7140	Osaki
7141	Bettarini
7142	Spinoza
7143	Haramura
7144	Dossobuono
7145	Linzexu
7146	Konradin
7147	Feijth
7148	Reinholdbien
7149	Bernie
7150	McKellar
7152	Euneus
7153	Vladzakharov
7154	Zhangmaolin
7156	Flaviofusipecci
7157	Lofgren
7158	IRTF
7159	Bobjoseph
7160	Tokunaga
7161	Golitsyn
7162	Sidwell
7163	Barenboim
7164	Babadzhanov
7165	Pendleton
7166	Kennedy
7167	Laupheim
7169	Linda
7170	Livesey
7171	Arthurkraus
7172	Multatuli
7173	Sepkoski
7174	Semois
7175	Janegoodall
7176	Kuniji
7177	Melvyntaylor
7178	Ikuookamoto
7179	Gassendi
7182	Robinvaughan
7186	Tomioka
7187	Isobe
7188	Yoshii
7189	Kuniko
7192	Cieletespace
7193	Yamaoka
7194	Susanrose
7195	Danboice
7196	Baroni
7197	Pieroangela
7198	Montelupo
7199	Brianza
7201	Kuritariku
7202	Kigoshi
7203	Sigeki
7204	Ondrejov
7205	Sadanori
7206	Shiki
7207	Hammurabi
7208	Ashurbanipal
7209	Cyrus
7210	Darius
7211	Xerxes
7212	Artaxerxes
7213	Conae
7214	Anticlus
7215	Gerhard
7216	Ishkov
7217	Dacke
7218	Skacel
7219	Satterwhite
7220	Philnicholson
7221	Sallaba
7222	Alekperov
7223	Dolgorukij
7224	Vesnina
7225	Huntress
7226	Kryl
7228	MacGillivray
7229	Tonimoore
7230	Lutz
7231	Porco
7232	Nabokov
7233	Majella
7235	Hitsuzan
7237	Vickyhamilton
7238	Kobori
7239	Mobberley
7240	Hasebe
7241	Kuroda
7242	Okyudo
7244	Villa-Lobos
7247	Robertstirling
7248	Alvsjo
7250	Kinoshita
7251	Kuwabara
7252	Kakegawa
7253	Nara
7254	Kuratani
7256	Bonhoeffer
7257	Yoshiya
7258	Pettarin
7259	Gaithersburg
7260	Metelli
7261	Yokootakeo
7262	Sofue
7263	Takayamada
7264	Hirohatanaka
7265	Edithmuller
7266	Trefftz
7267	Victormeen
7268	Chigorin
7269	Alprokhorov
7270	Punkin
7271	Doroguntsov
7272	Darbydyar
7273	Garyhuss
7274	Washioyama
7275	Earlcarpenter
7276	Maymie
7277	Klass
7278	Shtokolov
7279	Hagfors
7280	Bergengruen
7285	Seggewiss
7287	Yokokurayama
7289	Kamegamori
7290	Johnrather
7291	Hyakutake
7292	Prosperin
7293	Kazuyuki
7294	Barbaraakey
7295	Brozovic
7296	Lamarck
7298	Matudaira-gou
7299	Indiawadkins
7300	Yoshisada
7301	Matsuitakafumi
7304	Namiki
7305	Ossakajusto
7306	Panizon
7307	Takei
7308	Hattori
7309	Shinkawakami
7311	Hildehan
7313	Pisano
7314	Pevsner
7315	Kolbe
7316	Hajdu
7317	Cabot
7318	Dyukov
7319	Katterfeld
7320	Potter
7321	Minervahoyt
7322	Lavrentina
7323	Robersomma
7324	Carret
7326	Tedbunch
7327	Crawford
7328	Casanova
7329	Bettadotto
7330	Annelemaitre
7331	Balindblad
7332	Ponrepo
7333	Bec-Borsenberger
7334	Sciurus
7336	Saunders
7342	Uchinoura
7343	Ockeghem
7344	Summerfield
7345	Happer
7346	Boulanger
7349	Ernestmaes
7351	Yoshidamichi
7352	Hypsenor
7353	Kazuya
7354	Ishiguro
7355	Bottke
7356	Casagrande
7358	Oze
7359	Messier
7360	Moberg
7361	Endres
7362	Rogerbyrd
7363	Esquibel
7364	Otonkucera
7365	Sejong
7366	Agata
7367	Giotto
7368	Haldancohn
7369	Gavrilin
7370	Krasnogolovets
7371	El-Baz
7372	Emimar
7373	Stashis
7376	Jefftaylor
7377	Pizzarello
7378	Herbertpalme
7379	Naoyaimae
7381	Mamontov
7382	Bozhenkova
7383	Lassovszky
7385	Aktsynovia
7386	Paulpellas
7387	Malbil
7388	Marcomorelli
7389	Michelcombes
7390	Kundera
7391	Strouhal
7392	Kowalski
7393	Luginbuhl
7394	Xanthomalitia
7396	Rosa-Brusin
7398	Walsh
7399	Somme
7400	Lenau
7401	Toynbee
7403	Choustnik
7408	Yoshihide
7410	Kawazoe
7412	Linnaeus
7413	Galibina
7414	Bosch
7415	Susumuimoto
7416	Linnankoski
7418	Akasegawa
7420	Buffon
7421	Kusaka
7425	Lessing
7428	Abekuniomi
7429	Hoshikawa
7430	Kogure
7431	Jettaguilar
7433	Pellegrini
7434	Osaka
7435	Sagamihara
7436	Kuroiwa
7437	Torricelli
7438	Misakatouge
7439	Tetsufuse
7440	Zavist
7441	Laska
7442	Inouehideo
7443	Tsumura
7445	Trajanus
7446	Hadrianus
7447	Marcusaurelius
7448	Pollath
7449	Dollen
7450	Shilling
7451	Verbitskaya
7452	Izabelyuria
7453	Slovtsov
7454	Kevinrighter
7455	Podosek
7456	Doressoundiram
7457	Veselov
7459	Gilbertofranco
7460	Julienicoles
7461	Kachmokiam
7462	Grenoble
7463	Oukawamine
7464	Vipera
7465	Munkanber
7468	Anfimov
7469	Krikalev
7470	Jabberwock
7472	Kumakiri
7475	Kaizuka
7476	Ogilsbie
7478	Hasse
7480	Norwan
7481	San Marcello
7483	Sekitakakazu
7484	Dogo Onsen
7485	Changchun
7486	Hamabe
7487	Toshitanaka
7488	Robertpaul
7489	Oribe
7490	Babicka
7491	Linzerag
7492	Kacenka
7493	Hirzo
7494	Xiwanggongcheng
7495	Feynman
7496	Miroslavholub
7497	Guangcaishiye
7498	Blanik
7500	Sassi
7501	Farra
7502	Arakida
7504	Kawakita
7505	Furusho
7506	Lub
7507	Israel
7508	Icke
7509	Gamzatov
7511	Patcassen
7512	Monicalazzarin
7515	Marrucino
7516	Kranjc
7517	Alisondoane
7519	Paulcook
7521	Wylezalek
7525	Kiyohira
7526	Ohtsuka
7527	Marples
7528	Huskvarna
7529	Vagnozzi
7530	Mizusawa
7531	Pecorelli
7532	Pelhrimov
7533	Seiraiji
7536	Fahrenheit
7537	Solvay
7538	Zenbei
7541	Nieuwenhuis
7542	Johnpond
7543	Prylis
7544	Tipografiyanauka
7545	Smaklosa
7546	Meriam
7547	Martinnakata
7548	Engstrom
7549	Woodard
7550	Woolum
7551	Edstolper
7552	Sephton
7553	Buie
7554	Johnspencer
7555	Venvolkov
7556	Perinaldo
7558	Yurlov
7559	Kirstinemeyer
7560	Spudis
7561	Patrickmichel
7562	Kagiroino-Oka
7564	Gokumenon
7565	Zipfel
7571	Weisse Rose
7572	Znokai
7573	Basfifty
7575	Kimuraseiji
7578	Georgbohm
7580	Schwabhausen
7581	Yudovich
7583	Rosegger
7584	Ossietzky
7586	Bismarck
7587	Weckmann
7590	Aterui
7592	Takinemachi
7593	Cernuschi
7594	Shotaro
7595	Vaxjo
7596	Yumi
7597	Shigemi
7599	Munari
7600	Vacchi
7602	Yidaeam
7603	Salopia
7604	Kridsadaporn
7605	Cindygraber
7607	Billmerline
7608	Telegramia
7610	Sudbury
7611	Hashitatsu
7613	`Akikiki
7614	Masatomi
7616	Sadako
7618	Gotoyukichi
7620	Willaert
7621	Sweelinck
7622	Pergolesi
7623	Stamitz
7624	Gluck
7625	Louisspohr
7626	Iafe
7627	Wakenokiyomaro
7628	Evgenifedorov
7629	Foros
7630	Yidumduma
7631	Vokrouhlicky
7632	Stanislav
7633	Volodymyr
7634	Shizutani-Kou
7635	Carolinesmith
7636	Comba
7638	Gladman
7639	Offutt
7640	Marzari
7641	Cteatus
7644	Cslewis
7645	Pons
7647	Etrepigny
7648	Tomboles
7649	Bougainville
7650	Kaname
7651	Villeneuve
7655	Adamries
7656	Joemontani
7657	Jefflarsen
7660	Alexanderwilson
7661	Reincken
7664	Namahage
7665	Putignano
7666	Keyaki
7668	Mizunotakao
7669	Malse
7670	Kabelac
7671	Albis
7672	Hawking
7673	Inohara
7674	Kasuga
7675	Gorizia
7677	Sawa
7678	Onoda
7679	Asiago
7680	Cari
7681	Chenjingrun
7682	Miura
7683	Wuwenjun
7684	Marioferrero
7686	Wolfernst
7687	Matthias
7688	Lothar
7689	Reinerstoss
7690	Sackler
7691	Brady
7692	Edhenderson
7693	Hoshitakuhai
7694	Krasetin
7695	Premysl
7696	Liebe
7698	Schweitzer
7699	Bozek
7700	Rote Kapelle
7701	Zrzavy
7703	Jimcooney
7704	Dellen
7705	Humeln
7706	Mien
7707	Yes
7708	Fennimore
7710	Ishibashi
7711	Rip
7713	Tsutomu
7714	Briccialdi
7715	Leonidarosino
7716	Ube
7717	Tabeisshi
7718	Desnoux
7720	Lepaute
7721	Andrillat
7722	Firneis
7723	Lugger
7724	Moroso
7725	Sel'vinskij
7726	Olegbykov
7727	Chepurova
7728	Giblin
7729	Golovanov
7730	Sergerasimov
7732	Ralphpass
7733	Segarpassi
7734	Kaltenegger
7735	Scorzelli
7736	Nizhnij Novgorod
7737	Sirrah
7738	Heyman
7739	Cech
7740	Petit
7741	Fedoseev
7742	Altamira
7747	Michalowski
7749	Jackschmitt
7750	McEwen
7752	Otauchunokai
7754	Gopalan
7755	Haute-Provence
7756	Scientia
7757	Kameya
7758	Poulanderson
7763	Crabeels
7766	Jododaira
7767	Tomatic
7769	Okuni
7770	Siljan
7771	Tvaren
7773	Kyokuchiken
7775	Taiko
7776	Takeishi
7777	Consadole
7778	Markrobinson
7779	Susanring
7780	Maren
7781	Townsend
7782	Mony
7784	Watterson
7787	Annalaura
7788	Tsukuba
7789	Kwiatkowski
7790	Miselli
7791	Ebicykl
7793	Mutlu-Pakdil
7794	Sanvito
7796	Jaracimrman
7797	Morita
7799	Martinsolc
7800	Zhongkeyuan
7801	Goretti
7802	Takiguchi
7803	Adachi
7804	Boesgaard
7805	Moons
7806	Umasslowell
7807	Grier
7808	Bagould
7809	Marcialangton
7811	Zhaojiuzhang
7812	Billward
7813	Anderserikson
7815	Dolon
7816	Hanoi
7817	Zibiturtle
7818	Muirhead
7820	Ianlyon
7824	Lynch
7826	Kinugasa
7828	Noriyositosi
7829	Jaroff
7830	Akihikotago
7831	Francois-Xavier
7833	Nilstamm
7835	Myroncope
7837	Mutsumi
7838	Feliceierman
7840	Hendrika
7842	Ishitsuka
7844	Horikawa
7845	Mckim
7846	Setvak
7847	Mattiaorsi
7848	Bernasconi
7849	Janjosefric
7850	Buenos Aires
7851	Azumino
7852	Itsukushima
7853	Confucius
7854	Laotse
7855	Tagore
7856	Viktorbykov
7857	Lagerros
7858	Bolotov
7859	Lhasa
7860	Zahnle
7861	Messenger
7862	Keikonakamura
7863	Turnbull
7864	Borucki
7865	Francoisgros
7866	Sicoli
7867	Burian
7868	Barker
7869	Pradun
7871	Tunder
7873	Boll
7881	Schieferdecker
7885	Levine
7886	Redman
7887	Bratfest
7890	Yasuofukui
7891	Fuchie
7892	Musamurahigashi
7894	Rogers
7895	Kaseda
7896	Svejk
7897	Bohuska
7898	Ohkuma
7899	Joya
7900	Portule
7901	Konnai
7902	Hanff
7903	Albinoni
7904	Morrow
7905	Juzoitami
7906	Melanchton
7907	Erasmus
7908	Zwingli
7909	Ziffer
7910	Aleksola
7911	Carlpilcher
7912	Lapovok
7913	Parfenov
7915	Halbrook
7916	Gigiproietti
7917	Hammergren
7918	Berrilli
7919	Prime
7921	Huebner
7922	Violalaurenti
7923	Chyba
7924	Simbirsk
7925	Shelus
7927	Jamiegilmour
7928	Bijaoui
7931	Kristianpedersen
7932	Plimpton
7933	Magritte
7934	Sinatra
7935	Beppefenoglio
7936	Mikemagee
7939	Asphaug
7940	Erichmeyer
7945	Kreisau
7947	Toland
7948	Whitaker
7950	Berezov
7953	Kawaguchi
7954	Kitao
7955	Ogiwara
7956	Yaji
7957	Antonella
7958	Leakey
7959	Alysecherri
7960	Condorcet
7961	Ercolepoli
7963	Falcinelli
7965	Katsuhiko
7966	Richardbaum
7967	Beny
7968	Elst-Pizarro
7970	Lichtenberg
7971	Meckbach
7972	Mariotti
7973	Koppeschaar
7974	Vermeesch
7976	Pinigin
7978	Niknesterov
7979	Pozharskij
7980	Senkevich
7981	Katieoakman
7982	Timmartin
7983	Festin
7984	Marius
7985	Nedelcu
7986	Romania
7987	Walshkevin
7988	Pucacco
7989	Pernadavide
7991	Kaguyahime
7992	Yozan
7993	Johnbridges
7994	Bethellen
7995	Khvorostovsky
7996	Vedernikov
7998	Gonczi
7999	Nesvorny
8000	Isaac Newton
8001	Ramsden
8002	Tonyevans
8003	Kelvin
8005	Albinadubois
8006	Tacchini
8009	Beguin
8010	Bohnhardt
8011	Saijokeiichi
8013	Gordonmoore
8015	Marksimons
8019	Karachkina
8020	Erzgebirge
8021	Walter
8022	Scottcrossfield
8023	Josephwalker
8024	Robertwhite
8025	Forrestpeterson
8026	Johnmckay
8027	Robertrushworth
8028	Joeengle
8029	Miltthompson
8030	Williamknight
8031	Williamdana
8032	Michaeladams
8034	Akka
8036	Maehara
8039	Grandprism
8040	Utsumikazuhiko
8041	Masumoto
8043	Fukuhara
8044	Tsuchiyama
8045	Kamiyama
8046	Ajiki
8047	Akikinoshita
8048	Andrle
8049	Janvier
8050	Beishida
8051	Pistoria
8052	Novalis
8053	Kleist
8054	Brentano
8055	Arnim
8056	Tieck
8057	Hofmannsthal
8058	Zuckmayer
8059	Deliyannis
8060	Anius
8061	Gaudium
8062	Okhotsymskij
8063	Cristinathomas
8064	Lisitsa
8065	Nakhodkin
8066	Poldimeri
8067	Helfenstein
8068	Vishnureddy
8069	Benweiss
8070	DeMeo
8071	Simonelli
8072	Yojikondo
8073	Johnharmon
8074	Slade
8075	Roero
8076	Foscarini
8077	Hoyle
8078	Carolejordan
8079	Bernardlovell
8080	Intel
8081	Leopardi
8082	Haynes
8083	Mayeda
8084	Dallas
8086	Peterthomas
8087	Kazutaka
8088	Australia
8089	Yukar
8096	Emilezola
8097	Yamanishi
8098	Miyamotoatsushi
8099	Okudoiyoshimi
8100	Nobeyama
8101	Yasue
8102	Yoshikazu
8103	Fermi
8104	Kumamori
8106	Carpino
8108	Wieland
8109	Danielwilliam
8110	Heath
8111	Hoepli
8112	Cesi
8113	Matsue
8114	Lafcadio
8115	Sakabe
8116	Jeanperrin
8117	Yuanlongping
8120	Kobe
8121	Altdorfer
8122	Holbein
8123	Canaletto
8124	Guardi
8125	Tyndareus
8126	Chanwainam
8127	Beuf
8128	Nicomachus
8129	Michaelbusch
8130	Seeberg
8131	Scanlon
8132	Vitginzburg
8133	Takanochoei
8134	Minin
8135	Davidmitchell
8136	Landis
8137	Kviz
8138	Craigbowers
8139	Paulabell
8140	Hardersen
8141	Nikolaev
8142	Zolotov
8143	Nezval
8144	Hiragagennai
8145	Valujki
8146	Jimbell
8147	Colemanhawkins
8148	Golding
8149	Ruff
8150	Kaluga
8151	Andranada
8152	Martinlee
8153	Gattacceca
8154	Stahl
8155	Battaglini
8156	Tsukada
8158	Herder
8159	Fukuoka
8160	Petererwin
8161	Newman
8163	Ishizaki
8164	Andreasdoppler
8165	Gnadig
8166	Buczynski
8167	Ishii
8168	Rogerbourke
8169	Mirabeau
8171	Stauffenberg
8175	Boerhaave
8181	Rossini
8182	Akita
8184	Luderic
8187	Akiramisawa
8188	Okegaya
8189	Naruke
8190	Bouguer
8191	Mersenne
8192	Tonucci
8193	Ciaurro
8194	Satake
8195	Tamkin
8197	Mizunohiroshi
8199	Takagitakeo
8200	Souten
8202	Gooley
8203	Jogolehmann
8204	Takabatake
8205	Van Dijck
8206	Masayuki
8207	Suminao
8208	Volta
8209	Toscanelli
8212	Naoshigetani
8214	Mirellalilli
8215	Zanonato
8216	Melosh
8217	Dominikhasek
8218	Hosty
8220	Nanyou
8221	La Condamine
8222	Gellner
8223	Bradshaw
8224	Fultonwright
8225	Emerson
8229	Kozelsky
8230	Perona
8231	Tetsujiyamada
8232	Akiramizuno
8233	Asada
8234	Nobeoka
8235	Fragonard
8236	Gainsborough
8237	Constable
8238	Courbet
8239	Signac
8240	Matisse
8241	Agrius
8242	Joshemery
8243	Devonburr
8244	Mikolaichuk
8245	Molnar
8246	Kotov
8247	Cherylhall
8248	Gurzuf
8249	Gershwin
8250	Cornell
8251	Isogai
8252	Elkins-Tanton
8253	Brunetto
8254	Moskovitz
8255	Masiero
8256	Shenzhou
8257	Andycheng
8258	McCracken
8260	Momcheva
8261	Ceciliejulie
8262	Carcich
8266	Bertelli
8267	Kiss
8268	Goerdeler
8269	Calandrelli
8270	Winslow
8271	Imai
8272	Iitatemura
8273	Apatheia
8274	Soejima
8275	Inca
8276	Shigei
8277	Machu-Picchu
8279	Cuzco
8280	Petergruber
8282	Delp
8283	Edinburgh
8284	Cranach
8286	Kouji
8289	An-Eefje
8291	Bingham
8294	Takayuki
8295	Toshifukushima
8296	Miyama
8297	Gerardfaure
8298	Loubna
8299	Tealeoni
8300	Iga
8301	Haseyuji
8302	Kazukin
8303	Miyaji
8304	Ryomichico
8305	Teika
8306	Shoko
8307	Peltan
8308	Julie-Melissa
8309	Jedidahisler
8310	Seelos
8311	Zhangdaning
8313	Christiansen
8314	Tsuji
8315	Bajin
8316	Wolkenstein
8317	Eurysaces
8318	Averroes
8319	Antiphanes
8320	van Zee
8321	Akim
8322	Kononovich
8323	Krimigis
8324	Juliadeleon
8325	Trigo-Rodriguez
8326	Paulkling
8327	Weihenmayer
8328	Uyttenhove
8329	Speckman
8330	Fitzroy
8331	Dawkins
8332	Ivantsvetaev
8333	Medina
8335	Sarton
8336	Safarik
8338	Ralhan
8339	Kosovichia
8340	Mumma
8343	Tugendhat
8344	Babette
8345	Ulmerspatz
8347	Lallaward
8348	Bhattacharyya
8353	Megryan
8355	Masuo
8356	Wadhwa
8357	O'Connor
8358	Rickblakley
8367	Bokusui
8368	Lamont
8369	Miyata
8370	Vanlindt
8371	Goven
8373	Stephengould
8374	Horohata
8375	Kenzokohno
8377	Elmerreese
8378	Sweeney
8379	Straczynski
8380	Tooting
8381	Hauptmann
8382	Mann
8386	Vanvinckenroye
8387	Fujimori
8391	Kring
8393	Tetsumasakamoto
8395	Rembaut
8397	Chiakitanaka
8398	Rubbia
8399	Wakamatsu
8400	Tomizo
8401	Assirelli
8403	Minorushimizu
8405	Asbolus
8406	Iwaokusano
8407	Houlahan
8408	Strom
8409	Valentaugustus
8410	Hiroakiohno
8411	Celso
8412	Zhaozhongxian
8413	Kawakami
8414	Atsuko
8416	Okada
8417	Lancetaylor
8418	Mogamigawa
8419	Terumikazumi
8420	Angrogna
8421	Montanari
8422	Mohorovicic
8423	Macao
8424	Toshitsumita
8425	Zirankexuejijin
8428	Okiko
8430	Florey
8431	Haseda
8432	Tamakasuga
8433	Brachyrhynchus
8434	Columbianus
8435	Anser
8436	Leucopsis
8437	Bernicla
8438	Marila
8439	Albellus
8440	Wigeon
8441	Lapponica
8442	Ostralegus
8443	Svecica
8444	Popovich
8445	Novotroitskoe
8446	Tazieff
8447	Cornejo
8448	Belyakina
8449	Maslovets
8450	Egorov
8451	Gaidai
8452	Clay
8453	Flaviataldini
8454	Micheleferrero
8455	Johnrayner
8456	Davegriep
8457	Billgolisch
8458	Georgekoenig
8459	Larsbergknut
8460	Imainamahoe
8461	Sammiepung
8462	Hazelsears
8463	Naomimurdoch
8464	Polishook
8465	Bancelin
8466	Leyrat
8467	Benoitcarry
8468	Rhondastroud
8470	Dudinskaya
8471	Obrant
8472	Tarroni
8474	Rettig
8475	Vsevoivanov
8477	Andrejkiselev
8479	Held
8482	Wayneolm
8483	Kinwalaniihsia
8485	Satoru
8486	Asherschel
8488	d'Argens
8489	Boulder
8491	Joelle-gilles
8492	Kikuoka
8493	Yachibozu
8494	Edpatvega
8496	Jandlsmith
8498	Ufa
8500	Hori
8501	Wachholz
8502	Bauhaus
8503	Masakatsu
8515	Corvan
8516	Hyakkai
8521	Boulainvilliers
8523	Bouillabaisse
8524	Paoloruffini
8525	Nielsabel
8526	Takeuchiyukou
8527	Katayama
8529	Sinzi
8530	Korbokkur
8531	Mineosaito
8533	Oohira
8534	Knutsson
8535	Pellesvanslos
8536	Mans
8537	Billochbull
8538	Gammelmaja
8539	Laban
8540	Ardeberg
8541	Schalkenmehren
8543	Tsunemi
8544	Sigenori
8545	McGee
8546	Kenmotsu
8548	Sumizihara
8549	Alcide
8550	Hesiodos
8551	Daitarabochi
8552	Hyoichi
8553	Bradsmith
8554	Gabreta
8555	Mirimao
8556	Jana
8557	Saroun
8558	Hack
8560	Tsubaki
8561	Sikoruk
8564	Anomalocaris
8568	Larrywilson
8569	Mameli
8571	Taniguchi
8572	Nijo
8573	Ivanka
8574	Makotoirie
8575	Seishitakeuchi
8577	Choseikomori
8578	Shojikato
8579	Hieizan
8580	Pinsky
8581	Johnen
8582	Kazuhisa
8583	Froberger
8585	Purpurea
8586	Epops
8587	Ruficollis
8588	Avosetta
8589	Stellaris
8590	Pygargus
8591	Excubitor
8592	Rubetra
8593	Angustirostris
8594	Albifrons
8595	Dougallii
8596	Alchata
8597	Sandvicensis
8598	Tetrix
8599	Riparia
8600	Arundinaceus
8601	Ciconia
8602	Oedicnemus
8603	Senator
8604	Vanier
8608	Chelomey
8609	Shuvalov
8610	Goldhaber
8611	Judithgoldhaber
8612	Burov
8613	Cindyschulz
8614	Svedhem
8615	Philipgrahamgood
8616	Fogelquist
8617	Fellous
8618	Sethjacobson
8620	Lowkevrudolph
8621	Jimparsons
8622	Mayimbialik
8623	Johnnygalecki
8624	Kaleycuoco
8625	Simonhelberg
8626	Melissarauch
8627	Kunalnayyar
8628	Davidsaltzberg
8629	Chucklorre
8630	Billprady
8631	Sherikboonstra
8632	Egleston
8633	Keisukenagao
8634	Neubauer
8635	Yuriosipov
8636	Malvina
8639	Vonsovsky
8640	Ritaschulz
8642	Shawnkerry
8643	Quercus
8644	Betulapendula
8647	Populus
8648	Salix
8649	Juglans
8651	Alineraynal
8652	Acacia
8656	Cupressus
8657	Cedrus
8660	Sano
8661	Ratzinger
8663	Davidjohnston
8664	Grigorijrichters
8665	Daun-Eifel
8666	Reuter
8667	Fontane
8668	Satomimura
8672	Morse
8676	Lully
8677	Charlier
8678	Bal
8679	Tingstade
8680	Rone
8681	Burs
8682	Kraklingbo
8683	Sjolander
8684	Reichwein
8685	Faure
8686	Akenside
8687	Caussols
8688	Delaunay
8690	Swindle
8691	Etsuko
8693	Matsuki
8695	Bergvall
8696	Kjeriksson
8697	Olofsson
8698	Bertilpettersson
8700	Gevaert
8702	Nakanishi
8703	Nakanotadao
8704	Sadakane
8706	Takeyama
8707	Arakihiroshi
8709	Kadlu
8710	Hawley
8711	Lukeasher
8712	Suzuko
8713	Azusa
8716	Ginestra
8717	Richviktorov
8719	Vesmir
8720	Takamizawa
8721	AMOS
8722	Schirra
8723	Azumayama
8724	Junkoehara
8725	Keiko
8726	Masamotonasu
8728	Mimatsu
8729	Descour
8730	Iidesan
8731	Tejima
8732	Champion
8733	Ohsugi
8734	Warner
8735	Yoshiosakai
8736	Shigehisa
8737	Takehiro
8738	Saji
8739	Morihisa
8740	Vaclav
8741	Suzukisuzuko
8742	Bonazzoli
8743	Keneke
8744	Cilla
8745	Delaney
8747	Asahi
8749	Beatles
8750	Nettarufina
8751	Nigricollis
8752	Flammeus
8753	Nycticorax
8754	Leucorodia
8755	Querquedula
8756	Mollissima
8757	Cyaneus
8758	Perdix
8759	Porzana
8760	Crex
8761	Crane
8762	Hiaticula
8763	Pugnax
8764	Gallinago
8765	Limosa
8766	Niger
8767	Commontern
8768	Barnowl
8769	Arctictern
8770	Totanus
8771	Biarmicus
8772	Minutus
8773	Torquilla
8774	Viridis
8775	Cristata
8776	Campestris
8777	Torquata
8780	Forte
8781	Yurka
8782	Bakhrakh
8783	Gopasyuk
8785	Boltwood
8786	Belskaya
8787	Ignatenko
8788	Labeyrie
8789	Effertz
8790	Michaelamato
8791	Donyabradshaw
8792	Christyljohnson
8793	Thomasmuller
8794	Joepatterson
8795	Dudorov
8796	Sonnett
8797	Duffard
8798	Tarantino
8799	Barnouin
8800	Brophy
8801	Nugent
8802	Negley
8803	Kolyer
8804	Eliason
8805	Petrpetrov
8806	Fetisov
8807	Schenk
8808	Luhmann
8809	Roversimonaco
8810	Johnmcfarland
8811	Waltherschmadel
8812	Kravtsov
8813	Leviathan
8814	Rosseven
8815	Deanregas
8816	Gamow
8817	Roytraver
8818	Hermannbondi
8819	Chrisbondi
8820	Anjandersen
8822	Shuryanka
8824	Genta
8826	Corneville
8827	Kollwitz
8829	Buczkowski
8831	Brandstrom
8832	Altenrath
8833	Acer
8834	Anacardium
8835	Annona
8836	Aquifolium
8837	London
8839	Novichkova
8842	Bennetmcinnes
8847	Huch
8849	Brighton
8850	Bignonia
8851	Okudamasataka
8852	Buxus
8853	Gerdlehmann
8855	Miwa
8856	Celastrus
8857	Cercidiphyllum
8858	Cornus
8860	Rohloff
8861	Jenskandler
8862	Takayukiota
8865	Yakiimo
8866	Tanegashima
8867	Tubbiolo
8868	Hjorter
8869	Olausgutho
8870	von Zeipel
8871	Svanberg
8872	Ebenum
8874	Showashinzan
8875	Fernie
8877	Rentaro
8881	Prialnik
8882	Sakaetamura
8883	Miyazakihayao
8885	Sette
8886	Elaeagnus
8887	Scheeres
8888	Tartaglia
8889	Mockturtle
8890	Montaigne
8891	Irokawa
8892	Kakogawa
8895	Nha
8897	Defelice
8898	Linnaea
8899	Hughmiller
8900	AAVSO
8903	Paulcruikshank
8904	Yoshihara
8905	Bankakuko
8906	Yano
8907	Takaji
8909	Ohnishitaka
8911	Kawaguchijun
8912	Ohshimatake
8913	Shohinighose
8914	Nickjames
8915	Sawaishujiro
8917	Tianjindaxue
8919	Ouyangziyuan
8922	Kumanodake
8923	Yamakawa
8924	Iruma
8925	Boattini
8926	Abemasanao
8927	Ryojiro
8929	Haginoshinji
8930	Kubota
8931	Hirokimatsuo
8932	Nagatomo
8933	Kurobe
8934	Nishimurajun
8935	Beccaria
8936	Gianni
8937	Gassan
8939	Onodajunjiro
8940	Yakushimaru
8941	Junsaito
8942	Takagi
8943	Stefanozavka
8944	Ortigara
8945	Cavaradossi
8946	Yoshimitsu
8947	Mizutani
8952	ODAS
8954	Baral
8957	Koujounotsuki
8958	Stargazer
8959	Oenanthe
8960	Luscinioides
8961	Schoenobaenus
8962	Noctua
8963	Collurio
8964	Corax
8965	Citrinella
8966	Hortulana
8967	Calandra
8968	Europaeus
8969	Alexandrinus
8970	Islandica
8971	Leucocephala
8972	Sylvatica
8973	Pratincola
8974	Gregaria
8975	Atthis
8976	Leucura
8977	Paludicola
8978	Barbatus
8979	Clanga
8980	Heliaca
8982	Oreshek
8983	Rayakazakova
8984	Derevyanko
8985	Tula
8986	Kineyayasuyo
8987	Cavancuddy
8988	Hansenkoharcheck
8990	Compassion
8991	Solidarity
8992	Magnanimity
8993	Ingstad
8994	Kashkashian
8995	Rachelstevenson
8996	Waynedwards
8997	Davidblewett
8998	Matthewizawa
8999	Tashadunn
9000	Hal
9001	Slettebak
9002	Gabrynowicz
9003	Ralphmilliken
9004	Peekaydee
9005	Sidorova
9006	Voytkevych
9007	James Bond
9008	Bohsternberk
9009	Tirso
9010	Candelo
9011	Angelou
9012	Benner
9013	Sansaturio
9014	Svyatorichter
9015	Coe
9016	Henrymoore
9017	Babadzhanyan
9018	Galache
9019	Eucommia
9020	Eucryphia
9021	Fagus
9022	Drake
9023	Mnesthus
9024	Gunnargraps
9025	Polanskey
9026	Denevi
9027	Graps
9028	Konradbenes
9030	Othryoneus
9032	Tanakami
9033	Kawane
9034	Oleyuria
9038	Helensteel
9040	Flacourtia
9041	Takane
9044	Kaoru
9052	Uhland
9053	Hamamelis
9054	Hippocastanum
9055	Edvardsson
9056	Piskunov
9059	Dumas
9060	Toyokawa
9062	Ohnishi
9063	Washi
9064	Johndavies
9067	Katsuno
9069	Hovland
9070	Ensab
9071	Coudenberghe
9073	Yoshinori
9074	Yosukeyoshida
9076	Shinsaku
9077	Ildo
9079	Gesner
9080	Takayanagi
9081	Hideakianno
9082	Leonardmartin
9083	Ramboehm
9084	Achristou
9087	Neff
9088	Maki
9090	Chirotenmondai
9091	Ishidatakaki
9092	Nanyang
9093	Sorada
9094	Butsuen
9096	Tamotsu
9097	Davidschlag
9098	Toshihiko
9099	Kenjitanabe
9100	Tomohisa
9101	Rossiglione
9102	Foglar
9103	Komatsubara
9104	Matsuo
9105	Matsumura
9106	Yatagarasu
9107	Narukospa
9108	Toruyusa
9109	Yukomotizuki
9110	Choukai
9111	Matarazzo
9112	Hatsulars
9114	Hatakeyama
9115	Battisti
9116	Billhamilton
9117	Aude
9119	Georgpeuerbach
9121	Stefanovalentini
9122	Hunten
9123	Yoshiko
9126	Samcoulson
9127	Brucekoehn
9128	Takatumuzi
9130	Galois
9132	Walteranderson
9133	d'Arrest
9134	Encke
9135	Lacaille
9136	Lalande
9137	Remo
9138	Murdoch
9139	Barrylasker
9140	Deni
9141	Kapur
9142	Rhesus
9143	Burkhead
9144	Hollisjohnson
9145	Shustov
9146	Tulikov
9147	Kourakuen
9148	Boriszaitsev
9150	Zavolokin
9151	Kettnergriswold
9152	Combe
9153	Chikurinji
9154	Kol'tsovo
9155	Verkhodanov
9156	Malanin
9158	Plate
9159	McDonnell
9161	Beaufort
9162	Kwiila
9164	Colbert
9165	Raup
9167	Kharkiv
9168	Sarov
9171	Carolyndiane
9172	Abhramu
9173	Viola Castello
9175	Graun
9176	Struchkova
9177	Donsaari
9178	Momoyo
9179	Satchmo
9180	Samsagan
9184	Vasilij
9186	Fumikotsukimoto
9187	Walterkroll
9189	Holderlin
9190	Masako
9191	Hokuto
9193	Geoffreycopland
9194	Ananoff
9196	Sukagawa
9197	Endo
9198	Sasagamine
9203	Myrtus
9204	Morike
9205	Eddywally
9206	Yanaikeizo
9207	Petersmith
9208	Takanotoshi
9211	Neese
9212	Kanamaru
9215	Taiyonoto
9216	Masuzawa
9217	Kitagawa
9218	Ishiikazuo
9220	Yoshidayama
9221	Wuliangyong
9222	Chubey
9223	Leifandersson
9224	Zelezny
9225	Daiki
9226	Arimahiroshi
9227	Ashida
9228	Nakahiroshi
9229	Matsuda
9230	Yasuda
9231	Shimaken
9232	Miretti
9233	Itagijun
9234	Matsumototaku
9235	Shimanamikaido
9236	Obermair
9238	Yavapai
9239	van Riebeeck
9240	Nassau
9241	Rosfranklin
9242	Olea
9243	Alag
9244	Visnjan
9246	Niemeyer
9248	Sauer
9249	Yen
9250	Chamberlin
9251	Harch
9252	Goddard
9253	Oberth
9254	Shunkai
9255	Inoutadataka
9256	Tsukamoto
9257	Kunisuke
9258	Johnpauljones
9259	Janvanparadijs
9260	Edwardolson
9261	Peggythomson
9262	Bordovitsyna
9263	Khariton
9265	Ekman
9266	Holger
9267	Lokrume
9268	Jeremihschneider
9269	Peterolufemi
9270	Sherryjennings
9271	Trimble
9272	Liseleje
9273	Schloerb
9274	Amylovell
9275	Persson
9276	Timgrove
9277	Togashi
9278	Matera
9279	Seager
9280	Stevenjoy
9281	Weryk
9282	Lucylim
9283	Martinelvis
9284	Juansanchez
9285	Le Corre
9286	Patricktaylor
9287	Klima
9288	Santos-Sanz
9289	Balau
9291	Alanburdick
9293	Kamogata
9295	Donaldyoung
9297	Marchuk
9298	Geake
9299	Vinceteri
9300	Johannes
9305	Hazard
9306	Pittosporum
9307	Regiomontanus
9308	Randyrose
9309	Platanus
9313	Protea
9315	Weigel
9316	Rhamnus
9319	Hartzell
9321	Alexkonopliv
9322	Lindenau
9323	Hirohisasato
9325	Stonehenge
9326	Ruta
9327	Duerbeck
9329	Nikolaimedtner
9331	Fannyhensel
9333	Hiraimasa
9334	Moesta
9336	Altenburg
9339	Kimnovak
9340	Williamholden
9341	Gracekelly
9342	Carygrant
9344	Klopstock
9346	Fernandel
9349	Lucas
9350	Waseda
9351	Neumayer
9356	Elineke
9357	Venezuela
9358	Faro
9359	Fleringe
9362	Miyajima
9364	Clusius
9365	Chinesewilson
9368	Esashi
9372	Vamlingbo
9373	Hamra
9374	Sundre
9375	Omodaka
9376	Thionville
9377	Metz
9378	Nancy-Lorraine
9379	Dijon
9380	Macon
9381	Lyon
9382	Mihonoseki
9383	Montelimar
9384	Aransio
9385	Avignon
9386	Hitomi
9387	Tweedledee
9388	Takeno
9389	Condillac
9391	Slee
9392	Cavaillon
9393	Apta
9394	Manosque
9395	Saint Michel
9396	Yamaneakisato
9397	Lombardi
9398	Bidelman
9399	Pesch
9403	Sanduleak
9405	Johnratje
9407	Kimuranaoto
9408	Haseakira
9409	Kanpuzan
9411	Hitomiyamoto
9413	Eichendorff
9414	Masamimurakami
9415	Yujiokimura
9416	Miyahara
9417	Jujiishii
9418	Mayumi
9419	Keikochaki
9420	Dewar
9421	Violilla
9422	Kuboniwa
9423	Abt
9424	Hiroshinishiyama
9425	Marconcini
9426	Aliante
9427	Righini
9428	Angelalouise
9429	Porec
9430	Erichthonios
9431	Pytho
9432	Iba
9434	Bokusen
9435	Odafukashi
9436	Shudo
9437	Hironari
9438	Satie
9442	Beiligong
9445	Charpentier
9446	Cicero
9447	Julesbordet
9448	Donaldavies
9449	Petrbondy
9450	Akikoizumo
9452	Rogerpeeters
9453	Mallorca
9454	Ardeishar
9458	Beaumont
9459	Gracecai
9460	McGlynn
9461	Cotingkeh
9463	Criscione
9465	Fergusonsam
9466	Shishir
9468	Brewer
9469	Shashank
9470	Jussieu
9471	Ostend
9472	Bruges
9473	Ghent
9474	Cassadrury
9476	Vincenthuang
9477	Kefennell
9478	Caldeyro
9479	Madresplazamayo
9480	Inti
9481	Menchu
9482	Rubendario
9483	Chagas
9484	Wanambi
9485	Uluru
9486	Utemorrah
9487	Kupe
9488	Huia
9489	Tanemahuta
9490	Gosemeijer
9491	Thooft
9492	Veltman
9493	Enescu
9494	Donici
9495	Eminescu
9496	Ockels
9497	Dwingeloo
9498	Westerbork
9499	Excalibur
9500	Camelot
9501	Ywain
9502	Gaimar
9503	Agrawain
9504	Lionel
9505	Lohengrin
9506	Telramund
9507	Gottfried
9508	Titurel
9509	Amfortas
9510	Gurnemanz
9511	Klingsor
9512	Feijunlong
9514	Deineka
9515	Dubner
9516	Inasan
9517	Niehaisheng
9518	Robbynaish
9519	Jeffkeck
9520	Montydibiasi
9521	Martinhoffmann
9522	Schlichting
9523	Torino
9524	O'Rourke
9525	Amandasickafoose
9526	Billmckinnon
9527	Sherrypervan
9528	Kuppers
9529	Protopapa
9530	Kelleymichael
9531	Jean-Luc
9532	Abramenko
9533	Aleksejleonov
9535	Plitchenko
9536	Statler
9537	Nolan
9539	Prishvin
9540	Mikhalkov
9541	Magri
9542	Eryan
9543	Nitra
9544	Scottbirney
9545	Petrovedomosti
9548	Fortran
9549	Akplatonov
9550	Victorblanco
9551	Kazi
9553	Colas
9554	Dumont
9555	Frejakocha
9556	Gaywray
9560	Anguita
9561	van Eyck
9562	Memling
9563	Kitty
9564	Jeffwynn
9565	Tikhonov
9566	Rykhlova
9567	Surgut
9569	Quintenmatsijs
9573	Matsumotomas
9574	Taku
9576	van der Weyden
9577	Gropius
9578	Klyazma
9579	Passchendaele
9580	Tarumi
9583	Clerke
9584	Louchheim
9587	Bonpland
9588	Quesnay
9589	Deridder
9590	Hyria
9592	Clairaut
9594	Garstang
9599	Onotomoko
9602	Oya
9604	Bellevanzuylen
9609	Ponomarevalya
9610	Vischer
9611	Anouck
9612	Belgorod
9614	Cuvier
9615	Hemerijckx
9617	Grahamchapman
9618	Johncleese
9619	Terrygilliam
9620	Ericidle
9621	Michaelpalin
9622	Terryjones
9623	Karlsson
9626	Stanley
9628	Sendaiotsuna
9629	Servet
9630	Castellion
9631	Hubertreeves
9632	Sudo
9633	Cotur
9634	Vodice
9636	Emanuelaspessot
9637	Perryrose
9638	Fuchs
9639	Scherer
9640	Lippens
9641	Demaziere
9642	Takatahiro
9645	Grunewald
9648	Gotouhideo
9649	Junfukue
9650	Okadaira
9651	Arii-SooHoo
9654	Seitennokai
9655	Yaburanger
9656	Kurokawahiroki
9657	Ucka
9658	Imabari
9660	Brucewillis
9661	Hohmann
9662	Frankhubbard
9663	Zwin
9664	Brueghel
9665	Inastronoviny
9667	Amastrinc
9668	Tianyahaijiao
9669	Symmetria
9670	Magni
9671	Hemera
9672	Rosenbergerezek
9673	Kunishimakoto
9674	Slovenija
9676	Eijkman
9677	Gowlandhopkins
9678	van der Meer
9679	Crutzen
9680	Molina
9681	Sherwoodrowland
9682	Gravesande
9683	Rambaldo
9684	Olieslagers
9685	Korteweg
9686	Keesom
9687	Uhlenbeck
9688	Goudsmit
9689	Freudenthal
9690	Houtgast
9691	Zwaan
9692	Kuperus
9693	Bleeker
9694	Lycomedes
9695	Johnheise
9696	Jaffe
9697	Louwman
9698	Idzerda
9699	Baumhauer
9700	Paech
9701	Mak
9702	Tomvandijk
9703	Sussenbach
9704	Georgebeekman
9705	Drummen
9706	Bouma
9707	Petruskoning
9708	Gouka
9709	Chrisnell
9711	Zeletava
9712	Nauplius
9713	Oeax
9714	Piazzismyth
9715	Paolotanga
9716	Severina
9717	Lyudvasilia
9718	Gerbefremov
9719	Yakage
9720	Ulfbirgitta
9721	Doty
9722	Levi-Montalcini
9723	Binyang
9724	Villanueva
9725	Wainscoat
9726	Verbiscer
9727	Skrutskie
9728	Videen
9732	Juchnovski
9733	Valtikhonov
9737	Dudarova
9739	Powell
9741	Solokhin
9742	Worpswede
9743	Tohru
9744	Nielsen
9745	Shinkenwada
9746	Kazukoichikawa
9748	van Ostaijen
9749	Van den Eijnde
9751	Kadota
9756	Ezaki
9757	Felixdejager
9758	Dainty
9761	Krautter
9762	Hermannhesse
9764	Morgenstern
9766	Bradbury
9767	Midsomer Norton
9768	Stephenmaran
9769	Nautilus
9770	Discovery
9774	Annjudge
9775	Joeferguson
9777	Enterprise
9778	Isabelallende
9780	Bandersnatch
9781	Jubjubbird
9782	Edo
9783	Tensho-kan
9784	Yotsubashi
9785	Senjikan
9786	Gakutensoku
9788	Yagami
9790	Deipyrus
9791	Kamiyakurai
9792	Nonodakesan
9793	Torvalds
9795	Deprez
9796	Robotti
9797	Raes
9799	Thronium
9800	Shigetoshi
9801	Mikewang
9804	Shrikulkarni
9807	Rhene
9808	Navamijain
9809	Jimdarwin
9810	Elanfiller
9811	Cavadore
9812	Danco
9813	Rozgaj
9814	Ivobenko
9815	Mariakirch
9816	von Matt
9817	Thersander
9818	Eurymachos
9819	Sangerhausen
9820	Hempel
9821	Gitakresakova
9822	Hajdukova
9823	Annantalova
9824	Marylea
9825	Oetken
9826	Ehrenfreund
9828	Antimachos
9829	Murillo
9830	Franciswasiak
9831	Simongreen
9832	Xiaobinwang
9833	Rilke
9834	Kirsanov
9836	Aarseth
9837	Jerryhorow
9838	Falz-Fein
9839	Crabbegat
9841	Masek
9842	Funakoshi
9843	Braidwood
9844	Otani
9845	Okamuraosamu
9848	Yugra
9850	Ralphcopeland
9851	Sakamoto
9852	Gora
9853	l'Epee
9854	Karlheinz
9855	Thomasdick
9857	Hecamede
9859	Van Lierde
9860	Archaeopteryx
9861	Jahreiss
9863	Reichardt
9865	Akiraohta
9866	Kanaimitsuo
9869	Yadoumaru
9870	Maehata
9871	Jeon
9872	Solf
9873	Freundlich
9878	Sostero
9879	Mammuthus
9880	Stegosaurus
9881	Sampson
9882	Stallman
9883	Veecas
9884	Pribram
9885	Linux
9886	Aoyagi
9887	Ashikaga
9891	Stephensmith
9892	Meigetsuki
9893	Sagano
9897	Malerba
9898	Yoshiro
9899	Greaves
9900	Llull
9902	Kirkpatrick
9903	Leonhardt
9904	Mauratombelli
9905	Tiziano
9906	Tintoretto
9907	Oileus
9908	Aue
9909	Eschenbach
9910	Vogelweide
9911	Quantz
9912	Donizetti
9913	Humperdinck
9914	Obukhova
9915	Potanin
9916	Kibirev
9917	Keynes
9918	Timtrenkle
9919	Undset
9920	Bagnulo
9921	Rubincam
9922	Catcheller
9923	Ronaldthiel
9924	Corrigan
9925	Juliehoskin
9926	Desch
9927	Tyutchev
9929	McConnell
9930	Billburrows
9931	Herbhauptman
9932	Kopylov
9933	Alekseev
9934	Caccioppoli
9936	Al-Biruni
9937	Triceratops
9938	Kretlow
9941	Iguanodon
9943	Bizan
9945	Karinaxavier
9947	Takaishuji
9949	Brontosaurus
9950	ESA
9951	Tyrannosaurus
9954	Brachiosaurus
9956	Castellaz
9957	Raffaellosanti
9960	Sekine
9962	Pfau
9963	Sandage
9964	Hideyonoguchi
9965	GNU
9967	Awanoyumi
9968	Serpe
9969	Braille
9971	Ishihara
9972	Minoruoda
9973	Szpilman
9974	Brody
9975	Takimotokoso
9977	Kentakunimoto
9981	Kudo
9983	Rickfienberg
9984	Gregbryant
9985	Akiko
9986	Hirokun
9987	Peano
9988	Erictemplebell
9990	Niiyaeki
9991	Anezka
9993	Kumamoto
9994	Grotius
9995	Alouette
9996	ANS
9997	COBE
9998	ISO
9999	Wiles
10000	Myriostos
10001	Palermo
10002	Bagdasarian
10003	Caryhuang
10004	Igormakarov
10005	Chernega
10006	Sessai
10007	Malytheatre
10008	Raisanyo
10009	Hirosetanso
10010	Rudruna
10011	Avidzba
10012	Tmutarakania
10013	Stenholm
10014	Shaim
10015	Valenlebedev
10016	Yugan
10017	Jaotsungi
10018	Lykawka
10019	Wesleyfraser
10020	Bagenal
10021	Henja
10022	Zubov
10023	Vladifedorov
10024	Marthahazen
10025	Rauer
10026	Sophiexeon
10027	Perozzi
10028	Bonus
10029	Hiramperkins
10030	Philkeenan
10031	Vladarnolda
10032	Hans-Ulrich
10033	Bodewits
10034	Birlan
10035	Davidgheesling
10036	McGaha
10037	Raypickard
10038	Tanaro
10039	Keet Seel
10040	Ghillar
10041	Parkinson
10042	Budstewart
10043	Janegann
10044	Squyres
10045	Dorarussell
10046	Creighton
10047	Davidchapman
10048	Gronbech
10049	Vorovich
10050	Rayman
10051	Albee
10052	Nason
10053	Noeldetilly
10054	Solomin
10055	Silcher
10056	Johnschroer
10057	L'Obel
10058	Ikwilliamson
10059	McCullough
10060	Amymilne
10061	Ndolaprata
10062	Kimhay
10063	Erinleeryan
10064	Hirosetamotsu
10065	Greglisk
10066	Pihack
10067	Bertuch
10068	Dodoens
10069	Fontenelle
10070	Liuzongli
10071	Paraguay
10072	Uruguay
10073	Peterhiscocks
10074	Van den Berghe
10075	Campeche
10076	Rogerhill
10077	Raykoenig
10078	Stanthorpe
10079	Meunier
10080	Macevans
10081	Dantaylor
10082	Bronson
10083	Gordonanderson
10084	Rossparker
10085	Jekennedy
10086	McCurdy
10087	Dechesne
10088	Digne
10089	Turgot
10090	Sikorsky
10091	Bandaisan
10092	Sasaki
10093	Diesel
10094	Eijikato
10095	Carlloewe
10096	Colleenohare
10097	Humbroncos
10098	Jaymiematthews
10099	Glazebrook
10100	Burgel
10101	Fourier
10102	Digerhuvud
10103	Jungfrun
10104	Hoburgsgubben
10105	Holmhallar
10106	Lergrav
10107	Kenny
10108	Tomlinson
10109	Sidhu
10110	Jameshead
10111	Fresnel
10112	Skookumjim
10113	Alantitle
10114	Greifswald
10116	Robertfranz
10117	Tanikawa
10118	Jiwu
10119	Remarque
10120	Ypres
10121	Arzamas
10122	Froding
10123	Fideoja
10124	Hemse
10125	Stenkyrka
10126	Larbro
10127	Frojel
10128	Bro
10129	Fole
10130	Ardre
10131	Stanga
10132	Lummelunda
10133	Gerdahorneck
10134	Joycepenner
10135	Wimhermsen
10136	Gauguin
10137	Thucydides
10138	Ohtanihiroshi
10139	Ronsard
10140	Villon
10141	Gotenba
10142	Sakka
10143	Kamogawa
10144	Bernardbigot
10146	Mukaitadashi
10147	Mizugatsuka
10148	Shirase
10149	Cavagna
10151	Rubens
10152	Ukichiro
10153	Goldman
10154	Tanuki
10155	Numaguti
10156	Darnley
10157	Asagiri
10158	Taroubou
10159	Tokara
10160	Totoro
10161	Nakanoshima
10162	Issunboushi
10163	Onomichi
10164	Akusekijima
10166	Takarajima
10167	Yoshiwatiso
10168	Stony Ridge
10169	Ogasawara
10170	Petrjakes
10171	Takaotengu
10172	Humphreys
10173	Hanzelkazikmund
10174	Emicka
10175	Aenona
10176	Gaiavettori
10177	Ellison
10178	Iriki
10179	Ishigaki
10181	Davidacomba
10182	Junkobiwaki
10183	Ampere
10184	Galvani
10185	Gaudi
10186	Albeniz
10188	Yasuoyoneda
10189	Normanrockwell
10190	Suzannedodd
10191	Scottbolton
10193	Nishimoto
10194	Tonygeorge
10195	Nebraska
10196	Akiraarai
10197	Senigalliesi
10198	Pinelli
10199	Chariklo
10200	Quadri
10201	Korado
10202	Mioaramandea
10203	Flinders
10204	Turing
10205	Pokorny
10207	Comeniana
10208	Germanicus
10209	Izanaki
10210	Nathues
10211	La Spezia
10213	Koukolik
10215	Lavilledemirmont
10216	Popastro
10217	Richardcook
10218	Bierstadt
10219	Penco
10220	Pigott
10221	Kubrick
10222	Klotz
10223	Zashikiwarashi
10224	Hisashi
10226	Seishika
10227	Izanami
10230	Andrewnorton
10233	Le Creusot
10234	Sixtygarden
10236	Aayushkaran
10237	Adzic
10238	Ananyakarthik
10239	Hermann
10241	Milicevic
10242	Wasserkuppe
10243	Hohe Meissner
10244	Thuringer Wald
10245	Inselsberg
10246	Frankenwald
10247	Amphiaraos
10248	Fichtelgebirge
10249	Harz
10250	Hellahaasse
10251	Mulisch
10252	Heidigraf
10253	Westerwald
10254	Hunsruck
10255	Taunus
10256	Vredevoogd
10257	Garecynthia
10258	Sarneczky
10259	Osipovyurij
10261	Nikdollezhal'
10262	Samoilov
10263	Vadimsimona
10264	Marov
10265	Gunnarsson
10266	Vladishukhov
10267	Giuppone
10269	Tusi
10270	Skoglov
10271	Dymond
10272	Yuko
10273	Katvolk
10274	Larryevans
10275	Nathankaib
10276	Matney
10277	Micheli
10278	Virkki
10279	Rhiannonblaauw
10280	Yequanzhi
10281	Libourel
10282	Emilykramer
10283	Cromer
10284	Damienlemay
10285	Renemichelsen
10286	Shnollia
10287	Smale
10288	Saville
10289	Geoffperry
10290	Kettering
10293	Pribina
10295	Hippolyta
10296	Rominadisisto
10297	Lynnejones
10298	Jiangchuanhuang
10300	Tanakadate
10301	Kataoka
10303	Freret
10304	Iwaki
10305	Grignard
10306	Pagnol
10310	Delacroix
10311	Fantin-Latour
10313	Vanessa-Mae
10315	Brewster
10316	Williamturner
10318	Sumaura
10319	Toshiharu
10320	Reiland
10321	Rampo
10322	Mayuminarita
10323	Frazer
10324	Vladimirov
10325	Bexa
10326	Kuragano
10327	Batens
10330	Durkheim
10331	Peterbluhm
10332	Defi
10333	Portnoff
10334	Gibbon
10340	Jostjahn
10343	Church
10344	Llanodelhato
10346	Triathlon
10347	Murom
10348	Poelchau
10350	Spallanzani
10351	Seiichisato
10352	Kawamura
10353	Momotaro
10354	Guillaumebude
10355	Kojiroharada
10356	Rudolfsteiner
10358	Kirchhoff
10361	Bunsen
10364	Tainai
10365	Kurokawa
10366	Shozosato
10367	Sayo
10368	Kozuki
10369	Sinden
10370	Hylonome
10371	Gigli
10372	Moran
10373	MacRobert
10374	Etampes
10375	Michiokuga
10376	Chiarini
10377	Kilimanjaro
10378	Ingmarbergman
10379	Lake Placid
10380	Berwald
10381	Malinsmith
10382	Hadamard
10385	Amaterasu
10386	Romulus
10387	Bepicolombo
10388	Zhuguangya
10389	Robmanning
10390	Lenka
10392	Brace
10395	Jirkahorn
10399	Nishiharima
10400	Hakkaisan
10401	Masakoba
10403	Marcelgrun
10404	McCall
10405	Yoshiaki
10410	Yangguanghua
10412	Tsukuyomi
10413	Pansecchi
10415	Mali Losinj
10416	Kottler
10421	Dalmatin
10423	Dajcic
10424	Gaillard
10425	Landfermann
10426	Charlierouse
10427	Klinkenberg
10428	Wanders
10429	van Woerden
10430	Martschmidt
10431	Pottasch
10432	Ullischwarz
10433	Ponsen
10434	Tinbergen
10435	Tjeerd
10436	Janwillempel
10437	van der Kruit
10438	Ludolph
10439	van Schooten
10440	van Swinden
10441	van Rijckevorsel
10442	Biezenzo
10443	van der Pol
10444	de Hevesy
10445	Coster
10446	Siegbahn
10447	Bloembergen
10448	Schawlow
10449	Takuma
10450	Girard
10452	Zuev
10453	Banzan
10454	Vallenar
10455	Donnison
10456	Anechka
10457	Suminov
10458	Sfranke
10459	Vladichaika
10460	Correa-Otto
10461	Dawilliams
10462	Saxogrammaticus
10463	Bannister
10464	Jessie
10465	Olkin
10466	Marius-Ioan
10467	Peterbus
10468	Itacuruba
10469	Krohn
10470	Bartczak
10471	Marciniak
10472	Santana-Ros
10473	Thirouin
10474	Pecina
10475	Maxpoilane
10476	Los Molinos
10477	Lacumparsita
10478	Alsabti
10479	Yiqunchen
10480	Jennyblue
10481	Esipov
10482	Dangrieser
10483	Tomburns
10484	Hecht
10485	Sarahyeomans
10486	Teron
10487	Danpeterson
10489	Keinonen
10491	Chou
10492	Mizzi
10493	Pulliah
10494	Jenniferwest
10498	Bobgent
10499	Sarty
10500	Nishi-koen
10501	Ardmacha
10502	Armaghobs
10503	Johnmarks
10504	Doga
10505	Johnnycash
10506	Rydberg
10508	Haughey
10509	Heinrichkayser
10510	Maxschreier
10512	Yamandu
10513	Mackie
10514	Harlow
10515	Old Joe
10516	Sakurajima
10521	Jeremyhansen
10523	D'Haveloose
10524	Maniewski
10526	Ginkogino
10529	Giessenburg
10538	Torode
10540	Hachigoroh
10541	Malesherbes
10542	Ruckers
10543	Klee
10544	Horsnebara
10545	Kallunge
10546	Nakanomakoto
10547	Yosakoi
10549	Helsingborg
10550	Malmo
10551	Goteborg
10552	Stockholm
10553	Stenkumla
10554	Vasterhejde
10555	Tagaharue
10557	Rowland
10558	Karlstad
10559	Yukihisa
10560	Michinari
10561	Shimizumasahiro
10563	Izhdubar
10566	Zabadak
10567	Francobressan
10568	Yoshitanaka
10569	Kinoshitamasao
10570	Shibayasuo
10572	Kominejo
10573	Piani
10577	Jihcesmuzeum
10579	Diluca
10581	Jenikhollan
10582	Harumi
10583	Kanetugu
10584	Ferrini
10585	Wabi-Sabi
10586	Jansteen
10587	Strindberg
10588	Adamcrandall
10589	Giusimicela
10590	Ragazzoni
10591	Caverni
10592	Chakrabarty
10593	Susannesandra
10596	Stevensimpson
10598	Markrees
10601	Hiwatashi
10602	Masakazu
10604	Susanoo
10605	Guidoni
10606	Crocco
10607	Amandahatton
10608	Mameta
10609	Hirai
10611	Yanjici
10612	Houffalize
10613	Kushinadahime
10616	Inouetakeshi
10617	Takumi
10619	Ninigi
10626	Zajic
10627	Ookuninushi
10628	Feuerbacher
10629	Krishnamani
10631	Koppes
10633	Akimasa
10634	Pepibican
10635	Chiragkumar
10637	Heimlich
10638	McGlothlin
10639	Gleason
10640	Varunkumar
10642	Charmaine
10645	Brac
10646	Machielalberts
10647	Meesters
10648	Plancius
10649	VOC
10650	Houtman
10651	van Linschoten
10652	Blaeu
10653	Witsen
10654	Bontekoe
10655	Pietkeyser
10656	Albrecht
10657	Wanach
10658	Gretadevries
10659	Sauerland
10660	Felixhormuth
10661	Teutoburgerwald
10662	Peterwisse
10663	Schwarzwald
10664	Phemios
10665	Ortigao
10666	Feldberg
10667	van Marxveldt
10668	Plansos
10669	Herfordia
10670	Seminozhenko
10671	Mazurova
10672	Kostyukova
10673	Berezhnoy
10674	de Elia
10675	Kharlamov
10676	Jamesmcdanell
10677	Colucci
10678	Alilagoa
10679	Chankaochang
10680	Ermakov
10681	Khture
10682	Kutryk
10683	Carter
10684	Babkina
10685	Kharkivuniver
10686	Kaluna
10688	Haghighipour
10689	Pinillaalonso
10690	Massera
10691	Sans
10692	Opeil
10693	Zangari
10694	Lacerda
10695	Yasunorifujiwara
10696	Giuliattiwinter
10697	Othonwinter
10698	Singer
10699	Calabrese
10700	Juanangelviera
10701	Marilynsimons
10702	Arizorcas
10703	Saint-Jacques
10704	Sidey
10707	Prunariu
10708	Richardspalding
10709	Ottofranz
10711	Pskov
10712	Malashchuk
10713	Limorenko
10715	Nagler
10716	Olivermorton
10717	Dickwalker
10718	Samus'
10719	Andamar
10720	Danzl
10721	Tuterov
10722	Monari
10723	Tobiashinse
10724	Carolraymond
10725	Sukunabikona
10726	Elodie
10727	Akitsushima
10728	Vladimirfock
10729	Tsvetkova
10730	White
10731	Dollyparton
10733	Georgesand
10734	Wieck
10735	Seine
10736	Marybruck
10737	Bruck
10738	Marcoaldo
10739	Lowman
10740	Fallersleben
10741	Valeriocarruba
10744	Tsuruta
10745	Arnstadt
10746	Muhlhausen
10747	Kothen
10749	Musaus
10753	van de Velde
10758	Aldoushuxley
10760	Ozeki
10761	Lyubimets
10762	von Laue
10763	Hlawka
10764	Rubezahl
10767	Toyomasu
10768	Sarutahiko
10769	Minas Gerais
10770	Belo Horizonte
10771	Ouro Preto
10773	Jamespaton
10774	Eisenach
10775	Leipzig
10776	Musashitomiyo
10778	Marcks
10780	Apollinaire
10781	Ritter
10782	Hittmair
10784	Noailles
10785	Dejaiffe
10786	Robertmayer
10787	Ottoburkard
10789	Mikeread
10791	Uson
10792	Ecuador
10793	Quito
10794	Vange
10795	Babben
10796	Sollerman
10797	Guatemala
10799	Yucatan
10801	Luneburg
10802	Masamifuruya
10803	Caleyo
10804	Amenouzume
10805	Iwano
10806	Mexico
10807	Uggarde
10808	Digerrojr
10809	Majsterrojr
10810	Lejsturojr
10811	Lau
10812	Grotlingbo
10813	Masterby
10814	Gnisvard
10815	Ostergarn
10819	Mahakala
10820	Offenbach
10821	Kimuratakeshi
10822	Yasunori
10823	Sakaguchi
10825	Augusthermann
10827	Doikazunori
10828	Tomjones
10829	Matsuobasho
10830	Desforges
10831	Takamagahara
10832	Hazamashigetomi
10834	Zembsch-Schreve
10835	Frobel
10837	Yuyakekoyake
10838	Lebon
10839	Hufeland
10841	Ericforbes
10847	Koch
10849	Onigiri
10850	Denso
10853	Aimoto
10856	Bechstein
10857	Bluthner
10861	Ciske
10863	Oye
10864	Yamagatashi
10865	Thelmaruby
10866	Peru
10867	Lima
10870	Gwendolen
10872	Vaculik
10874	Locatelli
10875	Veracini
10877	Jiangnan Tianchi
10878	Moriyama
10880	Kaguya
10882	Shinonaga
10884	Tsuboimasaki
10885	Horimasato
10886	Mitsuroohba
10888	Yamatano-orochi
10891	Fink
10892	Gianna
10894	Nakai
10895	Aynrand
10900	Folkner
10902	Hebeishida
10907	Savalle
10908	Kallestroetzel
10911	Ziqiangbuxi
10914	Tucker
10916	Okina-Ouna
10918	Kodaly
10919	Pepikzicha
10921	Romanozen
10922	Thomaslam
10923	Gabrielleliu
10924	Mariagriffin
10925	Ventoux
10926	Hayeri
10927	Vaucluse
10928	Caprara
10929	Chenfangyun
10930	Jinyong
10931	Ceccano
10932	Rebentrost
10934	Pauldelvaux
10937	Ferris
10938	Lorenzalevy
10939	Maheshwari
10941	Mamidala
10942	Natashamaniar
10943	Brunier
10947	Kaiserstuhl
10948	Odenwald
10949	Konigstuhl
10950	Albertjansen
10951	Spessart
10952	Vogelsberg
10953	Gerdatschira
10954	Spiegel
10955	Harig
10956	Vosges
10957	Alps
10958	Mont Blanc
10959	Appennino
10960	Gran Sasso
10961	Buysballot
10962	Sonnenborgh
10963	van der Brugge
10964	Degraaff
10965	van Leverink
10966	van der Hucht
10967	Billallen
10968	Sterken
10969	Perryman
10970	de Zeeuw
10971	van Dishoeck
10972	Merbold
10973	Thomasreiter
10974	Carolalbert
10975	Schelderode
10976	Wubbena
10977	Mathlener
10978	Barbchen
10979	Fristephenson
10980	Breimer
10981	Fransaris
10982	Poerink
10983	Smolders
10984	Gispen
10985	Feast
10986	Govert
10988	Feinstein
10989	Dolios
10990	Okunev
10991	Dulov
10992	Veryuslaviya
10994	Fouchard
10996	Armandspitz
10997	Gahm
10999	Braga-Ribas
11001	Andrewulff
11002	Richardlis
11003	Andronov
11004	Stenmark
11005	Waldtrudering
11006	Gilson
11007	Granahan
11008	Ernst
11009	Sigridclose
11010	Artemieva
11012	Henning
11013	Kullander
11014	Svatopluk
11015	Romanenko
11016	Borisov
11017	Billputnam
11019	Hansrott
11020	Orwell
11021	Fodera
11022	Serio
11026	Greatbotkin
11027	Astaf'ev
11033	Mazanek
11037	Distler
11039	Raynal
11040	Wundt
11041	Fechner
11042	Ernstweber
11043	Pepping
11050	Messiaen
11051	Racine
11055	Honduras
11056	Volland
11059	Nulliusinverba
11061	Lagerlof
11063	Poynting
11064	Dogen
11066	Sigurd
11067	Greenancy
11069	Bellqvist
11072	Hiraoka
11073	Cavell
11074	Kuniwake
11075	Donhoff
11079	Mitsunori
11081	Persave
11082	Spilliaert
11083	Caracas
11084	Gio
11085	Isala
11086	Nagatayuji
11087	Yamasakimakoto
11090	Popelin
11091	Thelonious
11092	Iwakisan
11094	Cuba
11095	Havana
11098	Ginsberg
11099	Sonodamasaki
11100	Lai
11101	Ceskafilharmonie
11102	Bertorighini
11103	Miekerouppe
11104	Airion
11105	Puchnarova
11107	Hakkoda
11108	Hachimantai
11109	Iwatesan
11111	Repunit
11112	Cagnoli
11115	Kariya
11117	Giuseppeolongo
11118	Modra
11119	Taro
11120	Pancaldi
11121	Malpighi
11122	Eliscolombini
11123	Aliciaclaire
11124	Mikulasek
11126	Dolecek
11127	Hagi
11128	Ostravia
11129	Hayachine
11132	Horne
11133	Kumotori
11134	Ceske Budejovice
11135	Ryokami
11136	Shirleymarinus
11137	Yarigatake
11138	Hotakadake
11139	Qingdaoligong
11140	Yakedake
11141	Jindrawalter
11142	Facchini
11144	Radiocommunicata
11145	Emanuelli
11146	Kirigamine
11147	Delmas
11148	Einhardress
11149	Tateshina
11150	Bragg
11151	Oodaigahara
11152	Oomine
11154	Kobushi
11155	Kinpu
11156	Al-Khwarismi
11158	Cirou
11159	Mizugaki
11160	Wechsler
11161	Daibosatsu
11163	Milesovka
11165	Mariocabrera
11166	Anatolefrance
11167	Kunzak
11169	Alkon
11170	Bradenmilford
11173	Jayanderson
11174	Carandrews
11176	Batth
11178	Emmajoy
11179	Ahmadperez
11180	Brentperlman
11184	Postma
11187	Richoliver
11189	Rabeaton
11190	Jennibell
11191	Paskvic
11193	Merida
11194	Mirna
11195	Woomera
11196	Michanikos
11197	Beranek
11201	Talich
11202	Teddunham
11203	Danielbetten
11206	Bibee
11207	Black
11210	Kevinqian
11211	Saxena
11212	Tebbutt
11214	Ruhisayana
11216	Billhubbard
11219	Benbohn
11225	Borden
11227	Ksenborisova
11228	Botnick
11229	Brookebowers
11230	Deschaffer
11231	Schiavo
11238	Johanmaurits
11239	Marcgraf
11240	Piso
11241	Eckhout
11242	Franspost
11243	de Graauw
11244	Andrekuipers
11245	Hansderijk
11246	Orvillewright
11247	Wilburwright
11248	Bleriot
11249	Etna
11251	Icarion
11252	Laertes
11253	Mesyats
11254	Konkohekisui
11255	Fujiiekio
11256	Fuglesang
11257	Rodionta
11258	Aoyama
11259	Yingtungchen
11260	Camargo
11261	Krisbecker
11262	Drube
11263	Pesonen
11264	Claudiomaccone
11265	Hasselmann
11266	Macke
11267	Donaldkessler
11268	Spassky
11269	Knyr
11274	Castillo-Rogez
11277	Ballard
11278	Telesio
11280	Sakurai
11282	Hanakusa
11284	Belenus
11288	Okunohosomichi
11289	Frescobaldi
11292	Bunjisuzuki
11294	Kazu
11295	Gustaflarsson
11296	Denzen
11298	Gide
11299	Annafreud
11302	Rubicon
11304	Cowra
11305	Ahlqvist
11306	Akesson
11307	Erikolsson
11308	Tofta
11309	Malus
11311	Peleus
11313	Kugelgen
11314	Charcot
11315	Salpetriere
11316	Fuchitatsuo
11317	Hitoshi
11321	Tosimatumoto
11322	Aquamarine
11323	Nasu
11324	Hayamizu
11325	Slavicky
11326	Ladislavschmied
11328	Mariotozzi
11332	Jameswatt
11333	Forman
11334	Rio de Janeiro
11335	Santiago
11336	Piranesi
11337	Sandro
11338	Schiele
11339	Orlik
11341	Babbage
11348	Allegra
11349	Witten
11350	Teresa
11351	Leucus
11352	Koldewey
11353	Guillaume
11356	Chuckjones
11359	Piteglio
11360	Formigine
11361	Orbinskij
11363	Vives
11364	Karlstejn
11365	NASA
11367	Rachelseevers
11369	Brazelton
11370	Nabrown
11371	Camley
11372	Aditisingh
11373	Carbonaro
11374	Briantaylor
11376	Taizomuta
11377	Nye
11378	Dauria
11379	Flaubert
11380	Amolsingh
11382	Juliasitu
11384	Sartre
11385	Beauvoir
11392	Paulpeeters
11395	Iphinous
11397	Eriopis
11400	Rasa
11401	Pierralba
11404	Wittig
11406	Ucciocontin
11407	Madsubramanian
11408	Zahradnik
11409	Horkheimer
11413	Catanach
11414	Allanchu
11417	Chughtai
11418	Williamwang
11419	Donjohnson
11420	Zoeweiss
11421	Cardano
11422	Alilienthal
11423	Cronin
11425	Wearydunlop
11426	Molster
11427	Willemkolff
11428	Alcinoos
11429	Demodokus
11430	Lodewijkberg
11431	Karelbosscha
11432	Kerkhoven
11433	Gemmafrisius
11434	Lohnert
11437	Cardalda
11438	Zeldovich
11440	Massironi
11441	Anadiego
11442	Seijin-Sanso
11443	Youdale
11444	Peshekhonov
11445	Fedotov
11446	Betankur
11448	Miahajdukova
11449	Stephwerner
11450	Shearer
11451	Aarongolden
11453	Canada-Assandri
11454	Mariomelita
11455	Richardstarr
11456	Cotto-Figueroa
11457	Hitomikobayashi
11458	Rosemarypike
11459	Andraspal
11460	Juliafang
11461	Wladimirneumann
11462	Hsingwenlin
11463	Petrpokorny
11464	Moser
11465	Fulvio
11466	Katharinaotto
11467	Simonporter
11468	Shantanunaidu
11469	Rozitis
11470	Davidminton
11471	Toshihirabayashi
11473	Barbaresco
11475	Velinsky
11476	Stefanosimoni
11480	Velikij Ustyug
11481	Znannya
11484	Daudet
11485	Zinzendorf
11492	Shimose
11494	Hibiki
11495	Fukunaga
11496	Grass
11498	Julgeerts
11499	Duras
11500	Tomaiyowit
11504	Kazo
11506	Toulouse-Lautrec
11507	Danpascu
11508	Stolte
11509	Thersilochos
11510	Borges
11511	Billknopf
11514	Tsunenaga
11515	Oshijyo
11516	Arthurpage
11517	Esteracuna
11518	Jung
11519	Adler
11520	Fromm
11521	Erikson
11524	Pleyel
11528	Mie
11530	d'Indy
11532	Gullin
11533	Akeback
11537	Guericke
11538	Brunico
11542	Solikamsk
11545	Hashimoto
11546	Miyoshimachi
11547	Griesser
11548	Jerrylewis
11552	Boucolion
11553	Scheria
11554	Asios
11569	Virgilsmith
11571	Daens
11572	Schindler
11573	Helmholtz
11574	d'Alviella
11575	Claudio
11577	Einasto
11578	Cimabue
11579	Tsujitsuka
11580	Bautzen
11581	Philipdejager
11582	Bleuler
11583	Breuer
11584	Ferenczi
11585	Orlandelassus
11588	Gottfriedkeller
11592	Clintkelly
11593	Uchikawa
11595	Monsummano
11596	Francetic
11598	Kubik
11600	Cipolla
11602	Miryang
11604	Novigrad
11605	Ranfagni
11606	Almary
11612	Obu
11614	Istropolitana
11615	Naoya
11620	Susanagordon
11621	Duccio
11622	Samuele
11623	Kagekatu
11625	Francelinda
11626	Church Stretton
11628	Katuhikoikeda
11636	Pezinok
11637	Yangjiachi
11652	Johnbrownlee
11656	Lipno
11657	Antonhajduk
11664	Kashiwagi
11665	Dirichlet
11666	Bracker
11667	Testa
11668	Balios
11669	Pascalscholl
11670	Fountain
11672	Cuney
11673	Baur
11675	Billboyle
11678	Brevard
11679	Brucebaker
11681	Ortner
11682	Shiwaku
11685	Adamcurry
11686	Samuelweissman
11688	Amandugan
11689	Frankxu
11690	Carodulaney
11691	Easterwood
11693	Grantelliott
11694	Esterhuysen
11695	Mattei
11696	Capen
11697	Estrella
11698	Fichtelman
11701	Madeleineyang
11702	Mifischer
11703	Glassman
11704	Gorin
11706	Rijeka
11707	Grigery
11708	Kathyfries
11709	Eudoxos
11710	Nataliehale
11711	Urquiza
11712	Kemcook
11713	Stubbs
11714	Mikebrown
11715	Harperclark
11716	Amahartman
11718	Hayward
11719	Hicklen
11720	Horodyskyj
11721	Shawnlowe
11723	Briankennedy
11724	Ronaldhsu
11725	Victoriahsu
11726	Edgerton
11727	Sweet
11728	Einer
11730	Yanhua
11735	Isabellecohen
11736	Viktorfischl
11737	Gregneat
11739	Baton Rouge
11740	Georgesmith
11743	Jachowski
11746	Thomjansen
11747	Libbykamen
11751	Davidcarroll
11752	Masatakesagai
11753	Geoffburbidge
11754	Herbig
11755	Paczynski
11756	Geneparker
11757	Salpeter
11758	Sargent
11759	Sunyaev
11760	Auwers
11761	Davidgill
11762	Vogel
11763	Deslandres
11764	Benbaillaud
11765	Alfredfowler
11766	Fredseares
11767	Milne
11768	Merrill
11769	Alfredjoy
11770	Rudominkowski
11771	Maestlin
11772	Jacoblemaire
11773	Schouten
11774	Jerne
11775	Kohler
11776	Milstein
11777	Hargrave
11778	Kingsford Smith
11779	Zernike
11780	Thunder Bay
11781	Alexroberts
11782	Nikolajivanov
11785	Migaic
11786	Bakhchivandji
11787	Baumanka
11788	Nauchnyj
11789	Kempowski
11790	Goode
11791	Sofiyavarzar
11792	Sidorovsky
11793	Chujkovia
11794	Yokokebukawa
11795	Fredrikbruhn
11796	Nirenberg
11797	Warell
11798	Davidsson
11799	Lantz
11800	Carrozzo
11801	Frigeri
11802	Ivanovski
11803	Turrini
11804	Zambon
11805	Novakovic
11806	Thangjam
11807	Wannberg
11808	Platz
11809	Shinnaka
11810	Preusker
11811	Martinrubin
11812	Dongqiao
11813	Ingorichter
11814	Schwamb
11815	Viikinkoski
11816	Vasile
11817	Oguri
11818	Ulamec
11819	Millarca
11820	Mikiyasato
11821	Coleman
11823	Christen
11824	Alpaidze
11826	Yurijgromov
11827	Wasyuzan
11828	Vargha
11829	Tuvikene
11830	Jessenius
11831	Chaple
11832	Pustylnik
11833	Dixon
11836	Eileen
11842	Kap'bos
11844	Ostwald
11846	Verminnen
11847	Winckelmann
11848	Paullouka
11849	Fauvel
11852	Shoumen
11853	Runge
11854	Ludwigrichter
11855	Preller
11856	Nicolabonev
11858	Devinpoland
11859	Danngarcia
11860	Uedasatoshi
11861	Teruhime
11868	Kleinrichert
11870	Sverige
11871	Norge
11873	Kokuseibi
11874	Gringauz
11875	Rhone
11876	Doncarpenter
11878	Hanamiyama
11881	Mirstation
11885	Summanus
11886	Kraske
11887	Echemmon
11895	Dehant
11896	Camelbeeck
11897	Lemaire
11898	Dedeyn
11899	Weill
11900	Spinoy
11905	Giacometti
11907	Naranen
11908	Nicaragua
11911	Angel
11912	Piedade
11913	Svarna
11914	Sinachopoulos
11915	Nishiinoue
11916	Wiesloch
11921	Mitamasahiro
11925	Usubae
11926	Orinoco
11927	Mount Kent
11928	Akimotohiro
11929	Uchino
11930	Osamu
11933	Himuka
11934	Lundgren
11935	Olakarlsson
11936	Tremolizzo
11941	Archinal
11942	Guettard
11943	Davidhartley
11944	Shaftesbury
11945	Amsterdam
11946	Bayle
11947	Kimclijsters
11948	Justinehenin
11949	Kagayayutaka
11950	Morellet
11951	Marcoschioppa
11955	Russrobb
11956	Tamarakate
11958	Galiani
11959	Okunokeno
11963	Ignace
11964	Prigogine
11965	Catullus
11966	Plateau
11967	Boyle
11968	Demariotte
11969	Gay-Lussac
11970	Palitzsch
11974	Yasuhidefujita
11976	Josephthurn
11977	Leonrisoldi
11978	Makotomasako
11980	Ellis
11981	Boncompagni
11984	Manet
11987	Yonematsu
11997	Fassel
11998	Fermilab
12001	Gasbarini
12002	Suess
12003	Hideosugai
12005	Delgiudice
12006	Hruschka
12007	Fermat
12008	Kandrup
12010	Kovarov
12012	Kitahiroshima
12013	Sibatahosimi
12014	Bobhawkes
12016	Green
12022	Hilbert
12027	Masaakitanaka
12028	Annekinney
12031	Kobaton
12032	Ivory
12033	Anselmo
12035	Ruggieri
12040	Jacobi
12042	Laques
12044	Fabbri
12045	Klein
12047	Hideomitani
12050	Humecronyn
12051	Picha
12052	Aretaon
12053	Turtlestar
12056	Yoshigeru
12057	Alfredsturm
12059	du Chatelet
12061	Alena
12062	Tilmanspohn
12064	Guiraudon
12065	Jaworski
12067	Jeter
12068	Khandrika
12069	Michaelbruno
12070	Kilkis
12071	Davykim
12072	Anupamakotha
12073	Larimer
12074	Carolinelau
12075	Legg
12077	Frankthorne
12078	Ikezi
12079	Kaibab
12083	Darone
12084	Unno
12085	Susanmoore
12086	Joshualevine
12087	Tiffanylin
12088	Macalintal
12089	Maichin
12091	Jesmalmquist
12092	Erinorourke
12093	Chrimatthews
12094	Mazumder
12095	Pinel
12097	Peterlowen
12099	Meigooni
12100	Amiens
12101	Trujillo
12102	Piazzolla
12104	Chesley
12106	Menghuan
12107	Reneebarcia
12108	Jamesaustin
12111	Ulm
12112	Sprague
12113	Hollows
12115	Robertgrimm
12117	Meagmessina
12118	Mirotsin
12119	Memamis
12120	Rebeccagrella
12121	Greenwald
12123	Pazin
12124	Hvar
12125	Jamesjones
12126	Chersidamas
12127	Mamiya
12128	Palermiti
12130	Mousa
12131	Echternach
12132	Wimfroger
12133	Titulaer
12134	Hansfriedeman
12135	Terlingen
12136	Martinryle
12137	Williefowler
12138	Olinwilson
12139	Tomcowling
12140	Johnbolton
12141	Chushayashi
12142	Franklow
12143	Harwit
12144	Einhart
12145	Behaim
12146	Ostriker
12147	Bramante
12148	Caravaggio
12149	Begas
12150	De Ruyter
12151	Oranje-Nassau
12152	Aratus
12153	Conon
12154	Callimachus
12155	Hyginus
12156	Ubels
12157	Konnen
12158	Tape
12159	Bettybiegel
12160	Karelwakker
12161	Avienius
12162	Bilderdijk
12163	Manilius
12164	Lowellgreen
12165	Ringleb
12166	Oliverherrmann
12167	Olivermuller
12168	Polko
12169	Munsterman
12170	Vanvollenhoven
12171	Johannink
12172	Niekdekort
12173	Lansbergen
12174	van het Reve
12175	Wimhermans
12176	Hidayat
12177	Raharto
12178	Dhani
12179	Taufiq
12180	Kistemaker
12182	Storm
12183	Caltonen
12184	Trevormerkley
12185	Gasprinskij
12186	Mitukurigen
12187	Lenagoryunova
12188	Kalaallitnunaat
12189	Dovgyj
12190	Sarkisov
12191	Vorontsova
12192	Gregbollendonk
12195	Johndavidniemann
12196	Weems
12197	Jan-Otto
12199	Sohlman
12200	Richlipe
12201	Spink
12202	Toddgregory
12203	Gehling
12204	Jonpineau
12205	Basharp
12206	Prats
12207	Matthewbeasley
12208	Jacobenglander
12209	Jennalynn
12210	Prykull
12211	Arnoschmidt
12214	Miroshnikov
12215	Jessicalounsbury
12218	Fleischer
12219	Grigor'ev
12220	Semenchur
12221	Ogatakoan
12222	Perotto
12223	Hoskin
12224	Jimcornell
12225	Yanfernandez
12226	Caseylisse
12227	Penney
12229	Paulsson
12234	Shkuratov
12235	Imranakperov
12237	Coughlin
12238	Actor
12239	Carolinakou
12240	Droste-Hulshoff
12241	Lefort
12242	Koon
12244	Werfel
12246	Pliska
12247	Michaelsekerak
12248	Russellcarpenter
12249	Hannorein
12252	Gwangju
12257	Lassine
12258	Oscarwilde
12259	Szukalski
12261	Ledouanier
12262	Nishio
12267	Denneau
12270	Bozar
12272	Geddylee
12275	Marcelgoffin
12276	IJzer
12277	Tajimasatonokai
12278	Kisohinoki
12279	Laon
12280	Reims
12281	Chaumont
12282	Crombecq
12284	Pohl
12286	Poiseuille
12287	Langres
12288	Verdun
12289	Carnot
12291	Gohnaumann
12292	Dalton
12294	Avogadro
12295	Tasso
12298	Brecht
12301	Eotvos
12306	Pebronstein
12309	Tommygrav
12310	Londontario
12311	Ingemyr
12312	Vate
12317	Madicampbell
12318	Kastner
12320	Loschmidt
12321	Zurakowski
12323	Haeckel
12324	Van Rompaey
12325	Bogota
12326	Shirasaki
12327	Terbruggen
12329	Liebermann
12335	Tatsukushi
12339	Carloo
12340	Stalle
12341	Calevoet
12342	Kudohmichiko
12343	Martinbeech
12349	Akebonozou
12350	Feuchtwanger
12352	Jepejacobsen
12353	Marquez
12354	Hemmerechts
12355	Coelho
12356	Carlscheele
12357	Toyako
12358	Azzurra
12359	Cajigal
12360	Unilandes
12362	Mumuryk
12363	Marinmarais
12364	Asadagouryu
12365	Yoshitoki
12366	Luisapla
12367	Ourinhos
12368	Mutsaers
12369	Pirandello
12370	Kageyasu
12372	Kagesuke
12373	Lancearmstrong
12374	Rakhat
12376	Cochabamba
12378	Johnston
12379	Thulin
12380	Sciascia
12381	Hugoclaus
12382	Niagara Falls
12383	Eboshi
12384	Luigimartella
12386	Nikolova
12387	Tomokofujiwara
12388	Kikunokai
12391	Ecoadachi
12395	Richnelson
12396	Amyphillips
12397	Peterbrown
12398	Pickhardt
12399	Bartolini
12400	Katumaru
12401	Tucholsky
12405	Nespoli
12406	Zvikov
12407	Riccardi
12408	Fujioka
12409	Bukovanska
12410	Donald Duck
12411	Tannokayo
12412	Muchisachie
12413	Johnnyweir
12414	Bure
12415	Wakatatakayo
12418	Tongling
12421	Zhenya
12423	Slotin
12426	Racquetball
12431	Webster
12432	Usuda
12433	Barbieri
12435	Sudachi
12437	Westlane
12439	Okasaki
12440	Koshigayaboshi
12442	Beltramemass
12443	Paulsydney
12444	Prothoon
12445	Sirataka
12446	Juliabryant
12447	Yatescup
12448	Mr. Tompkins
12456	Genichiaraki
12460	Mando
12464	Manhattan
12465	Perth Amboy
12468	Zachotin
12469	Katsuura
12470	Pinotti
12471	Larryscherr
12472	Samadhi
12473	Levi-Civita
12477	Haiku
12478	Suzukiseiji
12479	Ohshimaosamu
12481	Streuvels
12482	Pajka
12485	Jenniferharris
12490	Leiden
12491	Musschenbroek
12492	Tanais
12493	Minkowski
12494	Doughamilton
12496	Ekholm
12497	Ekkehard
12498	Dragesco
12500	Desngai
12501	Nord
12503	Danielpeterson
12504	Nuest
12506	Pariser
12508	Darcysloe
12509	Pathak
12511	Patil
12512	Split
12513	Niven
12514	Schommer
12515	Suiseki
12516	Karenyoung
12517	Grayzeck
12519	Pullen
12522	Rara
12524	Conscience
12525	Kathleenloia
12526	de Coninck
12527	Anneraugh
12529	Reighard
12530	Richardson
12533	Edmond
12534	Janhoet
12535	Fazlurahman
12537	Kendriddle
12539	Chaikin
12540	Picander
12541	Makarska
12542	Laver
12545	Taniamurphy
12548	Erinriley
12553	Aaronritter
12556	Kyrobinson
12557	Caracol
12561	Howard
12562	Briangrazer
12564	Ikeller
12565	Khege
12566	Derichardson
12567	Herreweghe
12568	Kuffner
12571	Occhiogrosso
12572	Sadegh
12574	LONEOS
12575	Palmaria
12576	Oresme
12577	Samra
12578	Bensaur
12579	Ceva
12580	Antonini
12581	Rovinj
12583	Buckjean
12584	Zeljkoandreic
12585	Katschwarz
12586	Juliaspeyer
12588	Arseneau
12589	Davidanand
12590	Ballantine
12591	Bergey
12592	Brianchen
12593	Shashlov
12594	Sidorclare
12595	Amandashaw
12596	Shukla
12597	Williamdaniel
12598	Sierra
12599	Singhal
12601	Tiffanyswann
12602	Tammytam
12603	Tanchunghee
12604	Lisatate
12606	Apuleius
12607	Alcaeus
12608	Aesop
12609	Apollodoros
12610	Hafez
12611	Ingres
12612	Daumier
12613	Hogarth
12614	Hokusai
12615	Mendesdeleon
12616	Lochner
12617	Angelusilesius
12618	Cellarius
12619	Anubelshunu
12620	Simaqian
12621	Alsufi
12622	Doppelmayr
12623	Tawaddud
12624	Mariacunitia
12625	Koopman
12626	Timmerman
12627	Maryedwards
12628	Acworthorr
12629	Jandeboer
12630	Verstappen
12631	Mariekebaan
12632	Mignonette
12633	Warmenhoven
12634	LOFAR
12635	Hennylamers
12636	Padrielli
12637	Gustavleonhardt
12638	Fransbruggen
12639	Tonkoopman
12640	Reinbertdeleeuw
12641	Hubertushenrichs
12642	Davidjansen
12643	Henkolthof
12644	Robertwielinga
12645	Jacobrosales
12646	Avercamp
12647	Pauluspotter
12648	Ibarbourou
12649	Ascanios
12650	de Vries
12651	Frenkel
12652	Groningen
12653	van der Klis
12654	Heinofalcke
12655	Benferinga
12656	Gerdebruijn
12657	Bonch-Bruevich
12658	Peiraios
12659	Schlegel
12661	Schelling
12663	Bjorkegren
12664	Sonisenia
12665	Chriscarson
12666	Mikeauldridge
12668	Scottstarin
12669	Emilybrisnehan
12670	Passargea
12671	Thornqvist
12672	Nygardh
12673	Kiselman
12674	Rybalka
12675	Chabot
12676	Dianemerline
12677	Gritsavage
12678	Gerhardus
12679	Jamessimpson
12680	Bogdanovich
12681	Pevear
12682	Kawada
12686	Bezuglyj
12687	de Valory
12688	Baekeland
12690	Kochimiraikagaku
12694	Schleiermacher
12695	Utrecht
12696	Camus
12697	Verhaeren
12701	Chenier
12702	Panamarenko
12704	Tupolev
12706	Tanezaki
12708	Van Straten
12709	Bergen op Zoom
12710	Breda
12711	Tukmit
12714	Alkimos
12715	Godin
12716	Delft
12718	Le Gentil
12719	Pingre
12722	Petrarca
12727	Cavendish
12729	Berger
12734	Haruna
12738	Satoshimiki
12742	Delisle
12746	Yumeginga
12747	Michageffert
12749	Odokaigan
12750	Berthollet
12751	Kamihayashi
12752	Kvarnis
12753	Povenmire
12755	Balmer
12757	Yangtze
12758	Kabudari
12759	Joule
12760	Maxwell
12761	Pauwels
12762	Nadiavittor
12766	Paschen
12769	Kandakurenai
12771	Kimshin
12773	Lyman
12774	Pfund
12775	Brackett
12776	Reynolds
12777	Manuel
12780	Salamony
12782	Mauersberger
12787	Abetadashi
12788	Shigeno
12789	Salvadoraguirre
12790	Cernan
12793	Hosinokokai
12796	Kamenrider
12799	von Suttner
12800	Oobayashiarata
12801	Somekawa
12802	Hagino
12810	Okumiomote
12811	Rigonistern
12812	Cioni
12813	Paolapaolini
12814	Vittorio
12817	Federica
12818	Tomhanks
12819	Susumutakahasi
12820	Robinwilliams
12823	Pochintesta
12828	Batteas
12833	Kamenny Ujezd
12834	Bomben
12835	Stropek
12838	Adamsmith
12840	Paolaferrari
12843	Ewers
12845	Crick
12846	Fullerton
12848	Agostino
12850	Axelmunthe
12852	Teply
12855	Tewksbury
12856	Autridas
12857	Johandemessie
12859	Marlamoore
12860	Turney
12861	Wacker
12863	Whitfield
12864	Ryandrake
12866	Yanamadala
12867	Joeloic
12868	Onken
12869	Ejiaga
12870	Rolandmeier
12871	Samarasinha
12872	Susiestevens
12873	Clausewitz
12874	Poisson
12876	Estrada
12877	Rylangardner
12878	Erneschiller
12880	Juliegrady
12881	Yepeiyu
12883	Gassler
12885	Hannahguan
12891	Kassandraholt
12893	Mommert
12895	Balbastre
12896	Geoffroy
12897	Bougeret
12898	Mignard
12900	Rishabjain
12903	Isabellekatz
12906	Alexismacavoy
12907	Giannanilvo
12908	Yagudina
12909	Jaclifford
12910	Deliso
12911	Goodhue
12912	Streator
12915	Rinoliver
12916	Eteoneus
12919	Tomjohnson
12923	Zephyr
12924	Madisonicole
12926	Brianmason
12927	Pinocchio
12928	Nicolapozio
12929	Periboea
12931	Mario
12932	Conedera
12933	Muzzonigro
12934	Bisque
12935	Zhengzhemin
12936	Glennschneider
12937	Premadi
12938	Ingakamp
12939	Ignassnellen
12940	Gijsnelemans
12941	Franssnik
12942	van der Marel
12943	Selmademink
12944	Robwalrecht
12945	Reynierpeletier
12946	Portegieszwart
12947	Paulgroot
12948	Nathaliedegenaar
12949	Milogrootjen
12950	Michielrodenhuis
12951	Koenkuijken
12952	Joerivanleeuwen
12953	Jaapvreeling
12954	Hendrikcasimir
12955	Alexdekoter
12956	Ralphwijers
12972	Eumaios
12973	Melanthios
12974	Halitherses
12975	Efremov
12976	Kalinenkov
12977	Nanettevigil
12978	Ivashov
12979	Evgalvasil'ev
12980	Pruetz
12981	Tracicase
12982	Kaseybond
12983	Mattcox
12984	Lowry
12985	Mattgarrison
12986	Kretke
12987	Racalmuto
12988	Tiffanykapler
12989	Chriseanderson
12990	Josetillard
12991	Davidgriffiths
12992	Crumpler
12993	Luisafernanda
12994	Pitufo
12995	Wendellmendell
12996	Claudedomingue
12997	Lizjensen
12998	Thomas-Keprta
12999	Torun
13001	Woodney
13002	Vickihorner
13003	Dickbeasley
13004	Aldaz
13005	Stankonyukhov
13006	Schwaar
13009	Voloshchuk
13010	Germantitov
13011	Loeillet
13014	Hasslacher
13015	Noradokei
13017	Owakenoomi
13018	Geoffjames
13024	Conradferdinand
13025	Zurich
13027	Geeraerts
13028	Klaustschira
13031	Durance
13032	Tarn
13033	Gardon
13037	Potosi
13038	Woolston
13039	Awashima
13044	Wannes
13045	Vermandere
13046	Aliev
13049	Butov
13052	Las Casas
13053	Bertrandrussell
13055	Kreppein
13057	Jorgensen
13058	Alfredstevens
13059	Ducuroir
13062	Podarkes
13063	Purifoy
13064	Haemhouts
13069	Umbertoeco
13070	Seanconnery
13077	Edschneider
13079	Toots
13082	Gutierrez
13084	Virchow
13085	Borlaug
13086	Sauerbruch
13087	Chastellux
13088	Filipportera
13092	Schrodinger
13093	Wolfgangpauli
13094	Shinshuueda
13096	Tigris
13097	Lamoraal
13101	Fransson
13109	Berzelius
13111	Papacosmas
13112	Montmorency
13113	Williamyeats
13114	Isabelgodin
13115	Jeangodin
13116	Hortensia
13117	Pondicherry
13118	La Harpe
13121	Tisza
13122	Drava
13123	Tyson
13125	Tobolsk
13126	Calbuco
13127	Jeroenbrouwers
13128	Aleppo
13129	Poseidonios
13130	Dylanthomas
13131	Palmyra
13132	Ortelius
13133	Jandecleir
13140	Shinchukai
13145	Cavezzo
13146	Yuriko
13147	Foglia
13149	Heisenberg
13150	Paolotesi
13151	Polino
13154	Petermrva
13156	Mannoucyo
13157	Searfoss
13158	Carcano
13162	Ryokkochigaku
13163	Koyamachuya
13168	Danoconnell
13174	Timossi
13176	Kobedaitenken
13177	Hansschmidt
13178	Catalan
13179	Johncochrane
13180	Fourcroy
13181	Peneleos
13184	Augeias
13185	Agasthenes
13188	Okinawa
13192	Quine
13196	Rogerssmith
13197	Pontecorvo
13198	Banpeiyu
13200	Romagnani
13206	Baer
13207	Tamagawa
13208	Fraschetti
13209	Arnhem
13211	Stucky
13212	Jayleno
13213	Maclaurin
13214	Chirikov
13217	Alpbach
13219	Cailletet
13220	Kashiwagura
13221	Nao
13222	Ichikawakazuo
13223	Cenaceneri
13224	Takamatsuda
13225	Manfredi
13226	Soulie
13227	Poor
13229	Echion
13231	Blondelet
13232	Prabhakar
13234	Natashaowen
13235	Isiguroyuki
13238	Lambeaux
13239	Kana
13240	Thouvay
13241	Biyo
13243	Randhahn
13244	Dannymeyer
13246	Hannahshu
13247	Tianshi
13248	Fornasier
13249	Marcallen
13250	Danieladucato
13251	Viot
13253	Stejneger
13254	Kekule
13256	Marne
13257	Seanntorres
13258	Bej
13259	Bhat
13260	Sabadell
13261	Ganeshvenu
13262	Ruhiyusuf
13264	Abdelhaq
13265	Terbunkley
13266	Maiabland
13267	Bolechowski
13268	Trevorcorbin
13269	Dahlstrom
13270	Brittonbounds
13271	Gingerbyrd
13272	Ericadavid
13273	Cornwell
13274	Roygross
13275	Kathgoetz
13278	Grotecloss
13279	Gutman
13280	Christihaas
13281	Aliciahall
13282	Sharikahagan
13283	Dahart
13285	Stephicks
13286	Adamchauvin
13292	Hernandezmon
13293	Mechelen
13294	Rockox
13298	Namatjira
13301	Hofsteen
13302	Kezmoh
13303	Asmitakumar
13305	Danielang
13307	Taralarsen
13308	Melissamayne
13310	Nilvo
13312	Orlowitz
13313	Kathypeng
13315	Hilana
13316	Llano
13319	Michaelmi
13320	Jessicamiles
13325	Valerienataf
13326	Ferri
13327	Reitsema
13328	Guetter
13329	Davidhardy
13330	Dondavis
13332	Benkhoff
13333	Carsenty
13334	Tost
13335	Tobiaswolf
13336	Jillpernell
13337	Sampath
13339	Williamsmith
13341	Kellysweeney
13343	Annietaylor
13344	Upenieks
13346	Danielmiller
13349	Yarotsky
13350	Gmelin
13351	Zibeline
13352	Gyssens
13357	Werkhoven
13358	Revelle
13365	Tenzinyama
13367	Jiri
13368	Wlodekofman
13369	Youngblood
13370	Juliusbreza
13376	Dunphy
13380	Yamamohammed
13387	Irus
13389	Stacey
13390	Bouska
13395	Deconihout
13396	Midavaine
13403	Sarahmousa
13404	Norris
13405	Dorisbillings
13406	Sekora
13407	Ikukomakino
13408	Deadoklestic
13410	Arhale
13411	OLRAP
13412	Guerrieri
13413	Bobpeterson
13414	Grantham
13415	Stevenbland
13416	Berryman
13421	Holvorcem
13423	Bobwoolley
13424	Margalida
13425	Waynebrown
13433	Phelps
13434	Adamquade
13435	Rohret
13436	Enid
13437	Wellton-Persson
13438	Marthanalexander
13439	Frankiethomas
13441	Janmerlin
13446	Almarkim
13448	Edbryce
13449	Margaretgarland
13463	Antiphos
13473	Hokema
13475	Orestes
13476	Pepesales
13477	Utkin
13478	Fraunhofer
13479	Vet
13480	Potapov
13481	Aubele
13482	Igorfedorov
13484	Jinnylin
13486	Morgangibson
13487	Novosyadlyj
13488	Savanov
13489	Dmitrienko
13490	Allanchapman
13492	Vitalijzakharov
13493	Lockwood
13494	Treiso
13497	Ronstone
13498	Al Chwarizmi
13499	Steinberg
13500	Viscardy
13509	Guayaquil
13513	Manila
13514	Mikerudenko
13520	Felicienrops
13523	Vanhassel
13525	Paulledoux
13526	Libbrecht
13529	Yokaboshi
13530	Ninnemann
13531	Weizsacker
13533	Junili
13534	Alain-Fournier
13540	Kazukitakahashi
13543	Butler
13551	Gadsden
13553	Masaakikoyama
13554	Decleir
13557	Lievetruwant
13559	Werth
13560	La Perouse
13561	Kudogou
13562	Bobeggleton
13564	Kodomomiraikan
13565	Yotakanashi
13567	Urabe
13569	Oshu
13576	Gotoyoshi
13577	Ukawa
13579	Allodd
13580	de Saussure
13582	Tominari
13583	Bosret
13585	Justinsmith
13586	Copenhagen
13599	Lisbon
13602	Pierreboulez
13605	Nakamuraminoru
13606	Bean
13607	Vicars
13608	Andosatoru
13609	Lewicki
13610	Lilienthal
13615	Manulis
13620	Moynahan
13622	McArthur
13623	Seanwalker
13624	Abeosamu
13627	Yukitamayo
13633	Ivens
13638	Fiorenza
13640	Ohtateruaki
13641	de Lesseps
13642	Ricci
13643	Takushi
13644	Lynnanderson
13647	Rey
13650	Perimedes
13652	Elowitz
13653	Priscus
13654	Masuda
13657	Badinter
13658	Sylvester
13667	Samthurman
13668	Tanner
13669	Swammerdam
13672	Tarski
13673	Urysohn
13674	Bourge
13677	Alvin
13678	Shimada
13679	Shinanogawa
13680	Katyafrantseva
13681	Monty Python
13682	Pressberger
13684	Borbona
13686	Kongozan
13688	Oklahoma
13689	Succi
13690	Lesleymartin
13691	Akie
13693	Bondar
13699	Nickthomas
13700	Connors
13701	Roquebrune
13703	Romero
13704	Aletesi
13705	Llapasset
13710	Shridhar
13714	Stainbrook
13715	Steed
13716	Trevino
13717	Vencill
13718	Welcker
13721	Kevinwelsh
13722	Campobagatin
13723	Kolokolova
13724	Schwehm
13729	Nicolewen
13730	Willis
13732	Woodall
13733	Dylanyoung
13734	Buklad
13739	Nancyworden
13740	Lastrucci
13743	Rivkin
13744	Rickline
13745	Mikecosta
13748	Radaly
13750	Mattdawson
13751	Joelparker
13752	Grantstokes
13753	Jennivirta
13760	Rodriguez
13761	Dorristaylor
13764	Mcalanis
13765	Nansmith
13766	Bonham
13770	Commerson
13772	Livius
13774	Spurny
13775	Thebault
13777	Cielobuio
13787	Nagaishi
13788	Dansolander
13792	Kuscynskyj
13793	Laubernasconi
13798	Cecchini
13801	Kohlhase
13804	Hrazany
13806	Darmstrong
13808	Davewilliams
13815	Furuya
13816	Stulpner
13817	Genobechetti
13818	Ullery
13820	Schwartz
13822	Stevedodson
13824	Kramlik
13825	Booth
13830	ARLT
13840	Wayneanderson
13841	Blankenship
13843	Cowenbrown
13845	Jillburnett
13848	Cioffi
13849	Dunn
13850	Erman
13852	Ford
13853	Jenniferfritz
13857	Stafford
13858	Ericchristensen
13859	Fredtreasure
13860	Neely
13862	Elais
13868	Catalonia
13869	Fruge
13880	Wayneclark
13895	Letkasagjonica
13897	Vesuvius
13903	Darrylwatanabe
13904	Univinnitsa
13905	Maxbernstein
13906	Shunda
13908	Wolbern
13910	Iranolt
13911	Stempels
13912	Gammelgarn
13914	Galegant
13915	Yalow
13916	Bernolak
13917	Correggia
13918	Tsukinada
13920	Montecorvino
13921	Sgarbini
13922	Kremenia
13923	Peterhof
13926	Berners-Lee
13927	Grundy
13928	Aaronrogers
13930	Tashko
13931	Tonydenault
13932	Rupprecht
13933	Charleville
13934	Kannami
13937	Roberthargraves
13942	Shiratakihime
13943	Hankgreen
13952	Nykvist
13954	Born
13956	Banks
13957	NARIT
13962	Delambre
13963	Euphrates
13964	La Billardiere
13975	Beatrixpotter
13977	Frisch
13978	Hiwasa
13980	Neuhauser
13982	Thunberg
13989	Murikabushi
13991	Kenphillips
13992	Cesarebarbieri
13993	Clemenssimmer
13994	Tuominen
13995	Toravere
14002	Johngoodhue
14003	Waynegilmore
14004	Chikama
14005	Ferrinmoreiras
14006	Sakamotofumio
14007	Fiamingo
14008	Toniscarmato
14010	Jomonaomori
14012	Amedee
14014	Munchhausen
14015	Senancour
14016	Steller
14019	Pourbus
14024	Procol Harum
14025	Fallada
14026	Esquerdo
14027	Ichimoto
14028	Nakamurahiroshi
14031	Rozyo
14032	Mego
14036	Yasuhirotoyama
14037	Takakikasahara
14040	Andrejka
14041	Durrenmatt
14042	Agafonov
14046	Keikai
14047	Kohichiro
14054	Dusek
14056	Kainar
14057	Manfredstoll
14060	Patersonewen
14061	Nagincox
14062	Cremaschini
14065	Flegel
14068	Hauserova
14069	Krasheninnikov
14071	Gadabird
14072	Volterra
14074	Riccati
14075	Kenwill
14077	Volfango
14080	Heppenheim
14088	Ancus
14092	Gaily
14094	Garneau
14097	Capdepera
14098	Simek
14100	Weierstrass
14103	Manzoni
14104	Delpino
14105	Nakadai
14111	Kimamos
14114	Randyray
14115	Melaas
14116	Ogea
14119	Johnprince
14120	Espenak
14121	Stuwe
14122	Josties
14124	Kamil
14129	DiBucci
14134	Penkala
14135	Cynthialang
14141	Demeautis
14143	Hadfield
14145	Sciam
14146	Hughmaclean
14147	Wenlingshuguang
14148	Jimchamberlin
14149	Yakowitz
14153	Dianecaplain
14154	Negrelli
14155	Cibronen
14157	Pamelasobey
14158	Alananderson
14163	Johnchapman
14164	Hennigar
14172	Amanolivere
14174	Deborahsmall
14179	Skinner
14181	Koromhazi
14182	Alley
14185	Van Ness
14186	Virgiliofos
14189	Sevre
14190	Soldan
14203	Hocking
14206	Sehnal
14214	Hirsch
14217	Oaxaca
14220	Alexgibbs
14223	Dolby
14224	Gaede
14225	Alisahamilton
14226	Hamura
14230	Mariahines
14232	Curtismiller
14234	Davidhoover
14238	d'Artagnan
14244	Labnow
14250	Kathleenmartin
14252	Audreymeyer
14258	Katrinaminck
14262	Kratzer
14267	Zook
14274	Landstreet
14275	Dianemurray
14277	Parsa
14278	Perrenot
14282	Cruijff
14291	Savereide
14308	Hardeman
14309	Defoy
14310	Shuttleworth
14312	Polytech
14313	Dodaira
14314	Tokigawa
14315	Ogawamachi
14316	Higashichichibu
14317	Antonov
14318	Buzinov
14322	Shakura
14327	Lemke
14328	Granvik
14332	Brucebarnett
14333	Alanfischer
14334	Lindarueger
14335	Alexosipov
14338	Shibakoukan
14339	Knorre
14342	Iglika
14345	Gritsevich
14346	Zhilyaev
14348	Cumming
14349	Nikitamikhalkov
14351	Tomaskohout
14354	Kolesnikov
14360	Ipatov
14361	Boscovich
14365	Jeanpaul
14366	Wilhelmraabe
14367	Hippokrates
14372	Paulgerhardt
14382	Woszczyk
14395	Tommorgan
14400	Baudot
14401	Reikoyukawa
14403	de Machault
14411	Clerambault
14412	Wolflojewski
14413	Geiger
14420	Massey
14424	Laval
14425	Fujimimachi
14426	Katotsuyoshi
14428	Lazaridis
14429	Coyne
14436	Morishita
14438	MacLean
14439	Evermeersch
14441	Atakanoseki
14443	Sekinenomatsu
14445	Koichi
14446	Kinkowan
14447	Hosakakanai
14449	Myogizinzya
14463	McCarter
14466	Hodge
14467	Vranckx
14468	Ottostern
14469	Komatsuataka
14479	Plekhanov
14486	Tuscia
14487	Sakaisakae
14491	Hitachiomiya
14492	Bistar
14495	Kazuakiwatanabe
14498	Bernini
14499	Satotoshio
14500	Kibo
14501	Tetsuokojima
14502	Morden
14504	Tsujimura
14505	Barentine
14509	Lucenec
14511	Nickel
14513	Alicelindner
14515	Koichisato
14517	Monitoma
14519	Ural
14526	Xenocrates
14533	Roy
14535	Kazuyukihanda
14537	Tyn nad Vltavou
14539	Clocke Roeland
14541	Sacrobosco
14542	Karitskaya
14543	Sajigawasuiseki
14544	Ericjones
14550	Lehky
14551	Itagaki
14555	Shinohara
14558	Wangganchang
14564	Heasley
14566	Hokule`a
14567	Nicovincenti
14568	Zanotta
14570	Burkam
14571	Caralexander
14572	Armando
14573	Montebugnoli
14574	Payette
14575	Jamesblanc
14576	Jefholley
14582	Conlin
14583	Lester
14584	Lawson
14588	Pharrams
14589	Stevenbyrnes
14593	Everett
14594	Jindrasilhan
14595	Peaker
14596	Bergstralh
14597	Waynerichie
14598	Larrysmith
14600	Gainsbourg
14605	Hyeyeonchoi
14606	Hifleischer
14611	Elsaadawi
14612	Irtish
14613	Sanchez
14616	Van Gaal
14617	Lasvergnas
14619	Plotkin
14621	Tati
14622	Arcadiopoveda
14623	Kamoun
14624	Prymachenko
14627	Emilkowalski
14631	Benbryan
14632	Flensburg
14643	Morata
14654	Rajivgupta
14656	Lijiang
14659	Gregoriana
14664	Vandervelden
14669	Beletic
14674	INAOE
14678	Pinney
14679	Susanreed
14681	Estellechurch
14682	Davidhirsch
14683	Remy
14684	Reyes
14693	Selwyn
14694	Skurat
14696	Lindawilliams
14697	Ronsawyer
14698	Scottyoung
14699	Klarasmi
14700	Johnreid
14701	Aizu
14702	Benclark
14708	Slaven
14719	Sobey
14724	SNO
14727	Suggs
14728	Schuchardt
14734	Susanstoker
14739	Edgarchavez
14741	Teamequinox
14764	Kilauea
14789	GAISH
14790	Beletskij
14791	Atreus
14792	Thyestes
14794	Konetskiy
14795	Syoyou
14799	Mitchschulte
14812	Rosario
14814	Gurij
14815	Rutberg
14818	Mindeli
14819	Nikolaylaverov
14820	Aizuyaichi
14821	Motaeno
14825	Fieber-Beyer
14826	Nicollier
14827	Hypnos
14829	Povalyaeva
14831	Gentileschi
14832	Alechinsky
14833	Vilenius
14834	Isaev
14835	Holdridge
14836	Maxfrisch
14843	Tanna
14845	Hegel
14846	Lampedusa
14850	Nagashimacho
14853	Shimokawa
14871	Pyramus
14872	Hoher List
14873	Shoyo
14876	Dampier
14877	Zauberflote
14880	Moa
14885	Paskoff
14888	Kanazawashi
14901	Hidatakayama
14902	Miyairi
14909	Kamchatka
14911	Fukamatsu
14914	Moreux
14917	Taco
14918	Gonzalezalegre
14919	Robertohaver
14922	Ohyama
14925	Naoko
14926	Hoshide
14927	Satoshi
14937	Thirsk
14939	Norikura
14940	Freiligrath
14941	Tomswift
14942	Stevebaker
14947	Luigibussolino
14948	Bartuska
14950	Alexandradelbo
14953	Bevilacqua
14959	TRIUMF
14960	Yule
14961	d'Auteroche
14962	Masanoriabe
14963	Toshikazu
14964	Robertobacci
14965	Bonk
14966	Jurijvega
14967	Madrid
14968	Kubacek
14969	Willacather
14972	Olihainaut
14973	Rossirosina
14974	Pocatky
14975	Serasin
14976	Josefcapek
14977	Bressler
14980	Gustavbrom
14981	Uenoiwakura
14988	Tryggvason
14989	Tutte
14990	Zermelo
14994	Uppenkamp
14995	Archytas
14998	Ogosemachi
14999	Karasaki
15000	CCD
15001	Fuzhou
15002	Shahriarbayegan
15003	Midori
15004	Vallerani
15005	Guerriero
15006	Samcristoforetti
15007	Edoardopozio
15008	Delahodde
15009	Johnwheeler
15014	Annagekker
15017	Cuppy
15019	Gingold
15020	Brandonimber
15021	Alexkardon
15022	Francinejackson
15023	Ketover
15025	Uwontario
15026	Davidscott
15028	Soushiyou
15030	Matthewkroll
15031	Lemus
15032	Alexlevin
15034	Decines
15036	Giovannianselmi
15037	Chassagne
15041	Paperetti
15042	Anndavgui
15045	Walesdymond
15050	Heddal
15052	Emileschweitzer
15053	Bochnicek
15056	Barbaradixon
15057	Whitson
15058	Billcooke
15068	Wiegert
15071	Hallerstein
15072	Landolt
15076	Joellewis
15077	Edyalge
15083	Tianhuili
15088	Licitra
15091	Howell
15092	Beegees
15093	Lestermackey
15094	Polymele
15099	Janestrohm
15106	Swanson
15107	Toepperwein
15109	Wilber
15111	Winters
15112	Arlenewolfe
15115	Yvonneroe
15116	Jaytate
15118	Elizabethsears
15120	Mariafelix
15126	Brittanyanderson
15128	Patrickjones
15129	Sparks
15131	Alanalda
15132	Steigmeyer
15133	Sullivan
15139	Connormcarty
15144	Araas
15145	Ritageorge
15146	Halpov
15147	Siegfried
15148	Michaelmaryott
15149	Loufaix
15150	Salsa
15151	Wilmacherup
15155	Ahn
15160	Wygoda
15168	Marijnfranx
15169	Wilfriedboland
15170	Erikdeul
15199	Rodnyanskaya
15202	Yamada-Houkoku
15203	Grishanin
15212	Yaroslavl'
15214	Duart
15215	Lachlanmaclean
15220	Sumerkin
15224	Penttila
15228	Ronmiller
15230	Alona
15231	Ehdita
15238	Hisaohori
15239	Stenhammar
15246	Kumeta
15248	Hidekazu
15249	Capodimonte
15250	Nishiyamahiro
15252	Yoshiken
15258	Alfilipenko
15262	Abderhalden
15263	Erwingroten
15264	Delbruck
15265	Ernsting
15267	Kolyma
15268	Wendelinefroger
15273	Ruhmkorff
15276	Diebel
15278	Paquet
15282	Franzmarc
15294	Underwood
15295	Tante Riek
15296	Tantetruus
15298	Minde
15299	Radbo
15301	Marutesser
15303	Hatoyamamachi
15304	Wikberg
15308	Ulfdanielsson
15309	Bragee
15310	Meir
15311	Vasterberg
15312	Wandt
15313	Ynnerman
15314	Stenbergwieser
15315	Sundin
15316	Okagakimachi
15318	Innsbruck
15321	Donnadean
15329	Sabena
15330	de Almeida
15332	CERN
15335	Satoyukie
15338	Dufault
15339	Pierazzo
15342	Assisi
15343	Von Wohlgemuth
15346	Bonifatius
15347	Colinstuart
15350	Naganuma
15351	Yamaguchimamoru
15353	Meucci
15355	Maupassant
15358	Kintner
15359	Dressler
15360	Moncalvo
15363	Ysaye
15364	Kenglover
15368	Katsuji
15370	Kanchi
15371	Steward
15372	Agrigento
15374	Teta
15375	Laetitiafoglia
15376	Martak
15378	Artin
15379	Alefranz
15381	Spadolini
15382	Vian
15384	Samkova
15385	Dallolmo
15386	Nicolini
15387	Hanazukayama
15388	Coelum
15389	Geflorsch
15390	Znojil
15391	Steliomancinelli
15392	Budejicky
15395	Rukl
15396	Howardmoore
15397	Ksoari
15399	Hudec
15402	Suzaku
15403	Merignac
15406	Bleibtreu
15407	Udakiyoo
15412	Schaefer
15413	Beaglehole
15414	Pettirossi
15415	Rika
15417	Babylon
15418	Sergiospinelli
15420	Aedouglass
15421	Adammalin
15425	Welzl
15427	Shabas
15434	Mittal
15436	Dexius
15438	Joegotobed
15440	Eioneus
15448	Siegwarth
15452	Ibramohammed
15453	Brasileirinhos
15460	Manca
15461	Johnbird
15462	Stumegan
15465	Buchroeder
15466	Barlow
15467	Aflorsch
15468	Mondriaan
15469	Ohmura
15476	Narendra
15492	Nyberg
15494	Lucylake
15495	Bogie
15497	Lucca
15499	Cloyd
15500	Anantpatel
15501	Pepawlowski
15502	Hypeirochus
15503	Estradioto
15506	Preygel
15507	Rengarajan
15509	Annejing
15510	Phoeberounds
15512	Snyder
15513	Emmermann
15516	Langleben
15522	Trueblood
15523	Grenville
15526	Kokura
15528	Martinsmedina
15530	Kuber
15531	Matusch
15533	Saturnino
15543	Elizateel
15544	Hushicheng
15546	Sunyufeng
15547	Xujiping
15548	Kalinowski
15550	Sydney
15551	Paddock
15552	Sandashounkan
15553	Carachang
15554	Chenhuaipu
15555	Luochihi
15556	Hanafy
15557	Kimcochran
15559	Abigailhines
15563	Remsberg
15564	Lateef
15565	Benjaminsteele
15566	Elizabethbaker
15567	Giacomelli
15568	Jathe
15569	Feinberg
15570	von Wolff
15573	Richardjoseph
15574	Stephaniehass
15575	Manyakumar
15576	Munday
15577	Gywilliams
15578	Bagnall
15579	Richardbeattie
15581	Adamkelly
15582	Russellburrows
15583	Hanick
15584	Yumaokamoto
15587	Sotsukamoto
15594	Castillo
15595	Melwincheng
15596	Yongshiangtham
15597	Piotrlazarek
15598	Kazantsev
15599	Richardlarson
15603	Kimyoonji
15604	Fruits
15606	Winer
15608	Owens
15609	Kosmaczewski
15611	Leejoonyoung
15612	Parkmincheol
15613	Rajihyun
15614	Pillinger
15617	Fallowfield
15618	Lorifritz
15619	Albertwu
15620	Beltrami
15621	Erikhovland
15622	Westrich
15623	Maitaneam
15624	Lamberton
15625	Agrawal
15627	Hong
15628	Gonzales
15629	Sriner
15630	Disanti
15631	Dellorusso
15632	Magee-Sauer
15634	Ahluwalia
15635	Andrewhager
15651	Tlepolemos
15663	Periphas
15669	Pshenichner
15671	Suzannedebarbat
15672	Sato-Norio
15673	Chetaev
15674	Elfving
15675	Goloseevo
15676	Almoisheev
15691	Maslov
15695	Fedorshpig
15699	Lyytinen
15702	Olegkotov
15703	Yrjola
15705	Hautot
15710	Bocklin
15716	Narahara
15718	Imokawa
15723	Girraween
15724	Zille
15727	Ianmorison
15728	Karlmay
15729	Yumikoitahana
15732	Vitusbering
15735	Andakerkhoven
15736	Hamanasu
15739	Matsukuma
15740	Hyakumangoku
15742	Laurabassi
15745	Yuliya
15752	Eluard
15753	Rathsman
15760	Albion
15761	Schumi
15762	Ruhmann
15763	Nagakubo
15766	Strahlenberg
15779	Scottroberts
15783	Briancox
15785	de Villegas
15786	Hoshioka
15790	Keizan
15791	Yoshiewatanabe
15803	Parisi
15804	Yenisei
15805	Murakamitakehiko
15806	Kohei
15808	Zelter
15810	Arawn
15811	Nusslein-Volhard
15817	Lucianotesi
15818	DeVeny
15819	Alisterling
15821	Iijimatatsushi
15822	Genefahnestock
15825	Capecchi
15828	Sincheskul
15834	McBride
15837	Mariovalori
15838	Auclair
15840	Hiroshiendou
15841	Yamaguchi
15843	Comcom
15845	Bambi
15846	Billfyfe
15849	Billharper
15851	Chrisfleming
15853	Benedettafoglia
15854	Numa
15855	Mariasalvatore
15856	Yanokoji
15857	Touji
15858	Davidwoods
15860	Siran
15861	Ispahan
15868	Akiyoshidai
15869	Tullius
15870	Oburka
15882	Dingzhong
15884	Maspalomas
15887	Daveclark
15889	Xiaoyuhe
15890	Prachatice
15891	Alissazhang
15896	Birkhoff
15897	Benackova
15898	Kharasterteam
15899	Silvain
15902	Dostal
15903	Rolandflorrie
15904	Halstead
15905	Berthier
15906	Yoshikaneda
15907	Robot
15908	Bertoni
15910	Shinkamigoto
15911	Davidgauthier
15913	Telemachus
15916	Shigeoyamada
15917	Rosahavel
15918	Thereluzia
15921	Kintaikyo
15922	Masajisaito
15924	Axelmartin
15925	Rokycany
15929	Ericlinton
15938	Bohnenblust
15939	Fessenden
15941	Stevegauthier
15945	Raymondavid
15946	Satinsky
15947	Milligan
15949	Rhaeticus
15950	Dallago
15954	Divjotbedi
15955	Johannesgmunden
15957	Gemoore
15960	Hluboka
15963	Koeberl
15964	Billgray
15965	Robertcox
15967	Clairearmstrong
15968	Waltercugno
15969	Charlesgreen
15970	Robertbrownlee
15971	Hestroffer
15976	Bhansali
15977	Pyraechmes
15985	Bhatnagar
15986	Fienga
15988	Parini
15989	Anusha
15992	Cynthia
16000	Neilgehrels
16002	Bertin
16007	Kaasalainen
16012	Jamierubin
16013	Schmidgall
16014	Sinha
16015	Snell
16016	Boylan
16017	Street
16019	Edwardsu
16020	Tevelde
16021	Caseyvaughn
16022	Wissnergross
16023	Alisonyee
16026	Victoriapidgeon
16028	Anushree
16034	Prechoudhary
16035	Sasandford
16036	Moroz
16037	Sheehan
16039	Zeglin
16043	Yichenzhang
16044	Kurtbachmann
16046	Gregnorman
16048	Eddiedai
16049	D'Amore
16051	Bernero
16053	Brennan
16055	Dellisanti
16058	Doshi
16059	Marybuda
16060	Dahliadry
16062	Buncher
16064	Davidharvey
16065	Borel
16066	Richardbressler
16067	Brandonfan
16068	Citron
16069	Marshafolger
16070	Charops
16073	Gaskin
16074	Georgekaplan
16075	Meglass
16076	Barryhaase
16077	Arayhamilton
16078	Carolhersh
16079	Imada
16080	Danielfeng
16083	Jorvik
16085	Laffan
16087	Rhythmgarg
16088	Jessgoldstein
16089	Lamb
16090	Lukaszewski
16091	Malchiodi
16092	Anudeepgolla
16094	Scottmccord
16095	Lorenball
16100	Hausknecht
16101	Notskas
16102	Barshannon
16103	Lorsolomon
16104	Stesullivan
16105	Marksaunders
16106	Carmagnola
16107	Chanmugam
16110	Paganetti
16111	Donstrittmatter
16112	Vitaris
16113	Ahmed
16114	Alyono
16116	Balakrishnan
16117	Herbst
16118	Therberens
16119	Bronner
16120	Burnim
16121	Burrell
16122	Wenyicai
16123	Jessiecheng
16124	Timdong
16125	Carriehsu
16127	Farzan-Kashani
16128	Kirfrieda
16129	Kevingao
16130	Giovine
16131	Kaganovich
16132	Angelakim
16135	Ivarsson
16142	Leung
16144	Korsten
16147	Jeanli
16148	Amaraifeji
16150	Clinch
16154	Dabramo
16155	Buddy
16157	Toastmasters
16158	Monty
16163	Suhanli
16164	Yangli
16165	Licht
16166	Jonlii
16167	Oertli
16168	Palmen
16169	Janapaty
16172	Jayaweera
16174	Parihar
16175	Rypatterson
16177	Pelzer
16179	Jeloka
16180	Rapoport
16185	Allisonjia
16186	Helenajiang
16189	Riehl
16190	Kabirjolly
16191	Rubyroe
16192	Laird
16193	Nickaiser
16194	Roderick
16197	Bluepeter
16198	Buzios
16199	Rozenblyum
16202	Srivastava
16203	Jessicastahl
16207	Montgomery
16209	Sterner
16211	Samirsur
16212	Theberge
16214	Venkatachalam
16215	Venkatraman
16217	Peterbroughton
16218	Mintakeyes
16219	Venturelli
16220	Mikewagner
16221	Kevinyang
16222	Donnanderson
16223	Racheljoseph
16225	Georgebaldo
16226	Beaton
16227	Emilykang
16228	Adhamkassem
16229	Kavyakoneru
16230	Benson
16231	Jessberger
16232	Chijagerbs
16234	Bosse
16236	Stebrehmer
16237	Emmakratcha
16238	Chappe
16239	Dower
16241	Dvorsky
16242	Licato
16243	Rosenbauer
16244	Broz
16245	Katielu
16246	Cantor
16247	Esner
16248	Fox
16249	Cauchy
16250	Delbo
16251	Barbifrank
16252	Franfrost
16253	Griffis
16254	Harper
16255	Hampton
16258	Willhayes
16259	Housinger
16260	Sputnik
16261	Iidemachi
16262	Rikurtz
16264	Richlee
16265	Lemay
16266	Johconnell
16267	Mcdermott
16268	Mcneeley
16269	Merkord
16271	Duanenichols
16273	Oneill
16274	Pavlica
16275	Charlesma
16276	Virginiama
16277	Mallada
16280	Groussin
16319	Xiamenerzhong
16355	Buber
16356	Univbalttech
16357	Risanpei
16358	Plesetsk
16367	Astronomiasvecia
16368	Citta di Alba
16372	Demichele
16395	Ioannpravednyj
16397	Carlahayden
16398	Hummel
16399	Grokhovsky
16402	Olgapopova
16405	Testudo
16406	Oszkiewicz
16407	Oiunskij
16413	Abulghazi
16414	Le Procope
16418	Lortzing
16419	Kovalev
16421	Roadrunner
16424	Davaine
16425	Chuckyeager
16435	Fandly
16438	Knofel
16439	Yamehoshinokawa
16441	Kirchner
16444	Godefroy
16445	Klimt
16447	Vauban
16449	Kigoyama
16450	Messerschmidt
16452	Goldfinger
16459	Barth
16463	Nayoro
16465	Basilrowe
16466	Piyashiriyama
16479	Paulze
16481	Thames
16494	Oka
16497	Toinevermeylen
16498	Passau
16503	Ayato
16505	Sulzer
16507	Fuuren
16513	Vasks
16514	Stevelia
16515	Usman'grad
16516	Efremlevitan
16518	Akihikoito
16522	Tell
16524	Hausmann
16525	Shumarinaiko
16528	Terakado
16529	Dangoldin
16543	Rosetta
16544	Hochlehnert
16552	Sawamura
16555	Nagaomasami
16560	Daitor
16561	Rawls
16563	Ob
16564	Coriolis
16578	Essjayess
16583	Oersted
16587	Nagamori
16588	Johngee
16589	Hastrup
16590	Brunowalter
16594	Sorachi
16596	Stephenstrauss
16598	Brugmansia
16599	Shorland
16602	Anabuki
16623	Muenzel
16624	Hoshizawa
16625	Kunitsugu
16626	Thumper
16641	Esteban
16644	Otemaedaigaku
16645	Aldalara
16646	Sparrman
16647	Robbydesmet
16648	Hossi
16649	Masayasu
16650	Sakushingakuin
16666	Liroma
16669	Rionuevo
16671	Tago
16672	Bedini
16674	Birkeland
16675	Torii
16676	Tinne
16680	Minamitanemachi
16682	Donati
16683	Alepieri
16689	Vistula
16690	Fabritius
16693	Moseley
16695	Terryhandley
16696	Villamayor
16700	Seiwa
16701	Volpe
16702	Buxner
16703	Richardstrauss
16704	Taisukekaneko
16705	Reinhardt
16706	Svojsik
16707	Norman
16709	Auratian
16710	Kluyver
16711	Ka-Dar
16713	Airashi
16714	Arndt
16715	Trettenero
16718	Morikawa
16719	Mizokami
16723	Fumiofuke
16724	Ullilotzmann
16725	Toudono
16730	Nijisseiki
16731	Mitsumata
16736	Tongariyama
16740	Kipthorne
16742	Zink
16744	Antonioleone
16745	Zappa
16749	Vospini
16750	Marisandoz
16755	Cayley
16756	Keuskamp
16757	Luoxiahong
16759	Furuyama
16760	Masanori
16761	Hertz
16765	Agnesi
16766	Righi
16770	Angkor Wat
16777	Bosma
16779	Mittelman
16781	Rencin
16783	Bychkov
16788	Alyssarose
16790	Yuuzou
16794	Cucullia
16796	Shinji
16797	Wilkerson
16801	Petrinpragensis
16802	Rainer
16804	Bonini
16807	Terasako
16809	Galapagos
16810	Pavelaleksandrov
16813	Ronmastaler
16817	Onderlicka
16826	Daisuke
16829	Richardfrench
16847	Sanpoloamosciano
16852	Nuredduna
16853	Masafumi
16856	Banach
16857	Goodall
16861	Lipovetsky
16869	Kosinar
16874	Kurtwahl
16878	Tombickler
16879	Campai
16881	Angelinmathew
16883	Adeenedenton
16887	Blouke
16888	Michaelbarber
16892	Vaissiere
16900	Lozere
16901	Johnbrooks
16906	Giovannisilva
16908	Groeselenberg
16909	Miladejager
16912	Rhiannon
16915	Bredthauer
16920	Larrywalker
16929	Hurnik
16930	Respighi
16934	Kevinmeng
16938	Nalanimiller
16939	Rishabhmisra
16944	Wangler
16946	Farnham
16947	Wikrent
16951	Carolus Quartus
16952	Peteschultz
16953	Besicovitch
16954	Annikamorgan
16958	Klaasen
16961	Mullahy
16962	Elizawoolard
16967	Marcosbosso
16969	Helamuda
16972	Neish
16973	Gaspari
16974	Iphthime
16975	Delamere
16982	Tsinghua
16984	Veillet
16986	Archivestef
16996	Dahir
16997	Garrone
16998	Estelleweber
16999	Ajstewart
17000	Medvedev
17001	Braydennoh
17002	Kouzel
17003	Poojanpandya
17004	Sinkevich
17008	Anamariaperez
17009	Jasonping
17014	Melaniequan
17015	Shriyareddy
17019	Aldo
17020	Hopemeraengus
17022	Huisjen
17023	Abbott
17024	Costello
17025	Pilachowski
17028	Frankstadermann
17029	Cuillandre
17030	Sierks
17031	Piethut
17032	Edlu
17033	Rusty
17034	Vasylshev
17035	Velichko
17036	Krugly
17037	Danfleisch
17038	Wake
17039	Yeuseyenka
17040	Almeida
17041	Castagna
17042	Madiraju
17043	Santucci
17044	Mubdirahman
17045	Markert
17046	Kenway
17047	Tateschrock
17048	Nicolesegaran
17049	Miron
17050	Weiskopf
17051	Oflynn
17052	Senthilvel
17053	Ashayshah
17056	Boschetti
17058	Rocknroll
17059	Elvis
17060	Mikecombi
17061	Tegler
17062	Bardot
17063	Papaloizou
17064	Ashnashah
17065	Shrilashah
17066	Ginagallant
17069	Adyantshankar
17070	Yanniksingh
17071	Spiride
17072	Athiviraham
17073	Alexblank
17074	Shreshth
17075	Pankonin
17076	Betti
17077	Pampaloni
17078	Sellers
17079	Lavrovsky
17081	Jaytee
17084	Sundararajan
17086	Ruima
17088	Giupalazzolo
17089	Mercado
17090	Mundaca
17091	Senthalir
17092	Sharanya
17093	Supanklang
17094	Sarahsyed
17095	Mahadik
17096	Takemaru
17097	Ronneuman
17098	Ikedamai
17099	Emilytianshi
17100	Kamiokanatsu
17101	Sakenova
17102	Begzhigitova
17103	Kadyrsizova
17104	McCloskey
17106	Tidball
17108	Patricorbett
17115	Justiniano
17119	Alexisrodrz
17121	Fernandonido
17124	Rishavalera
17125	Vijayakumar
17126	Sophiawang
17127	Ryanwestcott
17128	Stephyoshida
17130	Alexzhang
17131	Paulazhu
17138	Burgosrosario
17139	Malyshev
17140	Yangkevin
17141	Bhatia
17143	Andrewbrinton
17144	Laurenchen
17145	Hollycheng
17147	Mariafields
17148	Arifirester
17149	Victoriagraf
17151	Zanderhill
17156	Kennethseitz
17160	Jetly
17162	Nithinkavi
17163	Vasifedoseev
17166	Secombe
17167	Olgarozanova
17169	Tatarinov
17170	Vsevustinov
17173	Evgenyamosov
17174	Krivitsky
17176	Viktorov
17178	Caitlinrita
17179	Codina
17180	Rupertli
17184	Carlrogers
17185	Mcdavid
17186	Sergivanov
17190	Retopezzoli
17192	Loharu
17193	Alexeybaran
17195	Jimrichardson
17196	Mastrodemos
17197	Matjazbone
17198	Gorjup
17199	Jasonliu
17201	Matjazhumar
17205	McCreery
17208	Pokrovska
17210	Nadinemeister
17211	Brianfisher
17214	Neervannan
17215	Slivan
17216	Scottstuart
17217	Pollner
17218	Stgeorge
17219	Gianninoto
17220	Johnpenna
17222	Perlmutter
17224	Randoross
17225	Alanschorn
17226	Anaiahbre
17228	Adrianeliz
17231	Rohanwagh
17233	Stanshapiro
17235	Ellawesson
17236	Westover
17238	Brianwu
17240	Gletorrence
17241	Wooden
17242	Leslieyoung
17245	Yixie
17246	Christophedumas
17247	Vanverst
17248	Ellieyang
17249	Eliotyoung
17250	Genelucas
17251	Vondracek
17253	VonSecker
17257	Strazzulla
17258	Whalen
17260	Kusnirak
17262	Winokur
17265	Debennett
17268	Yasonik
17269	Dicksmith
17270	Nolthenius
17273	Karnik
17277	Jarrydlevine
17278	Viggh
17279	Jeniferevans
17280	Shelly
17281	Mattblythe
17283	Ustinov
17285	Bezout
17286	Bisei
17305	Caniff
17314	Aisakos
17351	Pheidippos
17354	Matrosov
17356	Vityazev
17357	Lucataliano
17358	Lozino-Lozinskij
17365	Thymbraeus
17368	Korn
17369	Eremeeva
17399	Andysanto
17402	Valeryshuvalov
17403	Masciarelli
17407	Teige
17408	McAdams
17410	Zitarrosa
17412	Kroll
17415	Czeslawlang
17427	Poe
17428	Charleroi
17429	Ianhowarth
17431	Sainte-Colombe
17435	di Giovanni
17437	Stekene
17438	Quasimodo
17439	Juliesan
17445	Avatcha
17446	Mopaku
17447	Heindl
17452	Amurreka
17458	Dick
17459	Andreashofer
17460	Mang
17461	Shigosenger
17462	Takahisa
17465	Inawashiroko
17466	Vargasllosa
17470	Mitsuhashi
17472	Dinah
17473	Freddiemercury
17484	Ganghofer
17486	Hodler
17488	Mantl
17489	Trenker
17492	Hippasos
17493	Wildcat
17494	Antaviana
17496	Augustinus
17501	Tetsuro
17502	Manabeseiji
17503	Celestechild
17506	Walschap
17508	Takumadan
17509	Ikumadan
17516	Kogayukihito
17518	Redqueen
17519	Pritsak
17520	Hisayukiyoshio
17521	Kiek
17543	Sosva
17544	Kojiroishikawa
17546	Osadakentaro
17547	Nestebovelli
17555	Kenkennedy
17556	Pierofrancesca
17563	Tsuneyoshi
17567	Hoshinoyakata
17579	Lewkopelew
17597	Stefanzweig
17600	Dobrichovice
17601	Sheldonschafer
17602	Dr. G.
17603	Qoyllurwasi
17606	Wumengchao
17607	Taborsko
17608	Terezin
17610	Riggsbee
17611	Jozkakubik
17612	Whiteknight
17615	Takeomasaru
17617	Takimotoikuo
17625	Joseflada
17627	Humptydumpty
17629	Koichisuzuki
17637	Blaschke
17638	Sualan
17640	Mount Stromlo
17645	Inarimori
17649	Brunorossi
17651	Tajimi
17652	Nepoti
17653	Bochner
17656	Hayabusa
17657	Himawari
17670	Liddell
17673	Houkidaisen
17681	Tweedledum
17683	Kanagawa
17693	Wangdaheng
17694	Jiranek
17696	Bombelli
17697	Evanchen
17698	Racheldavis
17700	Oleksiygolubov
17702	Krystofharant
17703	Bombieri
17712	Fatherwilliam
17720	Manuboccuni
17734	Boole
17736	Zhifeiyu
17737	Sigmundjahn
17744	Jodiefoster
17746	Haigha
17748	Uedashoji
17749	Dulbecco
17759	Hatta
17764	Schatzman
17768	Tigerlily
17770	Baume
17771	Elsheimer
17776	Troska
17777	Ornicar
17779	Migomueller
17781	Kepping
17782	Paulbailey
17783	Scottbrunner
17784	Banerjee
17785	Wesleyfuller
17789	Carolcarty
17792	Kathconnelly
17793	Delorio
17794	Kowalinski
17795	Elysiasegal
17797	Philfrankel
17799	Petewilliams
17801	Zelkowitz
17803	Barish
17805	Svestka
17806	Adolfborn
17807	Ericpearce
17810	Brittholden
17813	Alisonhuenger
17815	Kulawik
17821	Bolsche
17822	Tonireland
17823	Bartels
17825	Juranitch
17826	Normanwisdom
17830	Andreajurgens
17831	Ussery
17832	Pitman
17835	Anoelsuri
17836	Canup
17841	Karenlucci
17842	Jorgegarcia
17843	Shaelucero
17844	Judson
17848	Mordechai
17851	Kaler
17853	Ronaldsayer
17855	Geffert
17856	Gomes
17857	Hsieh
17858	Beauge
17859	Galinaryabova
17860	Roig
17865	Odden
17869	Descamps
17870	Pannett
17873	Palaciosdeborao
17879	Robutel
17880	Vanessaparker
17881	Radmall
17882	Thielemann
17883	Scobuchanan
17884	Jeffthompson
17885	Brianbeyt
17886	Ramazan
17889	Liechty
17891	Buraliforti
17892	Morecambewise
17893	Arlot
17897	Gallardo
17898	Scottsheppard
17899	Mariacristina
17900	Leiferman
17901	Korinriske
17902	Britbaker
17903	Shamieh
17904	Annekoupal
17905	Kabtamu
17906	Shapovalov
17907	Danielgude
17908	Chriskuyu
17909	Nikhilshukla
17910	Munyan
17911	Robertsnyder
17913	Strode
17914	Joannelee
17917	Cartan
17919	Licandro
17920	Zarnecki
17921	Aldeobaldia
17923	Strother
17925	Dougweinberg
17926	Jameswu
17927	Ghoshal
17928	Neuwirth
17929	Sully
17930	Kennethott
17932	Viswanathan
17933	Haraguchi
17934	Deleon
17935	Vinhoward
17936	Nilus
17938	Tamsendrew
17939	Shanethread
17940	Kandyjarvis
17941	Horbatt
17942	Whiterabbit
17944	Lansbury
17945	Hawass
17950	Grover
17951	Fenska
17952	Folsom
17954	Hopkins
17955	Sedransk
17956	Andrewlenoir
17958	Schoof
17959	Camierickson
17960	Liberatore
17961	Mariagorodnitsky
17962	Andrewherron
17963	Vonderheydt
17965	Brodersen
17967	Bacampbell
17969	Truong
17970	Palepu
17971	Samuelhowell
17972	Ascione
17976	Schulman
17980	Vanschaik
17982	Simcmillan
17983	Buhrmester
17984	Ahantonioli
17988	Joannehsieh
17991	Joshuaegan
17992	Japellegrino
17993	Kluesing
17995	Jolinefan
18004	Krystosek
18009	Patrickgeer
18012	Marsland
18013	Shedletsky
18015	Semenkovich
18016	Grondahl
18019	Dascoli
18020	Amend
18021	Waldman
18022	Pepper
18024	Dobson
18026	Juliabaldwin
18027	Gokcay
18028	Ramchandani
18032	Geiss
18043	Laszkowska
18055	Fernhildebrandt
18059	Cavalieri
18060	Zarex
18075	Donasharma
18077	Dianeingrao
18079	Lion-Stoppato
18084	Adamwohl
18086	Emilykraft
18087	Yamanaka
18088	Roberteunice
18090	Kevinkuo
18091	Iranmanesh
18092	Reinhold
18095	Frankblock
18099	Flamini
18100	Lebreton
18101	Coustenis
18102	Angrilli
18104	Mahalingam
18106	Blume
18111	Pinet
18112	Jeanlucjosset
18113	Bibring
18114	Rosenbush
18115	Rathbun
18116	Prato
18117	Jonhodge
18119	Braude
18120	Lytvynenko
18121	Konovalenko
18122	Forestamartin
18123	Pavan
18124	Leeperry
18125	Brianwilson
18127	Denversmith
18128	Wysner
18132	Spector
18142	Adamsidman
18148	Bellier
18149	Colombatti
18150	Lopez-Moreno
18151	Licchelli
18152	Heidimanning
18155	Jasonschuler
18156	Kamisaibara
18157	Craigwright
18158	Nigelreuel
18159	Andrewcook
18160	Nihon Uchu Forum
18161	Koshiishi
18162	Denlea
18163	Jennalewis
18167	Buttani
18169	Amaldi
18170	Ramjeawan
18171	Romaneskue
18174	Khachatryan
18175	Jenniferchoy
18176	Julianhong
18177	Harunaga
18180	Irenesun
18182	Wiener
18184	Dianepark
18189	Medeobaldia
18190	Michaelpizer
18191	Rayhe
18192	Craigwallace
18193	Hollilydrury
18196	Rowberry
18228	Hyperenor
18235	Lynden-Bell
18236	Bernardburke
18237	Kenfreeman
18238	Frankshu
18239	Ekers
18240	Mould
18241	Genzel
18242	Peebles
18243	Gunn
18244	Anneila
18263	Anchialos
18268	Dardanos
18278	Dymas
18281	Tros
18282	Ilos
18284	Tsereteli
18285	Vladplatonov
18286	Kneipp
18287	Verkin
18288	Nozdrachev
18289	Yokoyamakoichi
18290	Sumiyoshi
18291	Wani
18292	Zoltowski
18293	Pilyugin
18294	Rudenko
18295	Borispetrov
18301	Konyukhov
18302	Korner
18321	Bobrov
18322	Korokan
18334	Drozdov
18335	San Cassiano
18343	Asja
18349	Dafydd
18359	Jakobstaude
18360	Sachs
18365	Shimomoto
18368	Flandrau
18376	Quirk
18377	Vetter
18379	Josevandam
18381	Massenet
18395	Schmiedmayer
18396	Nellysachs
18398	Bregenz
18399	Tentoumushi
18400	Muramatsushigeru
18403	Atsuhirotaisei
18404	Kenichi
18412	Kruszelnicki
18413	Adamspencer
18418	Ujibe
18426	Maffei
18430	Balzac
18431	Stazzema
18434	Mikesandras
18441	Cittadivinci
18449	Rikwouters
18453	Nishiyamayukio
18456	Misik
18457	Syoheiyamamoto
18458	Caesar
18460	Peckova
18461	Seiichikanno
18462	Ricco
18467	Nagatatsu
18469	Hakodate
18472	Hatada
18473	Kikuchijun
18493	Demoleon
18497	Nevezice
18498	Cesaro
18499	Showalter
18501	Luria
18505	Caravelli
18509	Bellini
18510	Chasles
18520	Wolfratshausen
18524	Tagatoshihiro
18529	Liangdongcai
18531	Strakonice
18542	Broglio
18548	Christoffel
18550	Maoyisheng
18551	Bovet
18553	Kinkakuji
18555	Courant
18556	Battiato
18560	Coxeter
18561	Fengningding
18562	Ellenkey
18563	Danigoldman
18564	Caseyo
18565	Selg
18567	Segenthau
18568	Thuillot
18572	Rocher
18574	Jeansimon
18579	Duongtuyenvu
18581	Batllo
18583	Francescopedani
18593	Wangzhongcheng
18596	Superbus
18601	Zafar
18602	Lagillespie
18605	Jacqueslaskar
18609	Shinobuyama
18610	Arthurdent
18611	Baudelaire
18617	Puntel
18623	Pises
18624	Prevert
18626	Michaelcarr
18627	Rogerbonnet
18628	Taniasagrati
18631	Maurogherardini
18632	Danielsson
18634	Champigneulles
18635	Frouard
18636	Villedepompey
18637	Liverdun
18638	Nouet
18639	Aoyunzhiyuanzhe
18643	van Rysselberghe
18644	Arashiyama
18647	Vaclavhubner
18649	Fabrega
18653	Christagunt
18656	Mergler
18658	Rajdev
18659	Megangross
18661	Zoccoli
18662	Erinwhite
18663	Lynnta
18664	Rafaelta
18665	Sheenahayes
18668	Gottesman
18669	Lalitpatel
18670	Shantanugaur
18671	Zacharyrice
18672	Ashleyamini
18675	Amiamini
18676	Zdenkaplavcova
18679	Heatherenae
18680	Weirather
18681	Caseylipp
18689	Rodrick
18697	Kathanson
18698	Racharles
18699	Quigley
18702	Sadowski
18704	Brychristian
18707	Annchi
18708	Danielappel
18709	Laurawong
18720	Jerryguo
18725	Atacama
18727	Peacock
18728	Grammier
18729	Potentino
18730	Wingip
18731	Vil'bakirov
18734	Darboux
18735	Chubko
18737	Aliciaworley
18739	Larryhu
18745	San Pedro
18747	Lexcen
18749	Ayyubguliev
18750	Leonidakimov
18751	Yualexandrov
18755	Meduna
18766	Broderick
18768	Sarahbates
18770	Yingqiuqilei
18771	Sisiliang
18773	Bredehoft
18774	Lavanture
18775	Donaldeng
18776	Coulter
18777	Hobson
18779	Hattyhong
18780	Kuncham
18781	Indaram
18782	Joanrho
18783	Sychamberlin
18785	Betsywelsh
18786	Tyjorgenson
18787	Kathermann
18788	Carriemiller
18789	Metzger
18790	Ericaburden
18794	Kianafrank
18796	Acosta
18800	Terresadodge
18801	Noelleoas
18803	Hillaryoas
18805	Kellyday
18806	Zachpenn
18809	Meileawertz
18812	Aliadler
18814	Ivanovsky
18818	Yasuhiko
18821	Markhavel
18823	Zachozer
18824	Graves
18825	Alicechai
18826	Leifer
18830	Pothier
18836	Raymundto
18838	Shannon
18839	Whiteley
18840	Yoshioba
18841	Hruska
18843	Ningzhou
18845	Cichocki
18851	Winmesser
18855	Sarahgutman
18857	Lalchandani
18858	Tecleveland
18861	Eugenishmidt
18862	Warot
18871	Grauer
18872	Tammann
18873	Larryrobinson
18874	Raoulbehrend
18876	Sooner
18877	Stevendodds
18880	Toddblumberg
18883	Domegge
18887	Yiliuchen
18891	Kamler
18903	Matsuura
18905	Weigan
18907	Kevinclaytor
18910	Nolanreis
18912	Kayfurman
18918	Nishashah
18923	Jennifersass
18924	Vinjamoori
18928	Pontremoli
18930	Athreya
18932	Robinhood
18935	Alfandmedina
18938	Zarabeth
18939	Sariancel
18943	Elaisponton
18944	Sawilliams
18946	Massar
18947	Cindyfulton
18948	Hinkle
18949	Tumaneng
18950	Marakessler
18953	Laurensmith
18954	Sarahbounds
18956	Jessicarnold
18957	Mijacobsen
18961	Hampfreeman
18964	Fairhurst
18965	Lazenby
18969	Valfriedmann
18970	Jenniharper
18973	Crouch
18974	Brungardt
18976	Kunilraval
18979	Henryfong
18980	Johannatang
18983	Allentran
18984	Olathe
18987	Irani
18991	Tonivanov
18992	Katharvard
18994	Nhannguyen
18996	Torasan
18997	Mizrahi
19002	Tongkexue
19003	Erinfrey
19004	Chirayath
19005	Teckman
19007	Nirajnathan
19008	Kristibutler
19009	Galenmaly
19017	Susanlederer
19019	Sunflower
19022	Penzel
19023	Varela
19025	Arthurpetron
19029	Briede
19034	Santorini
19066	Ellarie
19079	Hernandez
19080	Martinfierro
19081	Mravinskij
19082	Vikchernov
19083	Mizuki
19084	Eilestam
19096	Leonfridman
19119	Dimpna
19120	Doronina
19121	Rathnasree
19122	Amandabosh
19123	Stephenlevine
19126	Ottohahn
19127	Olegefremov
19129	Loos
19130	Tytgat
19132	Le Clezio
19135	Takashionaka
19136	Strassmann
19137	Copiapo
19139	Apian
19140	Jansmit
19141	Poelkapelle
19142	Langemarck
19148	Alaska
19149	Boccaccio
19155	Lifeson
19156	Heco
19159	Taenakano
19160	Chikayoshitomi
19161	Sakawa
19162	Wambsganss
19165	Nariyuki
19173	Virginiaterese
19175	Peterpiot
19178	Walterbothe
19182	Pitz
19183	Amati
19185	Guarneri
19188	Dittebesard
19189	Stradivari
19190	Morihiroshi
19197	Akasaki
19204	Joshuatree
19208	Starrfield
19210	Higayoshihiro
19224	Orosei
19226	Peiresc
19228	Uemuraikuo
19230	Sugazi
19234	Victoriahibbs
19235	van Schurman
19243	Bunting
19246	Megumisasaki
19250	Poullain
19251	Totziens
19254	Shojitomoko
19258	Gongyi
19262	Lucarubini
19263	Lavater
19268	Morstadt
19282	Zhangcunhao
19287	Paronelli
19288	Egami
19290	Schroeder
19291	Karelzeman
19293	Dedekind
19294	Weymouth
19298	Zhongkeda
19300	Xinglong
19303	Chinacyo
19304	Yoshidaseiko
19306	Voves
19307	Hanayama
19310	Osawa
19311	Susantresch
19313	Shibatakazunari
19314	Nakamuratetsu
19315	Aizunisshinkan
19318	Somanah
19331	Stefanovitale
19348	Cueca
19349	Denjoy
19353	Pierrethierry
19354	Fredkoehler
19355	Merpalehmann
19364	Semafor
19366	Sudingqiang
19367	Pink Floyd
19370	Yukyung
19379	Labrecque
19383	Rolling Stones
19384	Winton
19386	Axelcronstedt
19390	Deledda
19392	Oyamada
19393	Davidthompson
19395	Barrera
19397	Lagarini
19398	Creedence
19400	Emileclaus
19407	Standing Bear
19410	Guisard
19411	Collinarnold
19413	Grantlewis
19415	Parvamenon
19416	Benglass
19417	Madelynho
19419	Pinkham
19420	Vivekbuch
19421	Zachulett
19423	Hefter
19424	Andrewsong
19425	Nicholasrapp
19426	Leal
19428	Gracehsu
19429	Grubaugh
19430	Kristinaufer
19433	Naftz
19434	Bahuffman
19436	Marycole
19437	Jennyblank
19438	Khaki
19439	Allisontjong
19440	Sumatijain
19441	Trucpham
19442	Brianrice
19443	Yanzhong
19444	Addicott
19446	Muroski
19447	Jessicapearl
19448	Jenniferling
19450	Sussman
19452	Keeney
19453	Murdochorne
19454	Henrymarr
19456	Pimdouglas
19457	Robcastillo
19458	Legault
19461	Feingold
19462	Ulissedini
19463	Emilystoll
19464	Ciarabarr
19465	Amandarusso
19466	Darcydiegel
19467	Amandanagy
19470	Wenpingchen
19473	Marygardner
19475	Mispagel
19476	Denduluri
19477	Teresajentz
19478	Jaimeflores
19482	Harperlee
19484	Vanessaspini
19487	Rosscoleman
19488	Abramcoley
19494	Gerbs
19495	Terentyeva
19496	Josephbarone
19497	Pineda
19499	Eugenybiryukov
19500	Hillaryfultz
19504	Vladalekseev
19506	Angellopez
19509	Niigata
19517	Robertocarlos
19518	Moulding
19521	Chaos
19523	Paolofrisi
19524	Acaciacoleman
19528	Delloro
19531	Charton
19533	Garrison
19534	Miyagi
19535	Rowanatkinson
19539	Anaverdu
19542	Lindperkins
19543	Burgoyne
19544	Avramkottke
19547	Collier
19550	Samabates
19551	Peterborden
19563	Brzezinska
19564	Ajburnetti
19568	Rachelmarie
19570	Jessedouglas
19572	Leahmarie
19573	Cummings
19574	Davidedwards
19575	Feeny
19577	Bobbyfisher
19578	Kirkdouglas
19582	Blow
19584	Sarahgerin
19585	Zachopkins
19587	Keremane
19589	Kirkland
19591	Michaelklein
19593	Justinkoh
19595	Lafer-Sousa
19596	Spegorlarson
19597	Ryanlee
19598	Luttrell
19599	Brycemelton
19602	Austinminor
19603	Monier
19612	Noordung
19614	Montelongo
19617	Duhamel
19618	Masa
19619	Bethbell
19620	Auckland
19625	Ovaitt
19629	Serra
19630	Janebell
19631	Greensleeves
19633	Rusjan
19637	Presbrey
19638	Johngenereid
19640	Ethanroth
19643	Jacobrucker
19652	Saris
19656	Simpkins
19658	Sloop
19660	Danielsteck
19662	Stunzi
19663	Rykerwatts
19664	Yancey
19676	Ofeliaguilar
19678	Belczyk
19679	Gretabetteo
19691	Iwate
19694	Dunkelman
19695	Billnye
19700	Teitelbaum
19701	Aomori
19704	Medlock
19707	Tokunai
19711	Johnaligawesa
19713	Ibaraki
19715	Basodino
19718	Albertjarvis
19719	Glasser
19721	Wray
19727	Allen
19730	Machiavelli
19731	Tochigi
19738	Calinger
19741	Callahan
19754	Paclements
19756	Martinezfrias
19758	Janelcoulson
19762	Lacrowder
19763	Klimesh
19766	Katiedavis
19768	Ellendoane
19769	Dolyniuk
19774	Diamondback
19775	Medmondson
19776	Balears
19778	Louisgarcia
19783	Antoniromanya
19787	Betsyglass
19788	Hunker
19789	Susanjohnson
19801	Karenlemmon
19806	Domatthews
19808	Elainemccall
19809	Nancyowen
19810	Partridge
19811	Kimperkins
19813	Ericsands
19815	Marshasega
19816	Wayneseyfert
19817	Larashelton
19818	Shotwell
19820	Stowers
19821	Caroltolin
19822	Vonzielonka
19826	Patwalker
19833	Wickwar
19835	Zreda
19848	Yeungchuchiu
19852	Jamesalbers
19853	Ichinomiya
19855	Borisalexeev
19857	Amandajane
19860	Anahtar
19861	Auster
19872	Chendonghua
19873	Chentao
19874	Liudongyan
19875	Guedes
19911	Rigaux
19912	Aurapenenta
19913	Aigyptios
19914	Klagenfurt
19915	Bochkarev
19916	Donbass
19917	Dazaifu
19918	Stavby
19919	Pogorelov
19925	Juni
19927	Rogefeldt
19952	Ashkinazi
19953	Takeo
19954	Shigeyoshi
19955	Holly
19959	Daisy
19962	Martynenko
19968	Palazzolascaris
19969	Davidfreedman
19970	Johannpeter
19980	Barrysimon
19981	Bialystock
19982	Barbaradoore
19983	Inagekiyokazu
19992	Schonbein
19993	Gunterseeber
19994	Tresini
19998	Binoche
19999	Depardieu
20000	Varuna
20001	Marinakoren
20002	Tillysmith
20003	Andorfer
20004	Audrey-Lucienne
20005	Zagarella
20006	Albertus Magnus
20007	Marybrown
20008	Adacarrera
20009	Joerao
20010	Tomfrench
20011	Baryshnikov
20012	Ranke
20013	Nureyev
20014	Annalisa
20015	Liguori
20016	Rietschel
20017	Alixcatherine
20018	Paulgray
20019	Yukiotanaka
20020	Mipach
20021	Kevinkell
20022	Dontown
20023	Jackmegas
20024	Mayremartinez
20025	Petronaviera
20026	Bettyrobinson
20027	Michaelwatson
20028	Stansammy
20029	Dorner
20030	Bawtenheimer
20031	Lakehead
20032	McNish
20033	Michaelnoble
20034	Greenhalgh
20035	Lauriroche
20036	Marcboucher
20037	Duke
20038	Arasaki
20039	Danfalk
20040	Tatsuyamatsuyama
20041	Gainor
20042	Mortillaro
20043	Ellenmacarthur
20044	Vitoux
20045	Semeniuk
20046	Seronik
20047	Davidsuzuki
20048	Alfianello
20049	Antoniopresti
20050	Aglaonice
20051	Phanostrate
20052	Kellman
20053	Cavefish
20054	Lagrimarios
20055	Mariaespinola
20056	Roccati
20057	Fabiorubeo
20058	Bundalian
20059	Debswoboda
20060	Johannforster
20061	Bilitza
20062	Matthewgriffin
20063	Kanakoseki
20064	Prahladagrawal
20065	Kminek
20066	Sagov
20067	Marthanieves
20068	Peterbarthel
20069	Monyer
20070	Koichiyuko
20073	Yumiko
20074	Laskerschueler
20077	Borispodolsky
20078	Nathanrosen
20080	Maeharatorakichi
20081	Occhialini
20082	Yannlecun
20084	Buckmaster
20096	Shiraishiakihiko
20098	Shibatagenji
20101	Robsullivan
20102	Takasago
20103	de Vico
20106	Morton
20107	Nanyotenmondai
20109	Alicelandis
20112	Cassia
20113	Uckert
20114	Hikage
20115	Niheihajime
20117	Tannoakira
20120	Ryugatake
20135	Juels
20136	Eisenhart
20139	Marianeschi
20140	Costitx
20141	Markidger
20148	Carducci
20151	Utsunomiya
20155	Utewindolf
20156	Herbwindolf
20164	Janzajic
20174	Eisenstein
20180	Annakoleny
20187	Janapittichova
20193	Yakushima
20194	Ilarialocantore
20195	Mariovinci
20197	Enriques
20200	Donbacky
20204	Yuudurunosato
20205	Sitanchen
20207	Dyckovsky
20208	Philiphe
20211	Joycegates
20212	Ekbaltouma
20213	Saurabhsharan
20214	Lorikenny
20217	Kathyclemmer
20218	Dukewriter
20219	Brianstone
20224	Johnrae
20228	Jeanmarcmari
20230	Blanchard
20234	Billgibson
20237	Clavius
20242	Sagot
20243	Den Bosch
20246	Frappa
20252	Eyjafjallajokull
20254	Upice
20256	Adolfneckar
20259	Alanhoffman
20264	Chauhan
20265	Yuyinchen
20266	Danielchoi
20268	Racollier
20270	Phildeutsch
20271	Allygoldberg
20272	Duyha
20274	Halperin
20278	Qileihang
20279	Harel
20281	Kathartman
20282	Hedberg
20283	Elizaheller
20284	Andreilevin
20285	Lubin
20286	Michta
20287	Munteanu
20288	Nachbaur
20289	Nettimi
20290	Seanraj
20291	Raumurthy
20292	Eduardreznik
20293	Sirichelson
20296	Shayestorm
20298	Gordonsu
20300	Arjunsuri
20301	Thakur
20302	Kevinwang
20303	Lindwestrick
20304	Wolfson
20305	Feliciayen
20306	Richarnold
20307	Johnbarnes
20309	Batalden
20311	Nancycarter
20312	Danahy
20313	Fredrikson
20314	Johnharrison
20316	Jerahalpern
20317	Hendrickson
20321	Lightdonovan
20323	Tomlindstom
20324	Johnmahoney
20325	Julianoey
20329	Manfro
20330	Manwell
20331	Bijemarks
20333	Johannhuth
20334	Glewitsky
20335	Charmartell
20336	Gretamills
20337	Naeve
20338	Elainepappas
20339	Eileenreed
20340	Susanruder
20341	Alanstack
20342	Trinh
20343	Vaccariello
20345	Davidvito
20347	Wunderlich
20351	Kaborchardt
20352	Pinakibose
20354	Rebeccachan
20355	Saraclark
20357	Shireendhir
20358	Dalem
20360	Holsapple
20361	Romanishin
20362	Trilling
20363	Komitov
20364	Zdenekmiler
20366	Bonev
20367	Erikagibb
20371	Ekladyous
20372	Juliafanning
20373	Fullmer
20375	Sherrigerten
20376	Joyhines
20377	Jakubisin
20379	Christijohns
20392	Mikeshepard
20393	Kevinlane
20394	Fatou
20399	Michaelesser
20403	Attenborough
20405	Barryburke
20415	Amandalu
20416	Mansour
20420	Marashwhitman
20426	Fridlund
20427	Hjalmar
20430	Stout
20433	Prestinenza
20437	Selohusa
20440	McClintock
20441	Elijahmena
20444	Mamesser
20450	Marymohammed
20451	Galeotti
20454	Pedrajo
20455	Pennell
20460	Robwhiteley
20461	Dioretsa
20465	Vervack
20467	Hibbitts
20468	Petercook
20469	Dudleymoore
20472	Mollypettit
20474	Reasoner
20476	Chanarich
20477	Anastroda
20478	Rutenberg
20479	Celisaucier
20480	Antonschraut
20481	Sharples
20482	Dustinshea
20483	Sinay
20484	Janetsong
20488	Pic-du-Midi
20491	Ericstrege
20495	Rimavska Sobota
20496	Jenik
20497	Marenka
20500	Avner
20503	Adamtazi
20512	Rothenberg
20513	Lazio
20517	Judycrystal
20518	Rendtel
20522	Yogeshwar
20524	Bustersikes
20526	Bathompson
20527	Dajowestrich
20528	Kyleyawn
20529	Zwerling
20530	Johnayres
20531	Stevebabcock
20532	Benbilby
20533	Irmabonham
20534	Bozeman
20535	Marshburrows
20536	Tracicarter
20537	Sandraderosa
20539	Gadberry
20540	Marhalpern
20544	Kimhansell
20545	Karenhowell
20553	Donaldhowk
20555	Jennings
20556	Midgekimble
20557	Davidkulka
20559	Sheridanlamp
20564	Michaellane
20566	Laurielee
20567	McQuarrie
20568	Migaki
20570	Molchan
20571	Tiamorrison
20572	Celemorrow
20573	Garynadler
20574	Ochinero
20576	Marieoertle
20580	Marilpeters
20581	Prendergast
20582	Reichenbach
20583	Richthammer
20584	Brigidsavage
20585	Wentworth
20586	Elizkolod
20587	Jargoldman
20589	Hennyadmoni
20590	Bongiovanni
20591	Sameergupta
20593	Freilich
20595	Ryanwisnoski
20600	Danieltse
20604	Vrishikpatil
20606	Widemann
20607	Vernazza
20608	Fredmerlin
20610	Franciswilliams
20613	Chibaken
20616	Zeeshansayed
20618	Daniebutler
20623	Davidyoung
20624	Dariozanetti
20625	Noto
20631	Stefuller
20632	Carlyrosser
20634	Marichardson
20638	Lingchen
20639	Michellouie
20641	Yenuanchen
20642	Laurajohnson
20643	Angelicaliu
20644	Amritdas
20646	Nikhilgupta
20649	Miklenov
20654	Ivaneder
20657	Alvarez-Candal
20658	Bushmarinov
20664	Senec
20673	Janelle
20686	Thottumkara
20687	Saletore
20689	Zhuyuanchen
20690	Crivello
20693	Ramondiaz
20696	Torresduarte
20719	Velasco
20722	Aaronclevenson
20725	Juliuscsotonyi
20729	Opheltius
20730	Jorgecarvano
20731	Mothediniz
20740	Semery
20741	Jeanmichelreess
20760	Chanmatchun
20768	Langberg
20772	Brittajones
20773	Aneeshvenkat
20776	Juliekrugler
20778	Wangchaohao
20779	Xiajunchao
20780	Chanyikhei
20782	Markcroce
20784	Trevorpowers
20785	Mitalithakor
20787	Mitchfourman
20789	Hughgrant
20793	Goldinaaron
20794	Ryanolson
20796	Philipmunoz
20798	Verlinden
20799	Ashishbakshi
20804	Etter
20809	Eshinjolly
20812	Shannonbabb
20813	Aakashshah
20814	Laurajones
20817	Liuxiaofeng
20818	Karmadiraju
20821	Balasridhar
20822	Lintingnien
20823	Liutingchun
20828	Linchen
20830	Luyajia
20831	Zhangyi
20832	Santhikodali
20834	Allihewlett
20835	Eliseadcock
20836	Marilytedja
20837	Ramanlal
20839	Bretharrison
20840	Borishanin
20843	Kuotzuhao
20846	Liyulin
20850	Gaglani
20851	Ramachandran
20852	Allilandstrom
20853	Yunxiangchu
20854	Tetruashvily
20855	Arifawan
20856	Hamzabari
20857	Richardromeo
20858	Cuirongfeng
20861	Lesliebeh
20862	Jenngoedhart
20863	Jamescronk
20870	Kaningher
20873	Evanfrank
20874	MacGregor
20878	Uwetreske
20879	Chengyuhsuan
20880	Yiyideng
20882	Paulsanchez
20883	Gervais
20887	Ngwaikin
20888	Siyueguo
20892	MacChnoic
20893	Rosymccloskey
20894	Krumeich
20896	Tiphene
20897	Deborahdomingue
20898	Fountainhills
20901	Mattmuehler
20902	Kylebeighle
20936	Nemrut Dagi
20947	Polyneikes
20952	Tydeus
20961	Arkesilaos
20962	Michizane
20963	Pisarenko
20964	Mons Naklethi
20965	Kutafin
20969	Samo
20990	Maryannehervey
20991	Jankollar
20992	Marypearse
20993	Virginiediscry
20994	Atreya
20996	Pandrosion
20998	Houzeaudelehaie
21000	L'Encyclopedie
21001	Trogrlic
21004	Theresemarjou
21007	Lo Campo
21009	Agilkia
21010	Kishon
21011	Johannaterlinden
21014	Daishi
21015	Shigenari
21016	Miyazawaseiroku
21022	Ike
21029	Adorno
21033	Akahirakiyozo
21035	Iwabu
21036	Nakamurayoshi
21047	Hodierna
21050	Beck
21054	Ojmjakon
21057	Garikisraelian
21059	Penderecki
21062	Iasky
21064	Yangliwei
21065	Jamesmelka
21073	Darksky
21074	Rugen
21075	Heussinger
21076	Kokoschka
21082	Araimasaru
21087	Petsimpallas
21088	Chelyabinsk
21089	Mochizuki
21104	Sveshnikov
21109	Sunkel
21110	Karlvalentin
21114	Bernson
21117	Tashimaseizo
21118	Hezimmermann
21120	Naritaatsushi
21121	Andoshoeki
21125	Orff
21126	Katsuyoshi
21128	Chapuis
21148	Billramsey
21149	Kenmitchell
21160	Saveriolombardi
21161	Yamashitaharuo
21166	Nobuyukishouji
21182	Teshiogawa
21187	Setsuo
21188	Kiyohiro
21189	Robertonesci
21190	Martamaffei
21192	Seccisergio
21219	Mascagni
21229	Susil
21234	Nakashima
21236	Moneta
21237	Suematsu
21238	Panarea
21250	Kamikouchi
21254	Jonan
21256	Robertobattiston
21257	Jizni Cechy
21258	Huckins
21262	Kanba
21269	Bechini
21270	Otokar
21275	Tosiyasu
21276	Feller
21282	Shimizuyuka
21284	Pandion
21287	Santa-Lucia
21289	Giacomel
21290	Vydra
21291	Mercalli
21292	Kanetakoichi
21293	Fujimototoyoshi
21294	Yamaguchiyuko
21301	Zanin
21302	Shirakamisanchi
21306	Marani
21311	Servius
21313	Xiuyanyu
21326	Nitta-machi
21327	Yabuzuka
21328	Otashi
21330	Alanwhitman
21331	Lodovicoferrari
21336	Andyblanchard
21337	Sansepolcro
21346	Marieladislav
21348	Toyoteru
21349	Bevoke
21350	Billgardner
21351	Bhagwat
21355	Pikovskaya
21356	Karlplank
21357	Davidying
21358	Mijerbarany
21359	Geng
21360	Bobduff
21361	Carsonmark
21362	Dickarmstrong
21363	Jotwani
21364	Lingpan
21367	Edwardpleva
21368	Shiodayama
21369	Gertfinger
21375	Fanshawe
21380	Devanssay
21387	Wafakhalil
21388	Moyanodeburt
21389	Pshenichka
21390	Shindo
21391	Rotanner
21392	Helibrochier
21393	Kalygeringer
21394	Justinbecker
21395	Albertofilho
21396	Fisher-Ives
21397	Leontovich
21398	Zengguoshou
21399	Bateman
21400	Ahdout
21401	Justinkovac
21402	Shanhuang
21403	Haken
21404	Atluri
21405	Sagarmehta
21406	Jimyang
21407	Jessicabaker
21408	Lyrahaas
21409	Forbes
21410	Cahill
21411	Abifraeman
21412	Sinchanban
21413	Albertsao
21414	Blumenthal
21415	Nicobrenner
21416	Sisichen
21417	Kelleyharris
21418	Bustos
21419	Devience
21421	Nealwadhwa
21422	Alexacarey
21423	Credo
21424	Faithchang
21425	Cordwell
21426	Davidbauer
21427	Ryanharrison
21428	Junehokim
21429	Gulati
21430	Brubrew
21431	Amberhess
21432	Polingloh
21433	Stekramer
21434	Stanchiang
21435	Aharon
21436	Chaoyichi
21437	Georgechen
21438	Camibarnett
21439	Robenzing
21440	Elizacollins
21441	Stevencondie
21445	Pegconnolly
21446	Tedflint
21447	Yungchieh
21448	Galindo
21449	Hemmick
21450	Kissel
21451	Fisher
21453	Victorlevine
21454	Chernoby
21455	Mcfarland
21456	Myers
21457	Fevig
21458	Susank
21459	Chrisrussell
21460	Ryozo
21461	Alexchernyak
21462	Karenedbal
21463	Nickerson
21464	Chinaroonchai
21465	Michelepatt
21466	Franpelrine
21467	Rosenstein
21468	Saylor
21469	Robschum
21470	Frankchuang
21471	Pavelchvykov
21472	Stimson
21473	Petesullivan
21474	Pamelatsai
21475	Jasonclain
21476	Petrie
21477	Terikdaly
21478	Maggiedelano
21479	Marymartha
21480	Jilltucker
21481	Johnwarren
21482	Patashnick
21483	Abdulrasool
21484	Eppard
21485	Ash
21488	Danyellelee
21495	Feaga
21496	Lijianyang
21497	Alicehine
21498	Keenanferar
21499	Perillat
21500	Vazquez
21501	Acevedo
21502	Cruz
21503	Beksha
21504	Caseyfreeman
21505	Bernert
21506	Betsill
21507	Bhasin
21508	Benbrewer
21509	Lucascavin
21510	Chemnitz
21511	Chiardola
21512	Susieclary
21513	Bethcochran
21514	Gamalski
21515	Gavini
21516	Mariagodinez
21517	Dobi
21518	Maysunhasan
21519	Josephhenry
21520	Dianaeheart
21521	Hippalgaonkar
21522	Entwisle
21523	GONG
21526	Mirano
21527	Horton
21528	Chrisfaust
21529	Johnjames
21530	Despiau
21531	Billcollin
21537	Frechet
21539	Josefhlavka
21540	Itthipanyanan
21541	Friskop
21542	Kennajeannet
21543	Jessop
21544	Hermainkhan
21545	Koirala
21546	Konermann
21547	Kottapalli
21548	Briekugler
21549	Carolinelang
21550	Laviolette
21551	Geyang
21552	Richardlee
21553	Monchicourt
21554	Leechaohsi
21555	Levary
21556	Christineli
21557	Daniellitt
21558	Alisonliu
21559	Jingyuanluo
21560	Analyons
21561	Masterman
21562	Chrismessick
21563	Chetgervais
21564	Widmanstatten
21568	Evanmorikawa
21570	Muralidhar
21571	Naegeli
21572	Nguyen-McCarty
21574	Ouzan
21575	Padmanabhan
21576	McGivney
21577	Negron
21578	Davidgillette
21580	Portalatin
21581	Ernestoruiz
21582	Arunvenkataraman
21583	Caropietsch
21584	Polepeddi
21585	Polmear
21586	Pourkaviani
21587	Christopynn
21588	Gianelli
21589	Rafes
21601	Aias
21602	Ialmenus
21605	Reynoso
21607	Robel
21608	Gloyna
21609	Williamcaleb
21610	Rosengard
21611	Rosoff
21612	Chelsagloria
21613	Schlecht
21614	Grochowski
21615	Guardamano
21616	Guhagilford
21617	Johnhagen
21618	Sheikh
21619	Johnshopkins
21621	Sherman
21622	Victorshia
21623	Albertshieh
21625	Seira
21626	Matthewhall
21627	Sillis
21628	Lucashof
21629	Siperstein
21630	Wootensmith
21631	Stephenhonan
21632	Suwanasri
21633	Hsingpenyuan
21634	Huangweikang
21635	Micahtoll
21636	Huertas
21637	Ninahuffman
21638	Nicjachowski
21639	Davidkaufman
21640	Petekirkland
21641	Tiffanyko
21642	Kominers
21643	Kornev
21644	Vinay
21645	Chentsaiwei
21646	Joshuaturner
21647	Carlturner
21648	Gravanschaik
21649	Vardhana
21650	Tilgner
21651	Mission Valley
21652	Vasishtha
21653	Davidwang
21655	Niklauswirth
21656	Knuth
21657	Alinecarter
21659	Fredholm
21660	Velenia
21661	Olgagermani
21662	Benigni
21663	Banat
21664	Konradzuse
21665	Frege
21670	Kuan
21671	Warrener
21672	Laichunju
21673	Leatherman
21674	Renaldowebb
21675	Kaitlinmaria
21676	Maureenanne
21677	Tylerlyon
21678	Lindner
21679	Bettypalermiti
21680	Richardschwartz
21682	Pestafrantisek
21683	Segal
21684	Alinafiocca
21685	Francomallia
21686	Koschny
21687	Filopanti
21694	Allisowilson
21695	Hannahwolf
21696	Ermalmquist
21697	Mascharak
21698	McCarron
21699	Wolpert
21700	Caseynicole
21701	Gabemendoza
21702	Prisymendoza
21703	Shravanimikk
21704	Mikkilineni
21705	Subinmin
21706	Robminehart
21707	Johnmoore
21708	Mulhall
21709	Sethmurray
21710	Nijhawan
21711	Wilfredwong
21712	Obaid
21713	Michaelolson
21714	Geoffreywoo
21715	Palaniappan
21716	Panchamia
21717	Pang
21718	Cheonghapark
21719	Pasricha
21720	Pilishvili
21721	Feiniqu
21722	Rambhia
21723	Yinyinwu
21724	Ratai
21725	Zhongyuechen
21726	Rezvanian
21727	Rhines
21728	Zhuzhirui
21729	Kimrichards
21730	Ignaciorod
21731	Zhuruochen
21732	Rumery
21733	Schlottmann
21735	Nissaschmidt
21736	Samaschneid
21737	Stephenshulz
21738	Schwank
21739	Annekeschwob
21742	Rachaelscott
21743	Michaelsegal
21744	Meliselinger
21745	Shadfan
21746	Carrieshaw
21747	Justsolomon
21748	Srinivasan
21750	Tartakahashi
21751	Jennytaylor
21752	Johnthurmon
21753	Trudel
21754	Tvaruzkova
21758	Adrianveres
21770	Wangyiran
21774	O'Brien
21775	Tsiganis
21776	Kryszczynska
21778	Andrewarren
21782	Davemcdonald
21785	Mechain
21789	Frankwasser
21791	Mattweegman
21795	Masi
21798	Mitchweegman
21799	Ciociaria
21801	Ancerl
21802	Svoren
21804	Vaclavneumann
21811	Burroughs
21813	Danwinegar
21814	Shanawolff
21815	Fanyang
21817	Yingling
21818	Yurkanin
21821	Billryan
21822	Degiorgi
21825	Zhangyizhong
21826	Youjiazhong
21827	Chingzhu
21829	Kaylacornale
21840	Ghoshchoudhury
21846	Wojakowski
21850	Abshir
21852	Bolander
21853	Kelseykay
21854	Brendandwyer
21856	Heathermaria
21858	Gosal
21860	Joannaguy
21861	Maryhedberg
21862	Joshuajones
21873	Jindrichuvhradec
21887	Dipippo
21888	Durech
21891	Andreabocelli
21900	Orus
21903	Wallace
21913	Taylorjones
21914	Melakabinoff
21915	Lavins
21919	Luga
21921	Camdenmiller
21922	Mocz
21924	Alyssaovaitt
21925	Supasternak
21926	Jacobperry
21927	Sarahpierz
21928	Prabakaran
21929	Nileshraval
21932	Rios
21933	Aaronrozon
21936	Ryan
21937	Basheehan
21939	Kasmith
21942	Subramanian
21943	Diannacowern
21945	Kleshchonok
21949	Tatulian
21952	Terry
21956	Thangada
21958	Tripuraneni
21962	Scottsandford
21964	Kevinhousen
21965	Dones
21966	Hamadori
21970	Tyle
21985	Sejna
21986	Alexanduribe
21989	Werntz
21990	Garretyazzie
21991	Zane
21999	Disora
22002	Richardregan
22003	Startek
22005	Willnelson
22010	Kuzmina
22019	Leviticusalewis
22020	Joshuahandal
22021	Andreariley
22022	Gould
22025	Dorisdaou
22026	Lindabillings
22027	Romanakofler
22028	Matthewdaniels
22029	Johnshaw
22032	Mikekoop
22038	Margarshain
22057	Brianking
22063	Dansealey
22064	Angelalewis
22065	Colgrove
22079	Kabinoff
22080	Emilevasseur
22082	Rountree
22102	Karenlamb
22105	Pirko
22106	Tomokoarai
22109	Loriehutch
22112	Staceyraw
22120	Gaylefarrar
22132	Merkley
22134	Kirian
22136	Jamesharrison
22137	Annettelee
22138	Laynrichards
22139	Jamescox
22140	Suzyamamoto
22142	Loripryor
22143	Cathyfowler
22144	Linmichaels
22146	Samaan
22148	Francislee
22149	Cinyras
22151	Davebracy
22152	Robbennett
22153	Kathbarnhart
22155	Marchetti
22156	Richoffman
22157	Bryanhoran
22158	Chee
22161	Santagata
22162	Leslijohnson
22165	Kathydouglas
22167	Lane-Cline
22168	Weissflog
22171	Choi
22173	Myersdavis
22174	Allisonmae
22177	Saotome
22180	Paeon
22183	Canonlau
22184	Rudolfveltman
22185	Stiavnica
22189	Gijskatgert
22190	Stellakwee
22191	Achucarro
22192	Vivienreuter
22195	Nevadodelruiz
22199	Klonios
22203	Prothoenor
22222	Hodios
22227	Polyxenos
22249	Dvorets Pionerov
22250	Konstfrolov
22251	Eden
22253	Sivers
22254	Vladbarmin
22260	Ur
22263	Pignedoli
22275	Barentsen
22276	Belkin
22277	Hirado
22278	Protitch
22280	Mandragora
22281	Popescu
22283	Pytheas
22291	Heitifer
22292	Mosul
22294	Simmons
22299	Georgesteiner
22312	Kelly
22322	Bodensee
22338	Janemojo
22341	Francispoulenc
22346	Katsumatatakashi
22347	Mishinatakashi
22348	Schmeidler
22351	Yamashitatoshiki
22352	Fujiwarakenjiro
22354	Sposetti
22355	Yahabananshozan
22356	Feyerabend
22366	Flettner
22369	Klinger
22370	Italocalvino
22378	Gaherty
22379	Montale
22383	Nikolauspacassi
22385	Fujimoriboshi
22394	Kondouakira
22395	Ourakenji
22397	Minobe
22401	Egisto
22402	Goshi
22403	Manjitludher
22404	Skujyte
22405	Gavioliremo
22406	Garyboyle
22409	Nagatohideaki
22410	Grinspoon
22413	Haifu
22414	Hornschemeier
22415	Humeivey
22416	Tanimotoyoshi
22421	Jamesedgar
22422	Kenmount Hill
22423	Kudlacek
22426	Mikehanes
22429	Jurasek
22432	Pamgriffin
22434	Peredery
22435	Pierfederici
22440	Bangsgaard
22442	Blaha
22446	Philwhitney
22448	Ricksaunders
22449	Ottijeff
22450	Nove Hrady
22451	Tymothycoons
22453	Shibusawaeiichi
22454	Rosalylopes
22456	Salopek
22465	Karelandel
22467	Koharumi
22469	Poloniny
22470	Shirakawa-go
22473	Stanleyhey
22474	Frobenius
22475	Stanrunge
22477	Julimacoraor
22480	Maedatoshihisa
22481	Zachlynn
22482	Michbertier
22485	Unterman
22487	Megphillips
22488	Martyschwartz
22489	Yanaka
22490	Zigamiyama
22492	Mosig
22494	Trillium
22495	Fubini
22497	Immanuelfuchs
22498	Willman
22499	Wunibaldkamm
22500	Grazianoventre
22503	Thalpius
22505	Lewit
22512	Cannat
22517	Alexzanardi
22519	Gerardklein
22527	Gawlik
22528	Elysehope
22530	Huynh-Le
22531	Davidkelley
22533	Krishnan
22534	Lieblich
22536	Katelowry
22537	Meyerowitz
22538	Lucasmoller
22540	Mork
22542	Pendri
22543	Ranjan
22544	Sarahrapo
22545	Brittrusso
22546	Schickler
22547	Kimberscott
22550	Jonsellon
22551	Adamsolomon
22553	Yisun
22554	Shoshanatell
22555	Joevellone
22558	Mladen
22561	Miviscardi
22562	Wage
22563	Xinwang
22564	Jeffreyxing
22566	Irazaitseva
22567	Zenisek
22570	Harleyzhang
22571	Letianzhang
22572	Yuanzhang
22573	Johnzhou
22575	Jayallen
22577	Alfiuccio
22579	Marcyeager
22580	Kenkaplan
22581	Rosahemphill
22582	Patmiller
22583	Metzler
22584	Winigleason
22586	Shellyhynes
22587	McKennon
22589	Minor
22594	Stoops
22596	Kathwallace
22597	Lynzielinski
22598	Francespearl
22599	Heatherhall
22603	Davidoconnor
22605	Steverumsey
22611	Galerkin
22612	Dandibner
22613	Callander
22616	Bogolyubov
22617	Vidphananu
22618	Silva Nortica
22619	Ajscheetz
22621	Larrybartel
22622	Strong
22623	Fisico
22625	Kanipe
22626	Jengordinier
22627	Aviscardi
22628	Michaelallen
22630	Wallmuth
22631	Dillard
22632	DiNovis
22633	Fazio
22638	Abdulla
22639	Nickanthony
22640	Shalilabaena
22644	Matejbel
22645	Rotblat
22647	Levi-Strauss
22649	Paulineloader
22650	Brianloader
22656	Aaronburrows
22666	Josephchurch
22675	Davidcohn
22679	Amydavid
22685	Dominguez
22686	Mishchenko
22692	Carfrekahl
22694	Tyndall
22697	Manek
22701	Cyannaskye
22705	Erinedwards
22706	Ganguly
22707	Jackgrundy
22717	Romeuf
22719	Nakadori
22722	Timothycooper
22723	Edlopez
22724	Byatt
22725	Drabble
22729	Anthennig
22730	Jacobhurwitz
22732	Jakpor
22734	Theojones
22736	Kamitaki
22739	Sikhote-Alin
22740	Rayleigh
22744	Esterantonucci
22745	Rikuzentakata
22752	Sabrinamasiero
22754	Olympus
22756	Manpreetkaur
22757	Klimcak
22758	Lemp
22769	Aurelianora
22775	Jasonelloyd
22776	Matossian
22777	McAliley
22780	McAlpine
22782	Kushalnaik
22783	Teng
22784	Theresaoei
22786	Willipete
22788	von Steuben
22791	Twarog
22794	Lindsayleona
22802	Sigiriya
22809	Kensiequade
22810	Rawat
22812	Ricker
22815	Sewell
22817	Shankar
22819	Davidtao
22824	von Neumann
22827	Arvernia
22828	Jaynethomp
22829	Paigerin
22830	Tinker
22831	Trevanvoorth
22833	Scottyu
22835	Rickgardner
22836	Leeannragasa
22837	Richardcruz
22838	Darcyhampton
22839	Richlawrence
22840	Villarreal
22842	Alenashort
22843	Stverak
22846	Fredwhitaker
22847	Utley
22848	Chrisharriot
22852	Kinney
22855	Donnajones
22856	Stevenzeiher
22857	Hyde
22858	Suesong
22860	Francylemp
22862	Janinedavis
22863	Namarkarian
22865	Amymoffett
22868	Karst
22869	Brianmcfar
22870	Rosing
22871	Ellenoei
22872	Williamweber
22873	Heatherholt
22874	Haydeephelps
22875	Lanejackson
22877	Reginamiller
22880	Pulaski
22885	Sakaemura
22889	Donnablaney
22890	Ruthaellis
22898	Falce
22899	Alconrad
22900	Trudie
22901	Ivanbella
22903	Georgeclooney
22905	Liciniotoso
22906	Lisauckis
22907	van Voorthuijsen
22908	Bayefsky-Anand
22909	Gongmyunglee
22910	Ruiwang
22911	Johnpardon
22912	Noraxu
22913	Brockman
22914	Tsunanmachi
22919	Shuwan
22920	Kaitduncan
22921	Siyuanliu
22922	Sophiecai
22923	Kathrynblair
22924	Deshpande
22927	Blewett
22928	Templehe
22929	Seanwahl
22932	Orenbrecher
22933	Mareverett
22936	Ricmccutchen
22937	Nataliavella
22938	Brilawrence
22939	Handlin
22940	Chyan
22942	Alexacourtis
22944	Sarahmarzen
22945	Schikowski
22947	Carolsuh
22948	Maidanak
22951	Okabekazuko
22952	Hommasachi
22955	Tibees
22957	Vaintrob
22958	Rohatgi
22961	Rosegarcia
22963	Fuls
22978	Nyrola
22981	Katz
22982	Emmacall
22983	Schlingheyde
22987	Rebeckaufman
22988	Jimmyhom
22989	Loriskopp
22990	Mattbrenner
22991	Jeffreyklus
22992	Susansmith
22993	Aferrari
22994	Workman
22995	Allenjanes
22996	De Boo
22998	Waltimyer
22999	Irizarry
23002	Jillhirsch
23003	Ziminski
23004	Triciatalbert
23006	Pazden
23008	Rebeccajohns
23010	Kathyfinch
23011	Petach
23013	Carolsmyth
23014	Walstein
23016	Michaelroche
23017	Advincula
23018	Annmoriarty
23019	Thomgregory
23030	Jimkennedy
23032	Fossey
23038	Jeffbaughman
23040	Latham
23041	Hunt
23042	Craigpeters
23044	Starodub
23045	Sarahocken
23046	Stevengordon
23047	Isseroff
23048	Davidnelson
23054	Thomaslynch
23055	Barbjewett
23057	Angelawilson
23059	Paulpaino
23060	Shepherd
23061	Blueglass
23062	Donnamooney
23063	Lichtman
23064	Mattmiller
23066	Yihedong
23067	Ishajain
23068	Tyagi
23069	Kapps
23070	Koussa
23071	Tinaliu
23074	Sarakirsch
23079	Munguia
23091	Stansill
23096	Mihika
23098	Huanghuang
23102	Dayanli
23109	Masayanagisawa
23110	Ericberne
23111	Fritzperls
23113	Aaronhakim
23115	Valcourt
23116	Streich
23120	Paulallen
23121	Michaelding
23122	Lorgat
23128	Dorminy
23131	Debenedictis
23133	Rishinbehl
23135	Pheidas
23151	Georgehotz
23153	Andrewnowell
23155	Judithblack
23158	Bouligny
23162	Alexcrook
23164	Badger
23165	Kakinchan
23166	Bilal
23168	Lauriefletch
23169	Michikami
23172	Williamartin
23173	Hideaki
23176	Missacarvell
23178	Ghaben
23179	Niedermeyer
23180	Ryosuke
23182	Siyaxuza
23186	Knauss
23190	Klages-Mundt
23191	Sujaytyle
23192	Caysvesterby
23197	Danielcook
23198	Norvell
23199	Bezdek
23204	Arditkroni
23212	Arkajitdey
23213	Ameliachang
23214	Patrickchen
23216	Mikehagler
23217	Nayana
23218	Puttachi
23220	Yalemichaels
23221	Delgado
23228	Nandinisarma
23232	Buschur
23234	Lilliantsai
23235	Yingfan
23238	Ocasio-Cortez
23241	Yada
23244	Lafayette
23245	Fujimura
23246	Terazono
23248	Batchelor
23249	Liaoyenting
23254	Chikatoshi
23257	Denny
23258	Tsuihark
23259	Miwadagakuen
23262	Thiagoolson
23265	von Wurden
23270	Kellerman
23271	Kellychacon
23274	Wuminchun
23277	Benhughes
23279	Chenhungjen
23280	Laitsaita
23281	Vijayjain
23283	Jinjuyi
23284	Celik
23286	Parlakgul
23289	Naruhirata
23294	Sunao
23295	Brandoreavis
23296	Brianreavis
23298	Loewenstein
23306	Adamfields
23307	Alexramek
23308	Niyomsatian
23310	Siriwon
23313	Supokaivanich
23315	Navinbrian
23318	Salvadorsanchez
23322	Duyingsewa
23323	Anand
23324	Kwak
23325	Arroyo
23327	Luchernandez
23329	Josevega
23331	Halimzeidan
23355	Elephenor
23382	Epistrophos
23383	Schedios
23401	Brodskaya
23402	Turchina
23403	Boudewijnbuch
23404	Bomans
23405	Nisyros
23406	Kozlov
23408	Beijingaoyun
23409	Derzhavin
23410	Vikuznetsov
23411	Bayanova
23418	Malmback
23436	Alekfursenko
23437	Sima
23443	Kikwaya
23444	Kukucin
23448	Yasudatakeshi
23450	Birkenstock
23452	Drew
23455	Fumi
23457	Beiderbecke
23465	Yamashitakouhei
23468	Kannabe
23469	Neilpeart
23471	Kawatamasaaki
23472	Rolfriekher
23473	Voss
23475	Nakazawa
23477	Wallenstadt
23478	Chikumagawa
23490	Monikohl
23495	Nagaotoshiko
23504	Haneda
23514	Schneider
23520	Ludwigbechstein
23524	Yuichitsuda
23543	Saiki
23547	Tognelli
23549	Epicles
23562	Hyodokenichi
23564	Ungaretti
23571	Zuaboni
23578	Baedeker
23583	Krivsky
23587	Abukumado
23591	Yanagisawa
23608	Alpiapuane
23612	Ramzel
23617	Duna
23625	Gelfond
23628	Ichimura
23638	Nagano
23644	Yamaneko
23648	Kolar
23649	Tohoku
23650	Cvancara
23662	Jozankei
23663	Kalou
23667	Savinakim
23668	Eunbekim
23669	Huihuifan
23672	Swiggum
23673	Neilmehta
23674	Juliebaker
23675	Zabinski
23676	Tomitayoshihiro
23679	Andrewmoore
23680	Kerryking
23681	Prabhu
23685	Toaldo
23686	Songyuan
23688	Josephjoachim
23689	Jancuypers
23690	Jiangwenhan
23691	Jefneve
23692	Nandatianwenners
23699	Paulgordan
23701	Liqibin
23707	Chambliss
23712	Willpatrick
23717	Kaddoura
23718	Horgos
23722	Gulak
23727	Akihasan
23728	Jasonmorrow
23729	Kemeisha
23730	Suncar
23732	Choiseungjae
23733	Hyojiyun
23734	Kimgyehyun
23735	Cohen
23738	van Zyl
23739	Kevin
23741	Takaaki
23742	Okadatatsuaki
23743	Toshikasuga
23744	Ootsubo
23745	Liadawley
23747	Rahaelgupta
23748	Kaarethode
23749	Thygesen
23750	Stepciechan
23751	Davidprice
23752	Jacobshapiro
23753	Busdicker
23754	Rachnareddy
23755	Sergiolozano
23756	Daniellozano
23757	Jonmunoz
23758	Guyuzhou
23759	Wangzhaoxin
23761	Yangliqing
23768	Abu-Rmaileh
23769	Russellbabb
23771	Emaitchar
23772	Masateru
23773	Sarugaku
23774	Herbelliott
23775	Okudaira
23776	Gosset
23777	Goursat
23779	Cambier
23783	Alyssachan
23788	Cofer
23791	Kaysonconlin
23792	Alyssacook
23798	Samagonzalez
23801	Erikgustafson
23804	Haber
23808	Joshuahammer
23809	Haswell
23811	Connorivens
23812	Jannuzi
23814	Bethanylynne
23816	Rohitkamat
23817	Gokulk
23818	Matthewlepow
23819	Tsuyoshi
23821	Morganmonroe
23831	Mattmooney
23833	Mowers
23834	Mukhopadhyay
23837	Matthewnanni
23844	Raghvendra
23850	Ramaswami
23851	Rottman-Yang
23852	Laurierumker
23854	Rickschaffer
23855	Brandonshih
23858	Ambrosesoehn
23861	Benjaminsong
23865	Karlsorensen
23867	Cathsoto
23871	Ousha
23875	Strube
23877	Gourmaud
23879	Demura
23880	Tongil
23882	Fredcourant
23884	Karenharvey
23886	Toshihamane
23887	Shinsukeabe
23888	Daikinoshita
23889	Hermanngrassmann
23890	Quindou
23893	Lauman
23894	Arikahiguchi
23895	Akikonakamura
23896	Tatsuaki
23897	Daikuroda
23898	Takir
23899	Kornos
23900	Urakawa
23904	Amytang
23922	Tawadros
23924	Premt
23928	Darbywoodard
23931	Ibuki
23937	Delibes
23938	Kurosaki
23944	Dusser
23946	Marcelleroux
23949	Dazapata
23950	Tsusakamoto
23955	Nishikota
23958	Theronice
23975	Akran
23980	Ogden
23981	Patjohnson
23988	Maungakiekie
23989	Farpoint
23990	Springsteen
23992	Markhobbs
23994	Mayhan
23995	Oechsle
23999	Rinner
24000	Patrickdufour
24005	Eddieozawa
24010	Stovall
24015	Pascalepinner
24019	Jeremygasper
24021	Yocum
24024	Lynnejohnson
24025	Kimwallin
24026	Pusateri
24027	Downs
24028	Veronicaduys
24032	Aimeemcarthy
24044	Caballo
24045	Unruh
24046	Malovany
24047	Latorredelsole
24048	Pedroduque
24051	Hadinger
24052	Nguyen
24053	Shinichiro
24059	Halverson
24060	Schimenti
24062	Hardister
24063	Nanwoodward
24065	Barbfriedman
24066	Eriksorensen
24068	Simonsen
24069	Barbarapener
24070	Toniwest
24074	Thomasjohnson
24084	Teresaswiger
24087	Ciambetti
24090	Grindavik
24093	Tomoyamaguchi
24101	Cassini
24102	Jacquescassini
24103	Dethury
24104	Vinissac
24105	Broughton
24118	Babazadeh
24119	Katherinrose
24120	Jeremyblum
24121	Achandran
24123	Timothychang
24124	Dozier
24125	Sapphozoe
24126	Gudjonson
24128	Hipsman
24129	Oliviahu
24130	Alexhuang
24131	Jonathuggins
24133	Chunkaikao
24134	Cliffordkim
24135	Lisann
24137	Torre del Lago
24138	Benjaminlu
24139	Brianmcarthy
24140	Evanmirts
24144	Philipmocz
24146	Benjamueller
24147	Stefanmuller
24148	Mychajliw
24149	Raghavan
24152	Ramasesh
24153	Davidalex
24154	Ayonsen
24155	Serganov
24156	Hamsasridhar
24157	Toshiyanagisawa
24158	Kokubo
24159	Shigetakahashi
24162	Askaci
24168	Hexlein
24173	SLAS
24186	Shivanisud
24188	Matthewage
24189	Lewasserman
24190	Xiaoyunyin
24191	Qiaochuyuan
24194	Palus
24198	Xiaomengzeng
24199	Tsarevsky
24200	Peterbrooks
24201	Davidkeith
24204	Trinkle
24206	Mariealoia
24208	Stelguerrero
24210	Handsberry
24211	Barbarawood
24214	Jonchristo
24215	Jongastel
24217	Paulroeder
24218	Linfrederick
24219	Chrisodom
24224	Matthewdavis
24226	Sekhsaria
24232	Lanthrum
24236	Danielberger
24238	Adkerson
24239	Paulinehiga
24240	Tinagal
24245	Ezratty
24249	Bobbiolson
24250	Luteolson
24259	Chriswalker
24260	Krivan
24261	Judilegault
24265	Banthonytwarog
24268	Charconley
24269	Kittappa
24270	Dougskinner
24274	Alliswheeler
24277	Schoch
24278	Davidgreen
24280	Rohenderson
24289	Anthonypalma
24292	Susanragan
24296	Marychristie
24297	Jonbach
24301	Gural
24303	Michaelrice
24304	Lynnrice
24305	Darrellparnell
24308	Cowenco
24316	Anncooper
24317	Pukarhamal
24318	Vivianlee
24325	Kaleighanne
24328	Thomasburr
24331	Alyshaowen
24332	Shaunalinn
24333	Petermassey
24334	Conard
24337	Johannessen
24344	Brianbarnett
24345	Llaverias
24346	Lehienphan
24347	Arthurkuan
24351	Fionawood
24352	Kapilrama
24353	Patrickhsu
24354	Caz
24369	Evanichols
24370	Marywang
24372	Timobauman
24376	Ramesh
24378	Katelyngibbs
24380	Dorippe
24385	Katcagen
24386	McLindon
24387	Trettel
24397	Parkerowan
24409	Caninquinn
24410	Juliewalker
24411	Janches
24412	Ericpalmer
24413	Britneyschmidt
24414	Anzhenhosp
24420	Thasos
24421	Djorgovski
24422	Helentressa
24426	Belova
24432	Elizamcnitt
24434	Josephhoscheidt
24438	Michaeloy
24439	Yanney
24441	Jopek
24450	Victorchang
24451	Molion
24455	Kanuchova
24464	Williamkalb
24474	Ananthram
24480	Glavin
24484	Chester
24488	Eliebochner
24492	Nathanmonroe
24493	McCommon
24494	Megmoulding
24495	Degroff
24503	Kero
24509	Joycechai
24517	Omattage
24520	Abramson
24523	Sanaraoof
24524	Kevinhawkins
24526	Desai
24529	Urbach
24532	Csabakiss
24533	Kokhirova
24535	Neslusan
24538	Charliexie
24541	Hangzou
24546	Darnell
24547	Stauber
24548	Katieeverett
24549	Jaredgoodman
24587	Kapaneus
24601	Valjean
24602	Mozzhorin
24603	Mekistheus
24604	Vasilermakov
24605	Tsykalyuk
24607	Sevnatu
24608	Alexveselkov
24609	Evgenij
24611	Svetochka
24618	Johnduffey
24619	Danielarsham
24626	Astrowizard
24637	Ol'gusha
24639	Mukhametdinov
24640	Omiwa
24641	Enver
24643	MacCready
24645	Segon
24646	Stober
24647	Maksimachev
24648	Evpatoria
24649	Balaklava
24654	Fossett
24658	Misch
24662	Gryll
24663	Philae
24665	Tolerantia
24666	Miesvanrohe
24671	Frankmartin
24673	Ohsugitadao
24679	Van Rensbergen
24680	Alleven
24681	Granados
24695	Styrsky
24697	Rastrelli
24699	Schwekendiek
24701	Elyu-Ene
24709	Mitau
24711	Chamisso
24712	Boltzmann
24713	Ekrutt
24726	Nagatatetsuya
24728	Scagell
24732	Leonardcohen
24734	Kareness
24748	Nernst
24749	Grebel
24750	Ohm
24751	Kroemer
24753	Fujikake
24754	Zellyfry
24757	Kusano
24761	Ahau
24778	Nemsu
24779	Presque Isle
24794	Kurland
24808	Iwanaguchi
24816	Einagahideo
24818	Menichelli
24825	Ebeshireiko
24826	Pascoli
24827	Maryphil
24829	Berounurbi
24830	Kawanotomoyoshi
24837	Msecke Zehrovice
24838	Abilunon
24841	Imatani
24844	Hwanginjoon
24847	Polesny
24850	Biagiomarin
24856	Messidoro
24857	Sperello
24858	Diethelm
24862	Hromec
24863	Cheli
24889	Tamurahosinomura
24890	Amaliafinzi
24898	Alanholmes
24899	Dominiona
24907	Alfredhaar
24910	Haruoando
24911	Kojimashigemi
24916	Stelzhamer
24918	Tedkooser
24919	Teruyoshi
24922	Bechtel
24923	Claralouisa
24926	Jinpan
24927	Brianpalmer
24928	Susanbehel
24930	Annajamison
24931	Noeth
24934	Natecovert
24935	Godfreyhardy
24939	Chiminello
24940	Sankichiyama
24944	Harish-Chandra
24945	Houziaux
24946	Foscolo
24947	Hausdorff
24948	Babote
24949	Klacka
24950	Nikhilas
24956	Qiannan
24959	Zielenbach
24960	Usukikenichi
24962	Kenjitoba
24965	Akayu
24967	Fristensky
24968	Chernyakhovsky
24969	Lucafini
24974	Macuch
24976	Jurajtoth
24977	Tongzhan
24981	Shigekimurakami
24984	Usui
24985	Benuri
24986	Yalefan
24988	Alainmilsztajn
24994	Prettyman
24997	Petergabriel
24998	Hermite
24999	Hieronymus
25000	Astrometria
25001	Pacheco
25014	Christinepalau
25015	Lairdclose
25018	Valbousquet
25019	Walentosky
25020	Tinyacheng
25021	Nischaykumar
25022	Hemalibatra
25023	Sundaresh
25024	Calebmcgraw
25025	Joshuavo
25029	Ludwighesse
25032	Randallray
25034	Lesliemarie
25035	Scalesse
25036	Elizabethof
25038	Matebezdek
25039	Chensun
25042	Qiujun
25043	Fangxing
25045	Baixuefei
25046	Suyihan
25047	Tsuitehsin
25049	Christofnorn
25050	Michmadsen
25051	Vass
25052	Rudawska
25053	Matthewknight
25058	Shanegould
25062	Rasmussen
25065	Lautakkin
25073	Lautakshing
25074	Honami
25075	Kiyomoto
25082	Williamhodge
25084	Jutzi
25085	Melena
25087	Kaztaniguchi
25088	Yoshimura
25089	Sanabria-Rivera
25091	Sanchez-Claudio
25093	Andmikhaylov
25094	Zemtsov
25095	Churinov
25098	Gridnev
25099	Mashinskiy
25100	Zhaiweichao
25102	Zhaoye
25103	Kimdongyoung
25104	Chohyunghoon
25105	Kimnayeon
25106	Ryoojungmin
25108	Bostrom
25109	Hofving
25111	Klokun
25112	Mymeshkovych
25113	Benwasserman
25115	Drago
25116	Jonathanwang
25118	Kevlin
25119	Kakani
25120	Yvetteleung
25122	Kaitlingus
25124	Zahramaarouf
25125	Brodallan
25127	Laurentbrunetto
25129	Uranoscope
25131	Katiemelua
25133	Douglin
25137	Seansolomon
25138	Jaumann
25139	Roatsch
25140	Schmedemann
25142	Hopf
25143	Itokawa
25146	Xiada
25151	Stefanschroder
25152	Toplis
25153	Tomhockey
25154	Ayers
25155	van Belle
25156	Shkolnik
25157	Fabian
25158	Berman
25159	Michaelwest
25160	Joellama
25161	Strosahl
25162	Beckage
25163	Williammcdonald
25164	Sonomastate
25165	Leget
25166	Thompson
25175	Lukeandraka
25176	Thomasaunins
25178	Shreebose
25180	Kenyonconlin
25182	Siddhawan
25183	Grantfisher
25184	Taylorgaines
25189	Glockner
25190	Thomasgoodin
25191	Rachelouise
25193	Taliagreene
25198	Kylienicole
25199	Jiahegu
25212	Ayushgupta
25216	Enricobernardi
25225	Patrickbenson
25226	Brasch
25227	Genehill
25228	Mikekitt
25229	Karenkitt
25230	Borgis
25231	Naylor
25232	Schatz
25233	Tallman
25234	Odell
25237	Hurwitz
25240	Qiansanqiang
25250	Jonnapeterson
25256	Imbrie-Moore
25257	Elizmakarron
25258	Nathaniel
25259	Lucarnold
25264	Erickeen
25266	Taylorkinyon
25273	Barrycarole
25275	Jocelynbell
25276	Dimai
25290	Vibhuti
25294	Johnlaberee
25296	Minamisatsuma
25298	Fionapaine
25300	Andyromine
25301	Ambrofogar
25302	Niim
25309	Chrisauer
25312	Asiapossenti
25316	Comnick
25321	Rohitsingh
25322	Rebeccajean
25326	Lawrencesun
25331	Berrevoets
25333	Britwenger
25337	Elisabetta
25340	Segoves
25348	Wisniowiecki
25354	Zdasiuk
25358	Boskovice
25364	Allisonbaas
25365	Bernreuter
25366	Maureenbobo
25367	Cicek
25368	Gailcolwell
25369	Dawndonovan
25370	Karenfletch
25371	Frangaley
25372	Shanagarza
25373	Gorsch
25374	Harbrucker
25375	Treenajoi
25376	Christikeen
25377	Rolaberee
25378	Erinlambert
25381	Jerrynelson
25383	Lindacker
25384	Partizanske
25399	Vonnegut
25402	Angelanorse
25403	Carlapiazza
25404	Shansample
25405	Jeffwidder
25406	Debwysocki
25410	Abejar
25412	Arbesfeld
25413	Dorischen
25414	Cherkassky
25415	Jocelyn
25416	Chyanwen
25417	Coquillette
25418	Deshmukh
25421	Gafaran
25422	Abigreene
25424	Gunasekaran
25425	Chelsealynn
25426	Alexanderkim
25427	Kratchmarov
25428	Lakhanpal
25430	Ericlarson
25432	Josepherli
25434	Westonia
25455	Anissamak
25456	Caitlinmann
25457	Mariannamao
25462	Haydenmetsky
25464	Maxrabinovich
25465	Rajagopalan
25468	Ramakrishna
25469	Ransohoff
25472	Joanoro
25475	Lizrao
25476	Sealfon
25477	Preyashah
25478	Shrock
25479	Ericshyu
25481	Willjaysun
25482	Tallapragada
25483	Trusheim
25486	Michaelwham
25488	Figueiredo
25490	Kevinkelly
25491	Meador
25492	Firnberg
25495	Michaelroddy
25497	Brauerman
25509	Rodwong
25510	Donvincent
25511	Annlipinsky
25512	Anncomins
25513	Weseley
25514	Lisawu
25515	Briancarey
25516	Davidknight
25517	Davidlau
25518	Paulcitrin
25519	Bartolomeo
25520	Deronchang
25521	Stevemorgan
25522	Roisen
25531	Lessek
25538	Markcarlson
25539	Roberthelm
25541	Greathouse
25542	Garabedian
25543	Fruen
25544	Renerogers
25549	Jonsauer
25551	Drewhall
25552	Gaster
25553	Ivanlafer
25554	Jayaranjan
25555	Ratnavarma
25560	Chaihaoxi
25561	Leehyunki
25562	Limdarren
25565	Lusiyang
25566	Panying
25570	Kesun
25573	Wanghaoyu
25577	Wangmanqiang
25580	Xuelai
25584	Zhangnelson
25589	Danicamckellar
25593	Camillejordan
25594	Kessler
25597	Glendahill
25601	Francopacini
25602	Ucaronia
25604	Karlin
25606	Chiangshenghao
25607	Tsengiching
25608	Hincapie
25609	Bogantes
25611	Mabellin
25612	Yaoskalucia
25613	Bubenicek
25614	Jankral
25615	Votroubek
25616	Riinuots
25617	Thomasnesch
25619	Martonspohn
25620	Jayaprakash
25624	Kronecker
25625	Verdenet
25628	Kummer
25629	Mukherjee
25630	Sarkar
25636	Vaishnav
25638	Ahissar
25639	Fedina
25640	Klintefelt
25642	Adiseshan
25645	Alexanderyan
25646	Noniearora
25648	Baghel
25650	Shaubakshi
25652	Maddieball
25653	Baskaran
25655	Baupeter
25656	Bejnood
25657	Berkowitz
25658	Bokor
25659	Liboynton
25662	Chonofsky
25663	Nickmycroft
25669	Kristinrose
25670	Densley
25673	Di Mascio
25674	Kevinellis
25676	Jesseellison
25677	Aaronenten
25678	Ericfoss
25679	Andrewguo
25680	Walterhansen
25683	Haochenhong
25685	Katlinhornig
25686	Stephoskins
25688	Hritzo
25689	Duannihuang
25690	Iredale
25693	Ishitani
25695	Eileenjang
25696	Kylejones
25697	Kadiyala
25698	Snehakannan
25701	Alexkeeler
25704	Kendrick
25706	Cekoscielski
25708	Vedantkumar
25710	Petelandgren
25711	Lebovits
25714	Aprillee
25715	Lizmariemako
25717	Ritikmal
25720	Mallidi
25721	Anartya
25722	Evanmarshall
25723	Shamascharak
25725	McCormick
25727	Karsonmiller
25742	Amandablanco
25743	Serrato
25744	Surajmishra
25745	Schimmelpenninck
25746	Nickscoville
25747	Nicerasmus
25750	Miwnay
25751	Mokshagundam
25760	Annaspitz
25763	Naveenmurali
25764	Divyanag
25765	Heatherlynne
25766	Nosarzewski
25767	Stevennoyce
25768	Nussbaum
25769	Munaoli
25772	Ashpatra
25775	Danielpeng
25778	Csere
25781	Rajendra
25783	Brandontyler
25793	Chrisanchez
25798	Reneeschaaf
25799	Anmaschlegel
25800	Glukhovsky
25801	Oliviaschwob
25807	Baharshah
25811	Richardteo
25813	Savannahshaw
25814	Preesinghal
25815	Scottskirlo
25817	Tahilramani
25819	Tripathi
25822	Carolinejune
25823	Dentrujillo
25824	Viviantsang
25832	Van Scoyoc
25834	Vechinski
25835	Tomzega
25836	Harishvemuri
25851	Browning
25858	Donherbert
25864	Banic
25867	DeMuth
25869	Jacoby
25870	Panchovigil
25875	Wickramasekara
25877	Katherinexue
25878	Sihengyou
25884	Asai
25885	Wiesinger
25890	Louisburg
25892	Funabashi
25893	Sugihara
25898	Alpoge
25899	Namratanand
25901	Ericbrooks
25903	Yuvalcalev
25905	Clerico
25906	Morrell
25907	Capodilupo
25912	Recawkwell
25913	Jamesgreen
25914	Bair
25915	Charlesmcguire
25919	Comuniello
25920	Templeanne
25924	Douglasadams
25925	Jamesfenska
25927	Jagandelman
25930	Spielberg
25931	Peterhu
25933	Ruoyijiang
25937	Malysz
25938	Stoch
25940	Mikeschottland
25941	Susanahearn
25942	Walborn
25943	Billahearn
25944	Charlesross
25945	Moreadalleore
25951	Pamross
25953	Lanairlett
25954	Trantow
25955	Radway
25956	Spanierbeckage
25957	Davidconnell
25958	Battams
25959	Gingergiovale
25960	Timheckman
25961	Conti
25962	Yifanli
25963	Elisalin
25964	Liudavid
25965	Masihdas
25966	Akhilmathew
25970	Nelakanti
25972	Pfefferjosh
25973	Puranik
25978	Katerudolph
25979	Alansage
25981	Shahmirian
25986	Sunanda
25987	Katherynshi
25988	Janesuh
25992	Benjamensun
25993	Kevinxu
25994	Lynnelleye
26002	Angelayeung
26003	Amundson
26004	Loriying
26005	Alicezhao
26007	Lindazhou
26011	Cornelius
26012	Sanborn
26013	Amandalonzo
26027	Cotopaxi
26057	Ankaios
26074	Carlwirtz
26075	Levitsvet
26080	Pablomarques
26087	Zhuravleva
26090	Monrovia
26092	Norikonoriyuki
26097	Kamishi
26104	Masayukimori
26119	Duden
26122	Antonysutton
26123	Hiroshiyoshida
26127	Otakasakajyo
26151	Irinokaigan
26168	Kanaikiyotaka
26169	Ishikawakiyoshi
26170	Kazuhiko
26171	Katsunorikataoka
26177	Fabiodolfi
26183	Henrigodard
26188	Zengqingcun
26194	Chasolivier
26195	Cernohlavek
26197	Bormio
26199	Aileenperry
26200	Van Doren
26201	Sayonisaha
26205	Kuratowski
26210	Lingas
26213	Ayani
26214	Kalinga
26223	Enari
26227	Tan
26232	Antink
26233	Jimbraun
26234	Leslibrinson
26235	Annemaduggan
26238	Elduval
26240	Leigheriks
26243	Sallyfenska
26246	Mikelake
26247	Doleonardi
26248	Longenecker
26250	Shaneludwig
26251	Kiranmanne
26252	Chase
26255	Carmarques
26259	Marzigliano
26261	Tinafreeman
26264	McIntyre
26266	Andrewmerrill
26267	Nickmorgan
26268	Nardi
26269	Marciaprill
26271	Lindapuster
26273	Kateschafer
26275	Jefsoulier
26276	Natrees
26277	Ianrees
26282	Noahbrosch
26283	Oswalt
26284	Johnspahn
26285	Lindaspahn
26291	Terristaples
26293	Van Muyden
26295	Vilardi
26298	Dunweathers
26300	Herbweiss
26301	Hellawillis
26302	Zimolzak
26307	Friedafein
26312	Ciardi
26313	Lorilombardi
26314	Skvorecky
26319	Miyauchi
26323	Wuqijin
26328	Litomysl
26329	Cleoabram
26331	Kondamuri
26332	Alyssehrlich
26333	Joachim
26334	Melimcdowell
26336	Mikemcdowell
26337	Matthewagam
26340	Evamarkova
26345	Gedankien
26355	Grueber
26356	Aventini
26357	Laguerre
26368	Alghunaim
26376	Roborosa
26382	Charlieduke
26386	Adelinacozma
26389	Poojarambhia
26390	Rusin
26393	Scaffa
26394	Kandola
26395	Megkurohara
26396	Chengjingjie
26397	Carolynsinow
26399	Rileyennis
26400	Roshanpalli
26401	Sobotiste
26411	Jocorbferg
26412	Charlesyu
26414	Amychyao
26417	Michaelgord
26422	Marekbuchman
26424	Jacquelihung
26425	Linchichieh
26426	Koechl
26429	Andiwagner
26430	Thomwilkason
26433	Michaelyurko
26435	Juliebrisset
26438	Durling
26441	Nanayakkara
26442	Matfernandez
26447	Akrishnan
26448	Tongjili
26450	Tanyapetach
26451	Khweis
26455	Priyamshah
26457	Naomishah
26458	Choihyuna
26459	Shinsubin
26462	Albertcui
26466	Zarrin
26467	Jamespopper
26468	Ianchan
26471	Tracybecker
26474	Davidsimon
26475	Krisztisugar
26478	Cristianrosu
26485	Edwinpost
26488	Beiser
26493	Paulsucala
26495	Eichorn
26498	Dinotina
26499	Robertazabotti
26500	Toshiohino
26501	Sachiko
26502	Traviscole
26503	Avicramer
26504	Brandonli
26505	Olextokarev
26507	Mikelin
26508	Jimmylin
26513	Newberry
26518	Bhuiyan
26522	Juliapoje
26526	Jookayhyun
26527	Leasure
26528	Genniferubin
26530	Lucferreira
26532	Eduardoboff
26533	Aldering
26537	Shyamalbuch
26541	Garyross
26544	Ajjarapu
26545	Meganperkins
26546	Arulmani
26548	Joykutty
26549	Tankanran
26551	Shenliangbo
26557	Aakritijain
26559	Chengcheng
26575	Andreapugh
26578	Cellinekim
26586	Harshaw
26587	Arthurstorbo
26588	Sharonstorbo
26591	Robertreeves
26592	Maryrenfro
26593	Perrypat
26604	Ensign
26605	Hanley
26611	Madzlandon
26612	Sunsetastro
26613	Brettwhite
26618	Yixinli
26620	Yihuali
26622	Maxwimberley
26629	Zahller
26634	Balasubramanian
26636	Ericabroman
26639	Murgas
26640	Bahyl
26642	Schlenoff
26647	Brabham
26652	Klinglesmith
26653	Amymeyer
26654	Ericjohnson
26656	Samarenae
26659	Skirda
26660	Samahalpern
26661	Kempelen
26664	Jongwon
26665	Sidjena
26666	Justinto
26667	Sherwinwu
26668	Tonyho
26671	Williamlopes
26672	Ericabrooke
26678	Garner
26679	Thomassilver
26680	Wangchristi
26681	Niezgay
26682	Evanfletcher
26683	Jamesmccarthy
26685	Khojandi
26686	Ellenprice
26688	Wangenevieve
26689	Smorrison
26691	Lareegardner
26693	Katharinecorbin
26694	Wenxili
26696	Gechenzhang
26698	Maryschroeder
26699	Masoncole
26702	Naber
26703	Price
26707	Navrazhnykh
26711	Rebekahbau
26712	Stewart
26713	Iusukyin
26715	South Dakota
26717	Jasonye
26720	Yangxinyan
26727	Wujunjun
26728	Luwenqi
26732	Damianpeach
26733	Nanavisitor
26734	Terryfarrell
26736	Rojeski
26737	Adambradley
26738	Lishizhen
26739	Hemaeberhart
26740	Camacho
26743	Laichinglung
26744	Marthahaynes
26745	Szeglin
26748	Targovnik
26757	Bastei
26761	Stromboli
26763	Peirithoos
26792	Pintado
26793	Bolshoi
26794	Yukioniimi
26795	Basilashvili
26800	Gualtierotrucco
26806	Kushiike
26808	Takeoroumon
26811	Hiesinger
26821	Baehr
26828	Narusawa
26829	Sakaihoikuen
26837	Yoshitakaokazaki
26842	Hefele
26849	De Paepe
26851	Sarapul
26852	Miyamototakashi
26855	Yasukohasegawa
26857	Veracruz
26858	Misterrogers
26871	Tanezrouft
26879	Haines
26883	Marcelproust
26886	Takahara
26887	Tokyogiants
26891	Johnbutler
26896	Josefhudec
26897	Cervena
26906	Rubidia
26908	Lebesgue
26909	Lefschetz
26917	Pianoro
26919	Shoichimiyata
26921	Jensallit
26922	Samara
26924	Johnharvey
26934	Jordancotler
26935	Vireday
26937	Makimiyamoto
26938	Jackli
26939	Jiachengli
26940	Quintero
26942	Nealkuhn
26945	Sushko
26946	Ziziyu
26947	Angelawang
26948	Annasato
26950	Legendre
26954	Skadiang
26955	Lie
26960	Liouville
26963	Palorapavy
26964	Randykamiya
26969	Biver
26970	Elias
26971	Sezimovo Usti
26973	Lala
26984	Fernand-Roland
26986	Caslavska
26990	Culbertson
26993	Littlewood
26998	Iriso
27003	Katoizumi
27004	Violetaparra
27005	Dariaguidetti
27023	Juuliamoreau
27032	Veazey
27047	Boisvert
27048	Jangong
27049	Kraus
27050	Beresheet
27052	Katebush
27054	Williamgoddard
27056	Ginoloria
27061	Wong
27062	Brookeminer
27063	Richardmontano
27071	Rangwala
27072	Aggarwal
27074	Etatolia
27079	Vsetin
27082	Donaldson-Hanna
27083	Alethialittle
27084	Heidilarson
27086	Italicobrass
27087	Tillmannmohr
27088	Valmez
27091	Alisonbick
27094	Salgari
27095	Girardiwanda
27096	Jelenalane
27098	Bocarsly
27099	Xiaoyucao
27101	Wenyucao
27102	Emilychen
27103	Sungwoncho
27105	Clarkben
27106	Jongoldman
27107	Michelleabi
27108	Bryanhe
27110	Annemaryvonne
27114	Lukasiewicz
27120	Isabelhawkins
27121	Joardar
27123	Matthewlam
27125	Siyilee
27126	Bonnielei
27130	Dipaola
27132	Jezek
27141	Krystleleung
27147	Mercedessosa
27150	Annasante
27158	Benedetti-Rossi
27169	Annelabruzzo
27172	Brucekosaveach
27178	Quino
27184	Ciabattari
27192	Selenali
27194	Jonathanli
27197	Andrewliu
27208	Jennyliu
27217	Mattieharrington
27224	Telus
27227	McAdam
27233	Mahajan
27234	Timdodd
27236	Millermatt
27238	Keenanmonks
27239	O'Dorney
27240	Robhall
27241	Sunilpai
27244	Parthasarathy
27248	Schristensen
27253	Graceleanor
27254	Shubhrosaha
27257	Tang-Quan
27258	Chelseavoss
27261	Yushiwang
27263	Elainezhou
27264	Frankclayton
27265	Toddgonzales
27267	Wiberg
27269	Albinocarbognani
27270	Guidotti
27276	Davidblack
27277	Pattybrown
27279	Boburan
27280	Manettedavies
27282	Deborahday
27284	Billdunbar
27286	Adedmondson
27287	Garbarino
27288	Paulgilmore
27289	Myrahalpin
27291	Greghansen
27296	Kathyhurd
27301	Joeingalls
27302	Jeankobis
27303	Leitner
27309	Serenamccalla
27311	Shannongonzales
27312	Sconantgilbert
27314	Janemcdonald
27320	Vellinga
27323	Julianewman
27326	Jimobrien
27327	Lindaplante
27328	Pohlonski
27330	Markporter
27332	Happritchard
27336	Mikequinn
27338	Malaraghavan
27341	Fabiomuzzi
27342	Joescanio
27343	Deannashea
27344	Vesevlada
27347	Dworkin
27348	Mink
27349	Enos
27353	Chrisspenner
27354	Stiklaitis
27356	Mattstrom
27362	Morganroche
27363	Alvanclark
27365	Henryfitz
27368	Raytesar
27372	Ujifusa
27373	Davidvernon
27374	Yim
27375	Asirvatham
27381	Balasingam
27382	Justinbarber
27383	Braebenedict
27384	Meaganbethel
27385	Andblonsky
27386	Chadcampbell
27387	Chhabra
27390	Kyledavis
27392	Valerieding
27396	Shuji
27397	D'Souza
27399	Gehring
27400	Mikewong
27405	Danielfeeny
27407	Haodo
27408	Kellyferguson
27409	Addiedove
27410	Grimmett
27411	Laurenhall
27412	Teague
27413	Ambruster
27417	Jessjohnson
27420	Shontobegay
27421	Nathanhan
27422	Robheckman
27423	Dennisbowers
27425	Bakker
27426	Brettlawrie
27431	Jimcole
27432	Kevinconley
27433	Hylak
27434	Anirudhjain
27438	Carolynjons
27439	Kamimura
27440	Colekendrick
27445	Lynnlane
27446	Landoni
27447	Ichunlin
27449	Jamarkley
27450	Monzon
27452	Nikhilpatel
27453	Crystalpoole
27454	Samapaige
27456	Sarkisian
27457	Tovinkere
27458	Williamwhite
27465	Cambroziak
27466	Cargibaysal
27470	Debrabeckett
27478	Kevinbloh
27480	Heablonsky
27491	Broksas
27492	Susanduncan
27493	Derikesibill
27495	Heatherfennell
27500	Mandelbrot
27502	Stephbecca
27503	Dankof
27504	Denune
27505	Catieblazek
27506	Glassmeier
27507	Travisbrown
27508	Johncompton
27509	Burcher
27510	Lisaactor
27511	Emiliedunham
27512	Gilstrap
27513	Mishapipe
27514	Markov
27515	Gunnels
27519	Miames
27520	Rounds
27521	Josschindler
27522	Lenkenyon
27524	Clousing
27525	Vartovka
27527	Kirkkoehler
27529	Rhiannonmayne
27530	Daveshuck
27531	Sweaton
27532	Buchwald-Wright
27533	Johnbrucato
27537	Dianaweintraub
27539	Elmoutamid
27540	Kevinwhite
27546	Maryfran
27549	Joannemichet
27551	Pelayo
27556	Williamprem
27562	Josephmarcus
27563	Staceychristen
27564	Astreichelt
27565	de Wet
27570	Erinschumacher
27571	Bobscott
27572	Shurtleff
27576	Denisespirou
27578	Yogisullivan
27580	Angelataylor
27582	Jackieterrel
27584	Barbaravelez
27588	Wegley
27589	Paigegentry
27590	Koarimatsu
27591	Rugilmartin
27593	Oliviamarie
27595	Hnath
27596	Maldives
27597	Varuniyer
27602	Chaselewis
27604	Affeldt
27606	Davidli
27610	Shixuanli
27613	Annalou
27615	Daniellu
27618	Ceilierin
27619	Ethanmessier
27620	Kristenwalsh
27622	Richardbaker
27626	Kirkbender
27656	Aleblain
27657	Berkhey
27658	Dmitrijbagalej
27659	Dolsky
27660	Waterwayuni
27675	Paulmaley
27706	Strogen
27709	Orenburg
27710	Henseling
27711	Kirschvink
27712	Coudray
27714	Dochu
27716	Nobuyuki
27718	Gouda
27719	Fast
27724	Jeannoel
27736	Ekaterinburg
27739	Kimihiro
27740	Obatomoyuki
27748	Vivianhoette
27749	Tsukadaken
27758	Michelson
27764	von Flue
27765	Brockhaus
27775	Lilialmanzor
27776	Cortland
27784	Elizabethpearce
27787	Andokazuma
27789	Astrakhan
27790	Urashimataro
27791	Masaru
27792	Fridakahlo
27809	Murakamiyasuhiko
27810	Daveturner
27815	Katsuhito
27816	Naitohiroyuki
27827	Ukai
27844	Fumitake
27845	Josephmeyer
27846	Honegger
27849	Suyumbika
27855	Giorgilli
27861	Sudachikako
27864	Antongraff
27865	Ludgerfroebel
27870	Jillwatson
27879	Shibata
27882	Ootanihideji
27887	Kiyoharu
27895	Yeduzheng
27896	Tourminator
27899	Letterman
27900	Cecconi
27910	Yangfuyu
27915	Nancywright
27917	Edoardo
27918	Azusagawa
27920	Noguchiujo
27922	Mascheroni
27923	Dimitribartolini
27928	Nithintumma
27930	Nakamatsu
27931	Zeitlin-Trinkle
27932	Leonyao
27938	Guislain
27947	Emilemathieu
27949	Jonasz
27952	Atapuerca
27955	Yasumasa
27958	Giussano
27959	Fagioli
27960	Dobias
27961	Kostelecky
27963	Hartkopf
27966	Changguang
27967	Beppebianchi
27968	Bobylapointe
27974	Drejsl
27975	Mazurkiewicz
27977	Distratis
27978	Lubosluka
27982	Atsushimiyazaki
27983	Bernardi
27984	Herminefranz
27985	Remanzacco
27986	Hanus
27988	Menabrea
27991	Koheijimiura
27997	Bandos
28004	Terakawa
28007	Galhassin
28019	Warchal
28037	Williammonts
28038	Nicoleodzer
28039	Mauraoei
28042	Mayapatel
28043	Mabelwheeler
28045	Johnwilkins
28048	Camilleyoke
28049	Yvonnealex
28050	Asekomeh
28051	Bruzzone
28052	Lowellputnam
28053	Kimberlyputnam
28057	Hollars
28059	Kiliaan
28068	Stephbillings
28072	Lindbowerman
28073	Fohner
28074	Matgallagher
28075	Emilyhoffman
28077	Hard
28078	Mauricehilleman
28081	Carriehudson
28091	Mikekane
28092	Joannekear
28093	Staceylevoit
28094	Michellewis
28095	Seanmahoney
28096	Kathrynmarsh
28103	Benmcpheron
28105	Santallo
28107	Sapar
28108	Sydneybarnes
28116	Kunovac
28117	Mort
28118	Vaux
28125	Juliomiguez
28126	Nydegger
28127	Ogden-Stenerson
28128	Cynthrossman
28129	Teresummers
28130	Troemper
28131	Dougwelch
28132	Karenzobel
28133	Kylebardwell
28136	Chasegross
28137	Helenyao
28141	ten Brummelaar
28146	Nackard
28147	Colbath
28148	Fuentes
28149	Arieldaniel
28151	Markknopfler
28155	Chengzhendai
28156	McColl
28159	Giuricich
28161	Neelpatel
28163	Lorikim
28165	Bayanmashat
28167	Andrewkim
28168	Evanolin
28169	Cathconte
28171	Diannahu
28173	Hisakichi
28174	Harue
28182	Chadharris
28183	Naidu
28184	Vaishnavirao
28193	Italosvevo
28196	Szeged
28201	Lifubin
28204	Liyakang
28206	Haozhongning
28207	Blakesmith
28208	Timtrippel
28209	Chatterjee
28210	Howardfeng
28220	York
28222	Neilpathak
28235	Kasparvonbraun
28242	Mingantu
28245	Cruise
28248	Barthelemy
28251	Gerbaldi
28254	Raghrama
28272	Mikejanner
28273	Maianhvu
28275	Quoc-Bao
28276	Filipnaiser
28277	Chengherngyi
28287	Osmanov
28295	Heyizheng
28299	Kanghaoyan
28305	Wangjiayi
28309	Ericfein
28317	Aislinndeely
28318	Janecox
28321	Arnabdey
28322	Kaeberich
28324	Davidcampeau
28331	Dianeberard
28340	Yukihiro
28341	Bingaman
28342	Haverhals
28343	Florcalandra
28344	Tallsalt
28345	Akivabarnun
28346	Kent
28351	Andrewfeldman
28353	Chrisnielsen
28364	Bruceelmegreen
28366	Verkuil
28376	Atifjaved
28382	Stevengillen
28390	Demjohopkins
28394	Mittag-Leffler
28396	Eymann
28397	Forrestbetton
28398	Ericthomas
28400	Morgansinko
28402	Matthewkim
28407	Meghanarao
28408	van Baalen
28411	Xiuqicao
28415	Yingxiong
28416	Ngqin
28417	Leewei
28418	Pornwasu
28419	Tanpitcha
28425	Sungkanit
28426	Sangani
28427	Gidwani
28428	Ankurvaishnav
28433	Samarquez
28436	Davesawyer
28437	Belenyu
28438	Venkateswaran
28439	Miguelreyes
28442	Nicholashuey
28443	Crisara
28444	Alexrabii
28446	Davlantes
28447	Arjunmathur
28449	Ericlau
28450	Saravolz
28451	Tylerhoward
28452	Natkondamuri
28453	Alexcecil
28457	Chloeanassis
28460	Ariannepapa
28465	Janesmyth
28467	Maurentejamie
28468	Shichangxu
28474	Bustamante
28475	Garrett
28479	Varlotta
28480	Seojinyoung
28481	Shindongju
28482	Bauerle
28483	Allenyuan
28484	Aishwarya
28485	Dastidar
28488	Gautam
28492	Marik
28493	Duncan-Lewis
28494	Jasmine
28503	Angelazhang
28504	Rebeccafaye
28505	Sagarrambhia
28508	Kishore
28509	Feddersen
28511	Marggraff
28512	Tanyuan
28513	Guo
28516	Mobius
28519	Sweetman
28521	Mattmcintyre
28524	Ebright
28525	Andrewabboud
28527	Kathleenrose
28530	Shiyimeng
28531	Nikbogdanov
28533	Iansohl
28534	Taylorwilson
28535	Sungjanet
28536	Hunaiwen
28537	Kirapowell
28538	Ruisong
28542	Cespedes-Nano
28543	Solis-Gozar
28547	Johannschroter
28551	Paulomi
28553	Bhupatiraju
28554	Adambowman
28555	Jenniferchan
28556	Kevinchen
28557	Lillianchin
28558	Kathcordwell
28559	Anniedai
28563	Dantzler
28564	Gunderman
28568	Jacobjohnson
28569	Kallenbach
28570	Peterkraft
28571	Hannahlarson
28572	Salebreton
28575	McQuaid
28581	Dyerlytle
28582	Haileyosborn
28583	Mehrotra
28587	Mundkur
28589	Nisley
28590	Kyledilger
28591	Racheldilger
28592	O'Leary
28593	Ryanhamilton
28594	Ronaldballouz
28598	Apadmanabha
28599	Terenzoni
28600	Georgelucas
28601	Benton
28602	Westfall
28603	Jenkins
28607	Jiayipeng
28608	Sblomquist
28609	Tsirvoulis
28610	Stephenriggs
28611	Liliapopova
28614	Vejvoda
28618	Scibelli
28620	Anicia
28621	Marcfries
28622	Gabadirwe
28623	Olivermoses
28625	Selvakumar
28626	Meghanshea
28628	Kensenshi
28629	Solimano
28630	Mayuri
28631	Jacktakahashi
28632	Christraver
28633	Ratripathi
28636	Vasudevan
28638	Joywang
28640	Cathywong
28642	Zbarsky
28643	Kellyzhang
28644	Michaelzhang
28646	Alemran
28652	Andybramante
28653	Charliebrucker
28654	Davidcaine
28655	Erincolfax
28656	Doreencurtin
28657	Briandempsey
28660	Derbes
28661	Jimdickens
28662	Ericduran
28664	Maryellenfay
28665	Theresafultz
28666	Trudygessler
28667	Whithagins
28669	Bradhelsel
28672	Karolhiggins
28673	Valholmes
28675	Suejohnston
28676	Bethkoester
28677	Laurakowalski
28678	Lindquester
28680	Sandralitvin
28681	Loseke
28682	Newhams
28683	Victorostrik
28686	Tamsenprofit
28687	Reginareals
28688	Diannerister
28689	Rohrback
28690	Beshellem
28692	Chanleysmall
28695	Zwanzig
28697	Eitanacks
28698	Aakshi
28700	Balachandar
28705	Michaelbecker
28707	Drewbecker
28710	Rebeccab
28711	Oliverburnett
28712	Elizabethcorn
28714	Gandall
28715	Garimella
28716	Calebgonser
28718	Rivergrace
28719	Sahoolahan
28720	Krystalrose
28722	Dhruviyer
28723	Cameronjones
28724	Stott
28726	Kailey-Steiner
28729	Moivre
28732	Rheakamat
28734	Austinmccoy
28737	Mohindra
28738	Carolinolan
28739	Julisauer
28740	Nathansperry
28742	Hannahsteele
28743	Schuitemaker
28744	Annikagustafsson
28747	Swintosky
28750	Brennawallin
28751	Eggl
28757	Seanweber
28759	Joshwentzel
28760	Grantwomble
28765	Katherinewu
28766	Monge
28769	Elisabethadams
28770	Sarahrines
28772	Bonamico
28778	Michdelucia
28779	Acthieke
28780	Lisadeaver
28781	Timothylohr
28782	Mechling
28784	Deringer
28785	Woodjohn
28787	Peterpinko
28788	Hayes-Gehrke
28791	Edithsykeslowell
28792	Davidlowell
28793	Donaldpaul
28794	Crowley
28795	Alexelbert
28796	Ragozzine
28798	Audreymartin
28799	Christopherford
28800	Speth
28801	Maryanderson
28802	Boborino
28803	Roe
28805	Fohring
28807	Lisawaller
28808	Ananthnarayan
28809	Pierrebeck
28810	Suchandler
28813	Jeffreykurtz
28816	Kimneville
28817	Simoneflood
28818	Kellyryan
28819	Karinritchey
28820	Sylrobertson
28821	Harryanselmo
28822	Angelabarker
28823	Archibald
28824	Marlablair
28825	Bryangoehring
28828	Aalamiharandi
28829	Abelsky
28831	Abu-Alshaikh
28832	Akana
28833	Arunachalam
28836	Ashmore
28837	Nibalachandar
28841	Kelseybarter
28842	Bhowmik
28848	Nicolemarie
28851	Londonbolsius
28852	Westonbraun
28853	Bukhamsin
28854	Budisteanu
28855	Burchell
28860	Cappelletto
28864	Franciscocordova
28866	Chakraborty
28868	Rianchandra
28869	Chaubal
28874	Michaelchen
28878	Segner
28883	Kouveliotou
28884	Youngjunchoi
28886	Ericajawin
28887	Sabina
28888	Agrusa
28889	Turrentine
28890	Gabaldon
28894	Ryanchung
28911	Mishacollins
28912	Sonahosseini
28916	Logancollins
28917	Zacollins
28924	Jennanncsele
28926	Adamnimoy
28932	Izidoro
28934	Meagancurrie
28935	Kevincyr
28936	Dalapati
28942	Yennydieguez
28945	Taideding
28948	Disalvo
28950	Ailisdooner
28952	Ericepstein
28953	Hollyerickson
28954	Feiyiou
28955	Kaliadeborah
28957	Danielfulop
28958	Binns
28963	Tamyiu
28964	Ashokverma
28966	Yuyingshih
28967	Gerhardter
28968	Gongmiaoxin
28969	Youngminjeongahn
28975	Galinborisov
28976	Sevigny
28978	Ixion
28980	Chowyunfat
28983	Omergranek
28987	Assafin
28989	Lenaadams
28990	Ariheinze
28992	Timbrothers
28994	Helenabates
28995	Marquess
29053	Muskau
29080	Astrocourier
29081	Krymradio
29085	Sethanne
29122	Vasadze
29125	Kyivphysfak
29127	Karnath
29132	Bradpitt
29133	Vargas
29137	Alanboss
29144	Taitokufuji
29146	McHone
29148	Palzer
29157	Higashinihon
29159	Asakawa
29160	Sao Paulo
29167	Masataka
29185	Reich
29186	Lake Tekapo
29187	Le Monnier
29189	Udinsk
29193	Dolphyn
29196	Dius
29197	Gleim
29198	Weathers
29199	Himeji
29203	Schnitger
29204	Ladegast
29208	Halorentz
29210	Robertbrown
29212	Zeeman
29214	Apitzsch
29220	Xavierbaptista
29227	Wegener
29244	Van Damme
29246	Clausius
29249	Hiraizumi
29250	Helmutmoritz
29251	Hosokawa
29252	Konjikido
29292	Conniewalker
29298	Cruls
29299	Kazama
29307	Torbernbergman
29311	Lesire
29314	Eurydamas
29328	Hanshintigers
29329	Knobelsdorff
29337	Hakurojo
29345	Ivandanilov
29346	Mariadina
29347	Natta
29348	Criswick
29353	Manu
29355	Siratakayama
29356	Giovarduino
29361	Botticelli
29362	Azumakofuzi
29363	Ghigabartolini
29373	Hamanowa
29374	Kazumitsu
29391	Knight
29394	Hirokohamanowa
29401	Asterix
29402	Obelix
29404	Hikarusato
29408	Katoyuko
29419	Mladkova
29420	Ikuo
29427	Oswaldthomas
29428	Ettoremajorana
29430	Mimiyen
29431	Shijimi
29432	Williamscott
29435	Mordell
29437	Marchais
29438	Zhengjia
29439	Maxfabiani
29443	Remocorti
29446	Gouguenheim
29447	Jerzyneyman
29448	Pappos
29449	Taharbenjelloun
29450	Tomohiroohno
29456	Evakrchova
29457	Marcopolo
29458	Pearson
29463	Benjaminpeirce
29464	Leonmis
29467	Shandongdaxue
29470	Higgs
29471	Spejbl
29472	Hurvinek
29473	Krejci
29474	Toyoshima
29476	Kvicala
29477	Zdiksima
29483	Boeker
29484	Honzavesely
29490	Myslbek
29491	Pfaff
29508	Bottinelli
29509	Kuangtingyun
29514	Karatsu
29528	Kaplinski
29547	Yurimazzanti
29549	Sandrasbaragli
29550	Yaribartolini
29552	Chern
29561	Iatteri
29562	Danmacdonald
29565	Glenngould
29568	Gobbi-Belcredi
29575	Gundlapalli
29585	Johnhale
29605	Joshuacolwell
29607	Jakehecla
29609	Claudiahuang
29610	Iyengar
29612	Cindyjiang
29613	Charlespicard
29614	Sheller
29618	Jinandrew
29619	Kapurubandage
29620	Gurbanikaur
29624	Sugiyama
29628	Fedorets
29631	Ryankenny
29632	Yaejikim
29633	Weatherwax
29634	Sabrinaaksil
29638	Eeshakhare
29641	Kaikloepfer
29642	Archiekong
29643	Plucker
29645	Kutsenok
29646	Polya
29647	Poncelet
29650	Toldy
29654	Michaellaue
29655	Yarimlee
29656	Leejoseph
29657	Andreali
29658	Henrylin
29659	Zeyuliu
29660	Jessmacalpine
29663	Evanmackay
29668	Ipf
29672	Salvo
29674	Rausal
29675	Ippolitonievo
29681	Saramanshad
29685	Soibamansoor
29686	Raymondmaung
29687	Mohdreza
29690	Nistala
29691	Ramonallerulloa
29692	Cernis
29696	Distasio
29700	Salmon
29701	Peggyhaas
29705	Cialucy
29706	Simonetta
29722	Chrisgraham
29725	Mikewest
29728	Averbeck
29730	Bethwestfall
29736	Fichtelberg
29737	Norihiro
29738	Ivobudil
29745	Mareknovak
29747	Acorlando
29750	Chleborad
29753	Silvo
29760	Milevsko
29761	Lorenzo
29762	Panasiewicz
29764	Panneerselvam
29765	Miparedes
29770	Timmpiper
29772	Portocarrero
29773	Samuelpritt
29776	Radzhabov
29783	Sanjanarane
29787	Timrenier
29788	Rachelrossi
29799	Trinirussell
29800	Valeriesarge
29802	Rikhavshah
29803	Michaelshao
29804	Idansharon
29805	Bradleysloop
29806	Eviesobczak
29808	Youssoliman
29812	Aaronsolomon
29818	Aryosorayya
29824	Kalmancok
29825	Dunyazade
29827	Chrisbennett
29829	Engels
29832	Steinwehr
29834	Mariacallas
29837	Savage
29839	Russhoward
29842	Marilynsoper
29843	Brucesoper
29844	Millette
29845	Wykrota
29850	Tanakagyou
29852	Niralithakor
29858	Tlomak
29862	Savannahjoy
29869	Chiarabarbara
29873	Bertachini
29874	Rogerculver
29880	Andytran
29881	Tschopp
29886	Randytung
29895	Sarafaggi
29897	Kossen
29898	Richardnugent
29905	Kunitaka
29910	Segre
29950	Uppili
29952	Varghese
29959	Senevelling
29969	Amyvitha
29972	Chriswan
29975	Racheledelstein
29978	Arthurwang
29979	Wastyk
29980	Dougsimons
29982	Sarahwu
29983	Amyxu
29984	Zefferer
29986	Shunsuke
29987	Lazhang
29988	Davidezilli
29991	Dazimmerman
29992	Yasminezubi
29994	Zuoyu
29995	Arshavsky
30000	Camenzind
30004	Mikewilliams
30005	Stevenchen
30007	Johnclarke
30008	Aroncoraor
30012	Sohamdaga
30017	Shaundatta
30018	Loemele
30022	Kathibaker
30024	Neildavey
30025	Benfreed
30027	Anubhavguha
30028	Yushihomma
30029	Preetikakani
30030	Joycekang
30031	Angelakong
30032	Kuszmaul
30033	Kevinlee
30035	Charlesliu
30036	Eshamaiti
30037	Rahulmehta
30039	Jameier
30040	Annemerrill
30042	Schmude
30043	Lisamichaels
30048	Sreyasmisra
30049	Violamocz
30050	Emilypang
30051	Jihopark
30053	Ivanpaskov
30054	Pereira
30055	Ajaysaini
30057	Sarasakowitz
30060	Davidseong
30061	Vishnushankar
30063	Jessicashi
30064	Kaitlynshin
30065	Asrinivasan
30066	Parthakker
30067	Natalieng
30068	Frankmelillo
30070	Thabitpulak
30073	Erichen
30080	Walterworman
30081	Zarinrahman
30085	Kevingarbe
30087	Georgeputnam
30088	Depra
30089	Terikelley
30090	Grossano
30091	Stephenbrown
30092	Menke
30093	McClanahan
30094	Rolfebode
30095	Tarabode
30096	Glindadavidson
30097	Traino
30100	Christophergo
30109	Jaywilson
30110	Lisabreton
30111	Wendyslijk
30112	Weistrop
30113	Kylerkuehn
30114	Mooney
30117	Childress
30119	Lucamatone
30122	Elschweitzer
30123	Scottrippeon
30125	Mikekiser
30126	Haviland
30128	Shannonbunch
30129	Virmani
30130	Jeandillman
30136	Bakerfranke
30137	Sherryshaffer
30138	Gonyea
30140	Robpergolizzi
30141	Nelvenzon
30142	Debfrazier
30144	Minubasu
30146	Decandia
30147	Amyhammer
30149	Kellyriedell
30150	Laseminara
30151	Susanoffner
30152	Reneefallon
30153	Ostrander
30154	Christichil
30155	Warmuth
30157	Robertspira
30158	Mabdulla
30159	Behari
30160	Danielbruce
30161	Chrepta
30162	Courtney
30164	Arnobdas
30166	Leodeng
30167	Caredmonds
30168	Linusfreyer
30169	Raghavganesh
30170	Makaylaruth
30172	Giedraitis
30173	Greenwood
30174	Hollyjackson
30175	Adityajain
30176	Gelseyjaymes
30177	Khashayar
30179	Movva
30183	Murali
30184	Okasinski
30186	Ostojic
30187	Jamesroney
30188	Hafsasaeed
30190	Alexshelby
30191	Sivakumar
30192	Talarterzian
30193	Annikaurban
30194	Liamyoung
30195	Akdemir
30197	Nickbadyrka
30199	Ericbrown
30200	Terryburch
30201	Caruana
30203	Kimdavis
30204	Stevedoherty
30205	Mistyevans
30206	Jasonfricker
30208	Guigarcia
30209	Garciaarriola
30211	Sheilah
30216	Summerjohnson
30218	Paulaladd
30221	LeDonne
30222	Malecki
30225	Ellenzweibel
30226	Samuelleejackson
30227	Jansensturgeon
30228	Hushoucun
30229	Neilbowles
30230	Ralucarufu
30231	Patorojo
30232	Stephaniejarmak
30234	Dudzinski
30235	Kimmiller
30240	Morgensen
30241	Donnamower
30242	Naymark
30244	Linhpham
30245	Paigesmith
30248	Kimstinson
30249	Zamora
30251	Ashkin
30252	Textorisova
30253	Vitek
30254	Kaminski
30255	Bohner
30257	Leejanel
30259	Catherineli
30264	Galluccio
30265	Rominagarcia
30267	Raghuvanshi
30268	Jessezhang
30269	Anandapadmanaban
30270	Chemparathy
30271	Brandoncui
30272	D'Mello
30273	Samepstein
30275	Eskow
30276	Noahgolowich
30277	Charlesgulian
30278	Gazeas
30279	Binnie
30280	Raderlane
30281	Horstman
30282	Jamessmith
30283	Shirleysmith
30285	Ellsworth-Bowers
30286	Klesman
30288	Conelalexander
30289	Richardcarlson
30290	Noble
30295	Anvitagupta
30296	Bricehuang
30297	Cupak
30298	Somyakhare
30299	Shashkishore
30300	Waagen
30301	Kuditipudi
30302	Kritilall
30304	Denisvida
30305	Severi
30306	Frigyesriesz
30307	Marcelriesz
30308	Ienli
30310	Alexanderlin
30312	Lilyliu
30314	Yelenam
30316	Scottmassa
30321	McCleary
30323	Anyam
30324	Pandya
30325	Reesabpathak
30326	Maxpine
30327	Prembabu
30328	Emilyspencer
30330	Tiffanysun
30332	Tanaytandon
30333	Stevenwang
30334	Michaelwiner
30336	Zhangyizhen
30337	Crystalzheng
30347	Pattyhunt
30348	Marizzabailey
30350	Beltecas
30353	Carothers
30357	Davisdon
30362	Jenniferdean
30363	Dellasantina
30365	Gregduran
30368	Ericferrante
30370	Jongoetz
30371	Johngorman
30372	Halback
30373	Mattharley
30374	Bobbiehinson
30375	Kathuang
30379	Molaro
30384	Robertirelan
30386	Philipjeffery
30388	Nicolejustice
30389	Ledoux
30396	Annleonard
30402	Esthergoddard
30405	Yunakwon
30406	Middleman
30407	Pantano
30409	Piccirillo
30411	Besse
30412	Anthonylagain
30413	Slatkin
30414	Pistacchi
30416	Schacht
30417	Staudt
30418	Jakobsteiner
30421	Jameschafer
30425	Silverman
30426	Philtalbot
30430	Robertoegel
30431	Michaeltran
30435	Slyusarev
30436	Busemann
30437	Michtchenko
30438	Yongikbyun
30439	Moe
30440	Larry
30441	Curly
30443	Stieltjes
30444	Shemp
30445	Stirling
30448	Yoshiomoriyama
30449	Caldas
30452	Callegari
30453	Cambioni
30454	Carrillosanchez
30455	Joelcastro
30473	Ethanbutson
30483	Harringtonpinto
30487	Dominikovacs
30488	Steinlechner
30509	Yukitrippel
30514	Chiomento
30521	Garyferland
30524	Mandushev
30525	Lenbright
30533	Saeidzoonemat
30534	Holler
30535	Sarahgreenstreet
30536	Erondon
30537	Matteocrismani
30539	Raissamuller
30541	Delgadillo
30548	Markburchell
30553	Arcoverde
30558	Jamesoconnor
30562	Guttler
30564	Olomouc
30566	Stokes
30569	Dybczynski
30575	Anacarolina
30576	Lago
30577	Pinchuk
30578	Lawless
30585	Firenze
30593	Dangovski
30596	Amdeans
30698	Hippokoon
30704	Phegeus
30705	Idaios
30708	Echepolos
30718	Records
30719	Isserstedt
30720	Fernandezlajus
30722	Biblioran
30724	Peterburgtrista
30725	Klimov
30767	Chriskraft
30769	Kaydash
30773	Schelde
30775	Lattu
30778	Doblin
30779	Sankt-Stephan
30785	Greeley
30786	Karkoschka
30788	Angekauffmann
30797	Chimborazo
30798	Graubunden
30805	Mikimasa
30821	Chernetenko
30826	Coulomb
30827	Lautenschlager
30828	Bethe
30829	Wolfwacker
30830	Jahn
30831	Seignovert
30832	Urbaincreve
30835	Waterloo
30836	Schnittke
30837	Steinheil
30838	Hitomiyamasaki
30840	Jackalice
30844	Hukeller
30847	Lampert
30850	Vonsiemens
30851	Reissfelder
30852	Debye
30857	Parsec
30879	Hiroshikanai
30881	Robertstevenson
30882	Tomhenning
30883	de Broglie
30886	Hayashitadashi
30888	Okitsumisaki
30917	Moehorgan
30924	Imamura
30925	Todahiroyuki
30928	Jefferson
30933	Grillparzer
30934	Bakerhansen
30935	Davasobel
30936	Basra
30937	Bashkirtseff
30938	Montmartre
30939	Samaritaine
30942	Helicaon
30943	Takeisakiyo
30944	Hiruma
30955	Weiser
30963	Mount Banzan
30991	Minenze
31000	Rockchic
31006	Katherine
31012	Jiangshiyang
31015	Boccardi
31020	Skarupa
31028	Cerulli
31031	Altiplano
31032	Scheidemann
31037	Mydon
31043	Sturm
31061	Tamao
31065	Beishizhang
31086	Gehringer
31087	Oirase
31091	Bettiventicinque
31092	Carolowilhelmina
31095	Buneiou
31097	Nucciomula
31098	Frankhill
31104	Annanetrebko
31105	Oguniyamagata
31109	Janpalous
31110	Clapas
31113	Stull
31122	Brooktaylor
31124	Slavicek
31129	Langyatai
31134	Zurria
31139	Garnavich
31147	Miriquidi
31151	Sajichugaku
31152	Daishinsai
31153	Enricaparri
31174	Rozelot
31175	Erikafuchs
31179	Gongju
31189	Tricomi
31190	Toussaint
31192	Aigoual
31196	Yulong
31201	Michellegrand
31203	Hersman
31230	Tuyouyou
31231	Uthmann
31232	Slavonice
31234	Bea
31238	Kromeriz
31239	Michaeljames
31240	Katrianne
31244	Guidomonzino
31249	Reneefleming
31254	Totucciogrisanti
31266	Tournefort
31267	Kuldiga
31268	Welty
31271	Nallino
31272	Makosinski
31276	Calvinrieder
31281	Stothers
31282	Nicoleticea
31283	Wanruomeng
31291	Yaoyue
31296	Matthewclement
31298	Chantaihei
31312	Fangerhai
31313	Kanwingyi
31319	Vespucci
31323	Lysa hora
31324	Jirimrazek
31336	Chenyuhsin
31338	Lipperhey
31344	Agathon
31349	Uria-Monzon
31358	Garethcollins
31360	Huangyihsuan
31363	Shulga
31374	Hruskova
31375	Krystufek
31376	Leobauersfeld
31377	Kleinwort
31378	Neidinger
31380	Hegyesi
31384	Joseloisestevez
31387	Lehoucq
31389	Alexkaplan
31398	Lukedaly
31399	Susorney
31400	Dakshdua
31402	Negishi
31412	Andersonribeiro
31414	Rotarysusa
31415	Fenucci
31416	Peteworden
31418	Sosaoyarzabal
31426	Davidlouapre
31429	Diegoazzaro
31431	Cabibbo
31435	Benhauck
31437	Verma
31438	Yasuhitohayashi
31439	Mieyamanaka
31442	Stark
31450	Stevepreston
31451	Joenickell
31453	Arnaudthiry
31458	Delrosso
31460	Jongsowfei
31461	Shannonlee
31462	Brchnelova
31463	Michalgeci
31464	Liscinsky
31465	Piyasiri
31466	Abualhassan
31468	Albastaki
31469	Aizawa
31470	Alagappan
31471	Sallyalbright
31473	Guangning
31474	Advaithanand
31475	Robbacchus
31476	Bocconcelli
31477	Meenakshi
31479	Botello
31480	Jonahbutler
31482	Caddell
31483	Caulfield
31487	Parthchopra
31489	Matthewchun
31490	Swapnavdeka
31491	Demessie
31492	Jennarose
31493	Fernando-Peiris
31494	Emmafreedman
31495	Sarahgalvin
31496	Glowacz
31500	Grutzik
31501	Williamhang
31502	Hellerstein
31503	Jessicahong
31504	Jaisonjain
31507	Williamjin
31508	Kanevsky
31510	Saumya
31511	Jessicakim
31512	Koyyalagunta
31513	Lafazan
31516	Leibowitz
31517	Mahoui
31519	Mimamarquez
31522	McCutchen
31523	Jessemichel
31525	Nickmiller
31531	ARRL
31551	Ashleyking
31555	Wheeler
31556	Shatner
31557	Holleybakich
31559	Alonmillet
31563	Bourdelledemicas
31569	Adriansonka
31570	Conjat
31573	Mohanty
31574	Moshova
31575	Nikhilmurthy
31576	Nandigala
31580	Bridgetoei
31581	Onnink
31582	Miraeparker
31584	Emaparker
31588	Harrypaul
31592	Jacobplaut
31593	Romapradhan
31594	Drewprevost
31595	Noahpritt
31596	Ragavender
31597	Allisonmarie
31598	Danielrudin
31599	Chloesherry
31600	Somasundaram
31605	Braschi
31613	Adamgreenberg
31617	Meeraradha
31618	Tharakan
31619	Jodietinker
31627	Ulmera
31628	Vorperian
31630	Jennywang
31631	Abbywilliams
31632	Stephaying
31633	Almonte
31635	Anandarao
31637	Bhimaraju
31639	Bodoni
31640	Johncaven
31641	Cevasco
31642	Soyounchoi
31643	Natashachugh
31648	Pedrosada
31650	Frydek-Mistek
31651	Edurnepasaban
31655	Averyclowes
31660	Maximiliandu
31661	Eggebraaten
31663	Anjani
31664	Randiiwessen
31665	Veblen
31671	Masatoshi
31673	Nayessda
31674	Westermann
31677	Audreyglende
31679	Glenngrimmett
31680	Josephuitt
31682	Kinsey
31684	Lindsay
31688	Bryantliu
31689	Sebmellen
31690	Nayamenezes
31696	Rohitmital
31697	Isaiahoneal
31698	Nikolaiortiz
31700	Naperez
31701	Ragula
31706	Singhani
31711	Suresh
31716	Matoonder
31719	Davidyue
31725	Anushazaman
31727	Amandalewis
31728	Rhondah
31729	Scharmen
31731	Johnwiley
31737	Carriecoombs
31744	Shimshock
31767	Jennimartin
31770	Melivanhouten
31771	Kirstenwright
31772	Asztalos
31774	Debralas
31777	Amywinegar
31778	Richardschnur
31787	Darcylawson
31807	Shaunalennon
31823	Viete
31824	Elatus
31828	Martincordiner
31836	Poshedly
31838	Angelarob
31839	Depinto
31840	Normnegus
31844	Mattwill
31846	Elainegillum
31848	Mikemattei
31853	Rahulmital
31854	Darshanashah
31858	Raykanipe
31859	Zemaitis
31861	Darleshimizu
31862	Garfinkle
31863	Hazelcoffman
31872	Terkan
31873	Toliou
31874	Kosiarek
31875	Saksena
31876	Jenkens
31877	Davideverett
31883	Susanstern
31884	Evangelista
31885	Greggweger
31886	Verlisak
31888	Polizzi
31893	Rodriguezalvarez
31896	Gaydarov
31897	Brooksdasilva
31899	Adityamohan
31901	Amitscheer
31902	Raymondwang
31903	Euniceyou
31904	Haoruochen
31905	Likinpong
31907	Wongsumming
31909	Chenweitung
31910	Moustafa
31911	Luciafauth
31912	Lukasgrafner
31916	Arnehensel
31917	Lukashohne
31918	Onkargujral
31919	Carragher
31920	Annamcevoy
31922	Alsharif
31925	Krutovskiy
31926	Alhamood
31928	Limzhengtheng
31931	Sipiera
31933	Tanyizhao
31934	Benjamintan
31935	Midgley
31936	Bernardsmit
31937	Kangsunwoo
31938	Nattapong
31939	Thananon
31940	Sutthiluk
31943	Tahsinelmas
31944	Seyitherdem
31946	Sahilabbi
31948	Marciarieke
31951	Alexisallen
31952	Bialtdecelie
31953	Bontha
31954	Georgiebotev
31956	Wald
31957	Braunstein
31959	Keianacave
31960	Fabioferrari
31961	Andreaferrero
31962	Rayharvey
31963	Tanjamichalik
31969	Yihuachen
31971	Beatricechoi
31972	Carlycrump
31973	Ashwindatta
31975	Johndean
31976	Niyatidesai
31977	Devalapurkar
31978	Jeremyphilip
31980	Axelfeldmann
31982	Johnwallis
31984	Unger
31985	Andrewryan
31988	Jasonfiacco
31991	Royghosh
31996	Goecknerwald
32001	Golbin
32002	Gorokhovsky
32005	Roberthalfon
32006	Hallisey
32007	Amirhelmy
32008	Adriangalad
32013	Elkekersten
32014	Bida
32018	Robhenning
32019	Krithikaiyer
32021	Lilyjenkins
32022	Sarahjenkins
32025	Karanjerath
32027	Jupitercheng
32031	Joyjin
32032	Askandola
32033	Arjunkapoor
32034	Sophiakorner
32037	Deepikakurup
32038	Kwiecinski
32044	Lakmazaheri
32047	Wenjiali
32048	Kathyliu
32049	Jonathanma
32051	Sadhikamalladi
32052	Diyamathur
32053	Demetrimaxim
32054	Musunuri
32056	Abrarnadroo
32057	Ethannovek
32058	Charlesnoyes
32059	Ruchipandya
32060	Wyattpontius
32062	Amolpunjabi
32063	Pusapaty
32065	Radulovacki
32066	Ramayya
32067	Ranganathan
32069	Mayarao
32070	Michaelretchin
32071	Matthewretchin
32072	Revanur
32073	Cassidyryan
32074	Kevinsadhu
32078	Jamesavoldelli
32079	Hughsavoldelli
32080	Sanashareef
32082	Sominsky
32085	Tomback
32086	Viviannetu
32087	Vemulapalli
32088	Liamwallace
32089	Wojtania
32090	Craigworley
32091	Jasonwu
32092	Brianxia
32093	Zhengyan
32096	Puckett
32101	Williamyin
32103	Re'emsari
32104	Emmarainey
32105	Plesko
32106	Dawngraninger
32107	Ylitalo
32108	Jovanzhang
32109	Brucksyal
32110	Wendycaldwell
32111	Mallorydecoster
32112	Katiekumamoto
32113	Mikeowen
32120	Stevezheng
32121	Joshuazhou
32128	Jayzussman
32131	Ravindran
32132	Andrewamini
32142	Tristanguillot
32144	Humes
32145	Katberman
32146	Paigebrown
32150	Crumpton
32151	Seanmarshall
32152	Hyland
32153	Laurenmcgraw
32163	Claireburch
32184	Yamaura
32185	Noonan
32186	McMullan
32191	Bensharkey
32194	Mahlke
32197	Judylynnpalmer
32200	Seiicyoshida
32201	Heathermckay
32202	Cogswell
32207	Mairepercy
32208	Johnpercy
32213	Joshuachoe
32214	Colburn
32217	Beverlyge
32222	Charlesvest
32226	Vikulgupta
32229	Higashino
32233	Georgehou
32234	Jesslihuang
32237	Jagadeesan
32242	Jagota
32250	Karthik
32260	Schult
32261	Podlewskagaca
32262	Marinferrais
32263	Kusnierkiewicz
32264	Cathjesslai
32267	Hermannweyl
32270	Inokuchihiroo
32272	Hasegawayuya
32275	Limichael
32276	Allenliu
32277	Helenliu
32278	Makaram
32279	Marshall
32280	Rachelmashal
32281	Shreyamenon
32282	Arnoldmong
32288	Terui
32294	Zajonc
32295	Ravichandran
32296	Aninsayana
32298	Kunalshroff
32299	Srinivas
32300	Uwamanzunna
32302	Mayavarma
32308	Sreyavemuri
32310	Asherwillner
32311	Josephineyu
32313	Zhangmichael
32314	Rachelzhang
32315	Clarezhu
32379	Markadame
32381	Bellomo
32384	Scottbest
32387	D'Egidio
32389	Michflannory
32393	Galinato
32398	Metayer
32399	Epifani
32400	Itaparica
32402	Annametke
32405	Jameshill
32406	Tracyhughes
32424	Caryjames
32428	Peterlangley
32432	Stansberry
32436	Eranofek
32438	Wonyonghan
32439	Sangjoonkim
32441	Youngrokkim
32442	Heejaelee
32443	Davidhaack
32449	Crystalmiller
32453	Kanamishogo
32462	Janmitchener
32481	Inasaridze
32483	Kumar
32486	Leospohl
32487	Eschrig
32496	Deiopites
32516	Simoneieva
32518	Ktramesh
32519	Timholt
32520	Jontihorner
32522	Judiepersons
32524	Roberthowie
32525	Kynanhughson
32527	Junko
32531	Ulrikababiakova
32532	Thereus
32533	Tranpham
32544	Debjaniroy
32547	Shandroff
32549	Taricco
32550	Sharonthomas
32552	Jennithomas
32556	Jennivibber
32561	Waldron
32562	Caseywarner
32563	Nicolezaidi
32564	Glass
32569	Deming
32570	Peruindiana
32571	Brayton
32579	Allendavia
32580	Avbalasingam
32582	Mayachandar
32584	Michaelcollins
32585	Tardivel
32590	Cynthiachen
32593	Crotty
32594	Nathandeng
32596	Cepek
32597	Alicelucchetti
32598	Vanialorenzi
32599	Pedromachado
32603	Ariaeppinger
32604	Meganmansfield
32605	Lucy
32606	Markkanen
32607	Portell
32608	Hallas
32609	Jamesfagan
32610	Siennafink
32611	Ananyaganesh
32612	Ghatare
32613	Tseyuenman
32614	Hacegarcia
32616	Nadinehan
32617	Tiegs
32618	Leungkamcheung
32619	Lynnsawyer
32621	Talcott
32622	Yuewaichun
32623	Samuelkahn
32628	Lazorik
32630	Ethanlevy
32631	Majzoub
32633	Honguyang
32634	Sonjamichaluk
32720	Simoeisios
32724	Woerlitz
32726	Chromios
32730	Lamarr
32731	Annaivanovna
32734	Kryukov
32735	Strekalov
32766	Voskresenskoe
32768	Alexandripatov
32770	Starchik
32776	Nriag
32796	Ehrenfest
32807	Quarenghi
32808	Bischoff
32809	Sommerfeld
32810	Steinbach
32811	Apisaon
32815	Mitsufumi
32821	Posch
32853	Dobereiner
32854	Sekitakayuki
32855	Zollitsch
32858	Kitakamigawa
32890	Schwob
32891	Amatrice
32892	Prufrock
32893	van der Waals
32897	Curtharris
32899	Knigge
32909	Uemuramahito
32911	Cervara
32919	Ohashi
32928	Xiejialin
32931	Ferioli
32938	Ivanopaci
32939	Nasimi
32943	Sandyryan
32944	Gussalli
32945	Lecce
32969	Motohikosato
32987	Uyuni
32990	Sayo-hime
33000	Chenjiansheng
33002	Everest
33004	Dianesipiera
33008	Tatematsu
33010	Enricoprosperi
33011	Kurtiscarsch
33012	Eddieirizarry
33014	Kalinich
33017	Wronski
33027	Brouillac
33031	Paolofini
33034	Dianadamrau
33035	Pareschi
33040	Pavelmayer
33044	Erikdavy
33054	Eduardorossi
33056	Ogunimachi
33058	Kovarik
33059	Matsuoka
33061	Vaclavmorava
33100	Udine
33103	Pintar
33113	Julabeth
33117	Ashinimodi
33118	Naiknaware
33129	Ivankrasko
33135	Davidrisoldi
33137	Strejcek
33151	Tomasobelloni
33154	Talent
33157	Pertile
33158	Rufus
33160	Denismukwege
33162	Sofiarandich
33163	Alainaspect
33165	Joschhambsch
33175	Isabellegleeson
33179	Arsenewenger
33181	Aalokpatwa
33187	Pizzolato
33188	Shreya
33189	Ritzdorf
33190	Sigrest
33191	Santiagostone
33193	Emhyr
33195	Davenyadav
33196	Kaienyang
33197	Charlallen
33198	Mackewicz
33200	Carasummit
33201	Thomasartiss
33202	Davignon
33205	Graigmarx
33210	Johnrobertson
33213	Diggs
33215	Garyjones
33217	Bonnybasu
33219	De Los Santos
33221	Raqueljacobson
33222	Gillingham
33224	Lesrogers
33226	Melissamacko
33230	Libbyrobertson
33241	Jeanmedas
33247	Iannacone
33248	Nataliehowell
33249	Pamelasvenson
33251	Marcvandenbroeck
33254	Sundaresakumar
33255	Kathybush
33258	Femariebustos
33261	Ginagarlie
33262	Marklewis
33263	Willhutch
33264	Maryrogers
33269	Broccoli
33270	Katiecrysup
33274	Beaubingham
33282	Arjunramani
33285	Martinleiva
33287	Lasue
33288	Shixian
33290	Carloszuluaga
33296	Jennylarson
33319	Kunqu
33323	Lucaspaganini
33328	Archanaverma
33329	Stefanwan
33330	Bareges
33334	Turon
33335	Guibert
33337	Amberyang
33343	Madorobin
33344	Madymesple
33345	Nataliedessay
33346	Sabinedevieilhe
33347	Maryzhu
33348	Stevelliott
33353	Chattopadhyay
33372	Jonathanchung
33376	Medi
33377	Vecernicek
33379	Rohandalvi
33382	Indranidas
33383	Edupuganti
33384	Jacyfang
33389	Isairisgreco
33390	Hajlasz
33392	Blakehord
33393	Khandelwal
33394	Nathaniellee
33395	Dylanli
33396	Vrindamadan
33397	Prathiknaidu
33399	Emilyann
33400	Laurapierson
33401	Radiya-Dixit
33402	Canizares
33405	Rekhtman
33406	Saltzman
33408	Mananshah
33412	Arjunsubra
33413	Alecsun
33414	Jessicatian
33415	Felixwang
33418	Jacksonweaver
33419	Wellman
33420	Derekwoo
33421	Byronxu
33433	Maurilia
33434	Scottmanley
33437	Ordenovic
33438	Mauriziopajola
33440	Nicholasprato
33441	Catherineprato
33442	Cassandrarunyon
33443	Schambeau
33444	Shaddad
33446	Michaelyang
33448	Aaronyeiser
33450	Allender
33451	Michaelarney
33452	Olivebryan
33453	Townley
33454	Neilclaffey
33455	Coakley
33456	Ericacurran
33457	Cutillo
33458	Fialkow
33462	Tophergee
33463	Bettinagregg
33464	Melahudock
33466	Thomaslarson
33467	Johnlieb
33468	Nelsoneric
33471	Ozuna
33472	Yunorperalta
33473	Porterfield
33476	Gilanareiss
33478	Deniselivon
33480	Bartolucci
33484	Nathanroth
33486	Edreynolds
33487	Jeanpierrerivet
33488	Darrelrobertson
33489	Myungjinkim
33490	Roggemans
33491	Tonyroman
33492	Christirogers
33495	Schaferjames
33498	Juliesmith
33499	Stanton
33501	Juliethompson
33502	Janetwaldeck
33503	Dasilvaborges
33504	Rebrouwer
33508	Drewnik
33509	Mogilny
33511	Austinwang
33514	Changpeihsuan
33515	Linbohan
33516	Timonen
33517	Paulfoltin
33518	Stoetzer
33520	Ichige
33522	Chizumimaeta
33523	Warashina
33524	Rousselot
33525	Teresinha
33528	Jinzeman
33529	Henden
33532	Gabriellacoli
33534	Meiyamamura
33535	Alshaikh
33536	Charpugdee
33537	Doungnga
33538	Jaredbergen
33539	Elenaberman
33544	Jerold
33550	Blackburn
33553	Nagai
33555	Nataliebush
33556	Brennanclark
33559	Laurencooper
33561	Brianjasondu
33562	Amydunphy
33564	Miriamshira
33565	Samferguson
33567	Sulekhfrederic
33568	Godishala
33569	Nikhilgopal
33570	Jagruenstein
33571	Jaygupta
33572	Mandolin
33573	Hugrace
33574	Shailaja
33575	Joshuajacob
33580	Priyankajain
33581	Rajeevjha
33582	Tiashajoardar
33583	Karamchedu
33584	Austinkatzer
33586	Keeley
33587	Arianakim
33589	Edwardkim
33590	Sreelakshmi
33591	Landsberger
33592	Kathrynanna
33594	Ralphlawton
33595	Jiwoolee
33596	Taesoolee
33598	Christineliu
33599	Mckennaloop
33600	Davidlu
33602	Varunmandi
33603	Saramason
33604	McChesney
33605	McCue
33606	Brandonmuncan
33607	Archanamurali
33608	Paladugu
33609	Harishpalani
33610	Payra
33613	Pendharkar
33614	Meganploch
33617	Kailashraman
33619	Dominickrowan
33621	Sathish
33622	Sedigh
33623	Kyraseevers
33624	Omersiddiqui
33625	Slepyan
33626	Jasonsmith
33628	Spettel
33630	Swathiravi
33633	Strickland
33634	Strickler
33655	Sumathipala
33660	Rishishankar
33661	Sophiaswartz
33662	Tacescu
33667	Uttripathii
33677	Truell
33680	Vasconcelos
33681	Wamsley
33682	Waylonreid
33684	Xiaomichael
33685	Younglove
33687	Julianbain
33688	Meghnabehari
33690	Noahcain
33691	Andrewchiang
33696	Crouchley
33699	Jessiegan
33700	Gluckman
33701	Gotthold
33702	Spencergreen
33703	Anthonyhill
33704	Herinkang
33713	Mithravamshi
33714	Sarakaufman
33725	Robertkent
33727	Kummel
33734	Stephenlitt
33737	Helenlyons
33740	Arjunmoorthy
33746	Sombart
33747	Clingan
33748	Davegault
33750	Davehiggins
33761	Honoranavid
33762	Sanjayseshan
33789	Sharmacam
33799	Myra
33800	Gross
33801	Emilyshi
33803	Julienpeloton
33806	Shrivastava
33809	Petrescu
33810	Tangirala
33811	Scottobin
33814	Viswesh
33817	Fariswald
33823	Mariorigutti
33825	Reganwill
33826	Kevynadams
33829	Asherson
33832	Johnplane
33834	Hannahkaplan
33838	Brandabaker
33845	Aprilrussell
33850	Mohammadsaki
33852	Baschnagel
33856	Rutuparekh
33861	Boucvalt
33863	Elfriederwin
33869	Brunnermatt
33871	Locastillo
33872	Kristichung
33875	Laurencooney
33879	Kierstendeen
33882	Schonbachler
33886	Lilydeveau
33889	Jengebo
33892	Meligingrich
33896	Hickson
33897	Erikagreen
33898	Kendra
33902	Ingoldsby
33903	Youssefmoulane
33904	Janardhanan
33905	Leyajoykutty
33907	Christykrenek
33910	Lestarge
33912	Melissanoland
33917	Kellyoconnor
33918	Janiscoville
33920	Trivisonno
33923	Juliewarren
33924	Rosanaaraujo
33926	Normand
33927	Jenniferscully
33928	Aswinsekhar
33929	Lisaprato
33931	Alexeysergeyev
33932	Keane
33933	Timlister
33936	Johnwells
33937	Raphaelmarschall
33940	Morgado
33941	Mouginot
33942	Davidmiller
33958	Zaferiou
33961	Macinleyneve
33963	Moranhidalgo
33964	Patrickshober
33970	Conorbenson
33971	Alexdavis
33972	Fuentesmunoz
33973	Xiyunhou
33974	Alexmeyer
33975	Shotatakahashi
33976	Van Wal
33979	Sunhaochun
33990	Kathleenmcbride
33991	Weixunjing
33994	Regidufour
34000	Martinmatl
34002	Movsesian
34003	Ivozell
34004	Gregorini
34010	Tassiloschwarz
34011	Divyakranthi
34012	Prashaant
34014	Pingali
34016	Chaitanya
34017	Geeve
34021	Suhanijain
34024	Cormaclarkin
34025	Caolannbrady
34026	Valpagliarino
34028	Wuhuiyi
34030	Tabuchi
34031	Fukumitsu
34034	Shehadeh
34038	Abualragheb
34039	Torsteinvik
34042	Espeseth
34044	Obafial
34047	Gloria
34049	Myrelleangela
34053	Carlquines
34063	Mariamakarova
34069	Andrewsteele
34077	Yoshiakifuse
34079	Samoylova
34080	Clarakeng
34081	Chowkitmun
34083	Feretova
34088	Satokosuka
34089	Smoter
34090	Cewhang
34100	Thapa
34101	Hesrivastava
34102	Shawnzhang
34103	Suganthkannan
34104	Jeremiahpate
34106	Sakhrani
34107	Kashfiarahman
34123	Uedayukika
34125	Biancospino
34126	Cornaa
34127	Adamnayak
34128	Hannahbrown
34129	Madisonsneve
34130	Isabellaivy
34132	Theoguerin
34133	Charlesfenske
34134	Zlokapa
34135	Rahulsubra
34137	Lonnielinda
34138	Frasso Sabino
34139	Lucabarcelo
34141	Antonwu
34142	Sachinkonan
34143	Heeric
34144	Alexandersun
34147	Vengadesan
34148	Marchuo
34152	Kendrazhang
34153	Deeannguo
34154	Anushkanair
34156	Gopalakrishnan
34158	Rachelchang
34159	Ryanthorpe
34161	Michaellee
34162	Yegnesh
34163	Neyveli
34164	Anikacheerla
34165	Nikhilcheerla
34166	Neildeshmukh
34172	Camillemiles
34175	Joshuadong
34176	Balamurugan
34177	Amandawilson
34178	Sarahmarie
34179	Bryanchun
34180	Jessicayoung
34181	Patnaik
34182	Sachan
34183	Yeshdoctor
34184	Hegde
34187	Tomaino
34188	Clarawagner
34189	Ambatipudi
34190	Erinsmith
34191	Jakhete
34192	Sappington
34193	Annakoonce
34194	Serenajing
34197	Susrinivasan
34198	Oliverleitner
34199	Amyjin
34200	Emmasun
34202	Sionaprasad
34204	Quryshi
34205	Mizerak
34206	Zhiyuewang
34208	Danielzhang
34215	Stutigarg
34218	Padiyath
34219	Megantang
34220	Pelagiamajoni
34224	Maggiechen
34225	Fridberg
34227	Daveyhuang
34231	Isanisingh
34233	Caldwell
34234	Andrewfang
34235	Ellafeiner
34236	Firester
34237	Sarahgao
34239	Louisgolowich
34240	Charleyhutch
34241	Skylerjones
34245	Andrewkomo
34246	Kopparapu
34249	Leolo
34250	Mamichael
34251	Rohanmehrotra
34252	Orlovsky
34253	Nitya
34254	Mihirpatel
34256	Advaitpatil
34258	Pentland
34259	Abprabhakaran
34261	Musharahman
34262	Michaelren
34264	Sadhuka
34266	Schweinfurth
34267	Haniya
34268	Gracetian
34271	Vinjaivale
34272	Veeramacheneni
34273	Franklynwang
34277	Davidxingwu
34278	Justinxie
34279	Alicezhang
34280	Victoradler
34281	Albritton
34282	Applegate
34283	Bagley
34284	Seancampbell
34285	Dorothydady
34288	Bevindaglen
34289	Johndell
34293	Khiemdoba
34294	Taylordufford
34297	Willfrazer
34300	Brendafrost
34302	Riagalanos
34304	Alainagarza
34307	Arielhaas
34308	Roberthall
34310	Markhannum
34312	Deahaupt
34313	Lisahevner
34314	Jasonlee
34316	Christineleo
34317	Fabianmak
34319	Neilmilburn
34320	Davidmonge
34321	Russellmotter
34322	Marknandor
34323	Williamrose
34324	Jeremyschwartz
34325	Terrencevale
34326	Zhaurova
34328	Jackalbright
34329	Sribhimaraju
34330	Bissoondial
34331	Annadu
34332	Alicefeng
34333	Roycorgross
34334	Georgiagrace
34335	Ahmadismail
34336	Willjenkins
34337	Mihirjoshi
34338	Shreyaskar
34342	Asmikumar
34343	Kumaran
34345	Gabriellalui
34346	Varunmadan
34351	Decatur
34354	Johnmadland
34355	Mefford
34356	Gahamuriel
34357	Amaraorth
34363	Prawira
34364	Katequinn
34365	Laurareilly
34366	Rosavestal
34367	Kennedyrogers
34372	Bentleysiems
34379	Slettnes
34380	Pratikvangal
34387	Venkatesh
34388	Wylonis
34391	Garyzhan
34392	Afroz
34393	Cindyallen
34397	Rosaliebarber
34398	Terryschmidt
34399	Hachiojihigashi
34400	Kimbaxter
34401	Kaibeecher
34402	Seamusanderson
34403	Sessin
34404	Jaybuddi
34405	Caitlinshearer
34406	Kristenconn
34408	Simonanghel
34409	Venturini
34412	Tamicruz
34414	MacLennan
34415	Racheldragos
34418	Juliegodfrey
34419	Corning
34420	Peterpau
34424	Utashima
34432	Groebe
34433	Kavars
34441	Thomaslee
34443	Markmadland
34444	Kellmcallister
34446	Karenmccoy
34447	Mesidor
34450	Zashamickey
34451	Rebohearn
34452	Jenniparker
34453	Elisapeters
34456	Lydiareznik
34457	Leahroberts
34462	Stoffregen
34465	Swaminathan
34466	Ognicholls
34467	Raphotter
34469	Danishmahmood
34470	Chouruihua
34471	Fanyueyang
34472	Guxieran
34473	Linkairui
34474	Zhangjingru
34475	Zhangyuhui
34477	Muntz
34478	Jonasboukamp
34479	Dunschen
34482	Jessikirchner
34484	Kubetzko
34485	Nullmeier
34488	Lennartresch
34490	Danielkang
34491	Mohammedsuhail
34492	Swasthikpadma
34494	Shikarpur
34496	Viswanath
34497	Fionnferreira
34498	Aaronhannon
34499	Yusukesakai
34503	Tsuchida
34504	Tsuzuku
34509	Kuwehan
34511	Aleenasaji
34522	Cadores
34523	Manzanero
34524	Eugenerivera
34525	Paszkowski
34527	Fransanmartins
34534	Nogueira
34539	Gabrielsilva
34541	Gustavosanreyes
34543	Davidbriggs
34544	Omarsanreyes
34545	Chirita
34551	Andrianova
34552	Belousova
34555	Yuliamaslova
34558	Annasavelyeva
34559	Aldossary
34567	Weidekoo
34569	Bryanlim
34570	Shawnlim
34571	Dominicyap
34576	Leeshangjung
34580	Yenpohsun
34583	Dmitriivavilov
34584	Martintowner
34585	Torrano
34586	Filipemonteiro
34587	Vieiraneto
34589	Sarahadamo
34591	Saadhahmed
34592	Amirtharaj
34594	Rohanarora
34597	Sondy
34599	Burzinbalsara
34604	Vilhena
34611	Nacogdoches
34616	Andrewbennett
34619	Swagat
34620	Edwinbodoni
34625	Bollimpalli
34628	Samaboyea
34632	Sarahbroas
34633	Megancantwell
34634	Anjalichadha
34636	Lauwingkai
34644	Yatinchandar
34645	Vieiramartins
34646	Niaclements
34647	Ankushdhawan
34650	Dunkenberger
34651	Edamadaka
34652	Simoneevans
34659	Damyasouami
34660	Mickeyvillarreal
34665	Akbarwhizin
34666	Bohyunsan
34675	Feldbush
34677	Hunterwilliams
34678	Hansenestruch
34680	Anahumphrey
34681	Suhahussain
34687	Isahaku
34689	Flewelling
34696	Risoldi
34703	Wozniakiewicz
34708	Grasset
34712	Zexixing
34713	Yesiltas
34714	Haozhang
34716	Guzzo
34717	Mirkovilli
34718	Cantagalli
34729	Natalianoel
34730	Rainajain
34731	Ronitjain
34737	Parkerjou
34738	Hulbert
34739	Maryalice
34740	Emmakeeler
34741	Alyssakeirn
34743	Kollipara
34746	Thoon
34752	Venkatkrishnan
34753	Zdenekmatyas
34760	Ciccone
34766	Everettkroll
34769	Remilabeille
34770	Leyendecker
34771	Lilauren
34772	Lirachel
34775	Zinzi
34778	Huhunglick
34779	Chungchiyung
34780	Nikhillohe
34784	Lukelong
34786	Odeh
34788	Samuellossef
34789	Brucemckean
34791	Ericcraine
34792	Hsiehcheching
34796	Rheamalhotra
34797	Alicemartynova
34799	Mcdonaldboyer
34800	Evanmeade
34802	Anwesha
34808	Bocosur
34814	Muthukumar
34815	Wongfaye
34816	Billybarr
34817	Shiominemoto
34819	Nandininaidu
34821	Oyetunji
34822	Dhruvikparikh
34823	Lillipetersen
34828	Ishapuri
34830	Annaquinlan
34831	Krithikramesh
34836	Ronakroy
34837	Berilsaygin
34838	Lazowski
34840	Lawwaikuen
34841	Ruthgottesman
34844	Malavshah
34846	Vincent
34852	Shteyman
34854	Paquifrutos
34855	Annaspektor
34856	Savithas
34857	Sutaria
34859	Lamshanmuk
34862	Utkarshtandon
34863	Lientang
34871	Howaiho
34874	Tolwani
34876	Sofiatomov
34877	Tremsin
34879	Tripathiishan
34890	Vasikaran
34891	Elizabethpaige
34892	Evapalisa
34893	Mihomasatoshi
34901	Mauna Loa
34919	Imelda
34978	van't Hoff
34993	Euaimon
34995	Dainihonshi
34996	Mitokoumon
35053	Rojyurij
35056	Cullers
35062	Sakuranosyou
35076	Yataro
35087	von Sydow
35093	Akicity
35137	Meudon
35141	Tomitayoshikuni
35143	Harimoto
35165	Quebec
35169	Araake
35170	Mizunochisato
35171	Maedakoji
35172	Miyaharamisao
35197	Longmire
35222	Delbarrio
35229	Benckert
35231	Sugimotojunya
35233	Krcin
35237	Matzner
35239	Ottoseydl
35254	Noriko
35265	Takeosaitou
35268	Panoramix
35269	Idefix
35270	Molinari
35274	Kenziarino
35283	Bradtimerson
35286	Takaoakihiro
35295	Omo
35298	Azumachiharu
35299	Kishisayoko
35313	Hangtianyuan
35316	Monella
35324	Orlandi
35325	Claudiaguarnieri
35326	Lucastrabla
35334	Yarkovsky
35343	Tomoda
35346	Ivanoferri
35347	Tallinn
35350	Lespaul
35352	Texas
35353	Nadapravcova
35355	Honzik
35356	Vondrak
35357	Haraldlesch
35358	Lorifini
35364	Donaldpray
35365	Cooney
35366	Kaifeng
35367	Dobredilo
35370	Daisakyu
35371	Yokonozaki
35391	Uzan
35394	Countbasie
35403	Latimer
35419	Beckysmethurst
35427	Chelseawang
35429	Bochartdesaron
35435	Erikayang
35441	Kyoko
35444	Giuliamarconcini
35446	Stana
35459	Klaurieger
35461	Mazzucato
35462	Maramkaire
35464	Elisaconsigli
35465	Emilianoricci
35534	Clementfeller
35618	Tartu
35621	Lorius
35623	Pedrodavid
35646	Estela
35655	Etienneklein
35683	Broumov
35703	Lafiascaia
35725	Tramuntana
35734	Dilithium
35768	Wendybauer
35769	Tombauer
35976	Yorktown
35977	Lexington
35978	Arlington
36033	Viseggi
36035	Petrvok
36036	Bonucci
36037	Linenschmidt
36039	Joandunham
36060	Babuska
36061	Haldane
36169	Grosseteste
36174	Podolsky
36177	Tonysharon
36182	Montigiani
36184	Pavelbozek
36187	Travisbarman
36213	Robertotisgreen
36226	Mackerras
36235	Sergebaudo
36264	Kojimatsumoto
36329	Philmetzger
36340	Vaduvescu
36352	Erickmeza
36424	Satokokumasaki
36426	Kakuda
36444	Clairblackburn
36445	Smalley
36446	Cinodapistoia
36472	Ebina
36614	Saltis
36672	Sidi
36773	Tuttlekeane
36774	Kuittinen
36782	Okauchitakashige
36783	Kagamino
36800	Katarinawitt
36888	Skrabal
36983	Sumner
36986	Stickle
36992	Jakubek
36994	Pugel
37019	Jordansteckloff
37022	Robertovittori
37044	Papymarcel
37117	Narcissus
37139	Richardmuller
37141	Povolny
37163	Huachucaclub
37218	Kimyoonyoung
37222	Sansom
37223	Devillepoix
37250	Juliemitchell
37279	Hukvaldy
37309	Pajuelo
37313	Paolocampaner
37349	Lynnaequick
37391	Ebre
37392	Yukiniall
37432	Piszkesteto
37452	Spirit
37471	Popocatepetl
37519	Amphios
37529	Ama-Miyayama
37530	Dancingangel
37556	Svyaztie
37561	Churgym
37565	Hinoki
37573	Enricocaruso
37582	Faraday
37583	Ramonkhanna
37584	Schleiden
37586	Isakaayumi
37588	Lynnecox
37592	Pauljackson
37596	Cotahuasi
37601	Vicjen
37607	Regineolsen
37608	Lons
37609	LaVelle
37623	Valmiera
37625	Yonezawatatsuki
37626	Meizen
37627	Lucaparmitano
37630	Thomasmore
37640	Luiginegrelli
37645	Chebarkul
37646	Falconscott
37655	Illapa
37669	Haragentaro
37678	McClure
37683	Gustaveeiffel
37687	Chunghikoh
37692	Loribragg
37693	Utofumiaki
37699	Santini-Aichl
37706	Trinchieri
37720	Kawanishi
37729	Akiratakao
37734	Bonacina
37735	Riccardomuti
37736	Jandl
37749	Umbertobonori
37764	Omirika
37777	Perez-Reverte
37782	Jacquespiccard
37785	Nougaro
37786	Tokikonaruko
37788	Suchan
37818	Juliamaury
37835	Darioconsigli
37836	Simoneterreni
37840	Gramegna
37848	Michelmeunier
37853	Danielbarbier
37859	Bobkoff
37865	Georgesattard
37939	Hasler
37941	Dawidowicz
38018	Louisneefs
38019	Jeanmariepelt
38020	Hannadam
38024	Melospadafora
38036	Waynewarren
38044	Michaellucas
38046	Krasnoyarsk
38048	Blumenbach
38050	Bias
38070	Redwine
38083	Rhadamanthus
38086	Beowulf
38203	Sanner
38237	Roche
38238	Holic
38245	Marcospontes
38246	Palupin
38250	Tartois
38268	Zenkert
38269	Gueymard
38270	Wettzell
38423	Jeokjungchogye
38431	Jeffbeck
38442	Szilard
38454	Boroson
38461	Jiritrnka
38470	Deleflie
38540	Stevens
38541	Rustichelli
38628	Huya
38636	Kitazato
38639	Samuels
38640	Rau
38641	Philpott
38642	Breukers
38643	Scholten
38667	de Lignie
38669	Michikawa
38671	Verdaguer
38674	Tesinsko
38684	Velehrad
38821	Linchinghsia
38823	Nijland
38827	ter Kuile
38828	van 't Leven
38829	Vandeputte
38830	Biets
38960	Yeungchihung
38962	Chuwinghung
38966	Deller
38967	Roberthaas
38976	Taeve
38980	Gaoyaojie
39167	Opitom
39184	Willgrundy
39256	Zacny
39285	Kipkeino
39290	Landsman
39300	Auyeungsungfan
39314	Moritakumi
39332	Lauwaiming
39335	Caccin
39336	Mariacapria
39372	Wongtzewah
39382	Opportunity
39405	Mosigkau
39415	Janeausten
39420	Elizabethgaskell
39427	Charlottebronte
39428	Emilybronte
39429	Annebronte
39463	Phyleus
39464	Poppelmann
39509	Kardashev
39516	Lusigny
39529	Vatnajokull
39536	Lenhof
39539	Emmadesmet
39540	Borchert
39543	Aubriet
39549	Casals
39557	Gielgud
39558	Kishine
39564	Tarsia
39566	Carllewis
39571	Puckler
39635	Kusatao
39641	Pezy
39645	Davelharris
39653	Carnera
39655	Muneharuasada
39677	Anagaribaldi
39678	Ammannito
39679	Nukuhiyama
39686	Takeshihara
39699	Ernestocorte
39703	Reina
39712	Ehimedaigaku
39723	Akazawa
39726	Hideyukitezuka
39734	Marchiori
39741	Komm
39748	Guccini
39791	Jameshesser
39792	Patrickchevalley
39795	Marson
39799	Hadano
39802	Ivanhlinka
39809	Fukuchan
39814	Christianlegrand
39849	Giampieri
39854	Gabriopiola
39860	Aiguoxiang
39864	Poggiali
39871	Lucagrazzini
39875	Matteolombardo
39877	Deverchere
39880	Dobsinsky
39882	Edgarmitchell
39890	Bobstephens
39892	Evaseidlova
39930	Kalauch
39971	Jozsef
39991	Iochroma
40007	Vieuxtemps
40023	ANPCEN
40081	Rault
40092	Memel
40104	Stevekerr
40106	Erben
40134	Marsili
40198	Azarkhalatbari
40201	Besely
40206	Lhenice
40209	Morrispodolak
40210	Peixinho
40227	Tahiti
40230	Rozmberk
40233	Baradeau
40241	Deienno
40248	Yukikajiura
40328	Dow
40409	Taichikato
40410	Prihoda
40436	Sylviecoyaud
40440	Dobrovsky
40441	Jungmann
40444	Palacky
40447	Lorenzoni
40457	Williamkuhn
40459	Rektorys
40463	Frankkameny
40684	Vanhoeck
40706	Milam
40763	Zloch
40764	Gerhardiser
40774	Iwaigame
40775	Kalafina
40776	Yeungkwongyu
40795	Akiratsuchiyama
40917	Pauljorden
40919	Johntonry
40956	Ericamsel
40981	Stephenholland
40994	Tekaridake
40995	Muhleis
41000	Aomawa
41001	Samuel
41002	Tatsumi
41003	Romy
41004	Wolner
41030	Mariawomack
41049	Van Citters
41107	Ropakov
41184	Devogele
41199	Wakanaootaki
41206	Sciannameo
41213	Mimoun
41279	Trentman
41450	Medkeff
41458	Ramanjooloo
41481	Musashifuchu
41488	Sindbad
41502	Denchukun
41573	Miriamrobbins
41661	Heathercraig
41671	Benhardesty
41740	Yuenkwokyung
41742	Wongkakui
41795	Wiens
41800	Robwilliams
41907	Jonathanford
41927	Bonal
41943	Fredrick
41979	Lelumacri
41981	Yaobeina
41986	Fort Bend
41988	Emilyjoseph
42073	Noreen
42112	Hongkyumoon
42113	Jura
42175	Yuyang
42177	Bolin
42183	Tubiana
42191	Thurmann
42271	Keikokubota
42295	Teresateng
42354	Kindleberger
42355	Typhon
42365	Caligiuri
42377	KLENOT
42403	Andraimon
42478	Inozemtseva
42479	Tolik
42482	Fischer-Dieskau
42485	Stendhal
42487	Angstrom
42492	Bruggenthies
42516	Oistrach
42522	Chuckberry
42523	Ragazzileonardo
42527	Mizutanimasanori
42531	McKenna
42566	Ryutaro
42585	Pheidippides
42593	Antoniazzi
42609	Daubechies
42611	Manchu
42613	Schaller
42614	Ubaldina
42618	Bardabelias
42665	Kristinblock
42697	Lucapaolini
42733	Andrebaranne
42747	Fuser
42748	Andrisani
42772	Kokotanekova
42775	Bianchini
42776	Casablanca
42795	Derekmuller
42837	Waltrobinson
42849	Podjavorinska
42910	Samanthalawler
42924	Betlem
42929	Francini
42981	Jenniskens
42985	Marsset
42998	Malinafrank
43025	Valusha
43027	Minusio
43028	Gnosca
43081	Stephenschwartz
43083	Frankconrad
43087	Castegna
43188	Zouxiaoduan
43193	Secinaro
43212	Katosawao
43224	Tonypensa
43259	Wangzhenyi
43282	Dougbock
43283	Robinbock
43293	Banting
43305	Camillebibles
43368	Rodrigoleiva
43414	Sfair
43436	Ansschut
43500	Chandler
43501	Oldroyd
43511	Cima Ekar
43574	Joyharjo
43597	Changshaopo
43605	Gakuho
43657	Bobmiller
43667	Dumlupinar
43669	Winterthur
43706	Iphiklos
43722	Carloseduardo
43724	Pechstein
43751	Asam
43752	Maryosipova
43753	Okadayoshirou
43763	Russert
43767	Permeke
43768	Lynevans
43775	Tiepolo
43783	Svyatitelpyotr
43790	Ferdinandbraun
43792	Nobutakagoto
43793	Mackey
43794	Yabetakemoto
43803	Wakakinosakura
43804	Peterting
43806	Augustepiccard
43813	Kuhner
43841	Marcustacitus
43843	Cleynaerts
43844	Rowling
43851	Takemasa
43857	Tanijinzan
43859	Naoyayano
43870	Andokazuko
43881	Cerreto
43882	Maurivicoli
43889	Osawatakaomi
43890	Katiaottani
43899	Kobayashihiroki
43908	Hiraku
43923	Cosimonoccioli
43924	Martoni
43926	Takanoatsushi
43931	Yoshimi
43935	Danshechtman
43954	Chynov
43955	Fixlmuller
43956	Elidoro
43957	Invernizzi
43971	Gabzdyl
43993	Mariola
43998	Nanyoshino
43999	Gramigna
44000	Lucka
44001	Jonquet
44005	Migliardi
44011	Juubichi
44013	Iidetenmondai
44016	Jimmypage
44027	Termain
44033	Michez
44039	de Sahagun
44041	Francoiselaunay
44103	Aldana
44110	Cassegrain
44117	Haroldlarson
44167	Patriciaquinn
44192	Paulguttman
44194	Urmuz
44195	Michaelcordova
44206	Clareschneider
44216	Olivercabasa
44217	Whittle
44263	Nansouty
44360	Ferlet
44368	Andreafrigo
44455	Artdula
44456	Vidal-Madjar
44473	Randytatum
44475	Hikarumasai
44479	Olaheszter
44487	Miyaharaterumasa
44527	Tonnon
44530	Horakova
44570	Yuribeletsky
44574	Lavoratti
44597	Thoreau
44613	Rudolf
44694	Aprilhinton
44711	Carp
44715	Paolovezzosi
44717	Borgoamozzano
44821	Amadora
44885	Vodicka
44933	Therezallewelyn
45027	Cosquer
45073	Doyanrose
45261	Decoen
45298	Williamon
45299	Stivell
45300	Thewrewk
45305	Paulscherrer
45338	Ericevans
45492	Slawomirbreiter
45500	Motegi
45509	Robertward
45510	Kashuba
45511	Anneblack
45512	Holcomb
45517	Jett
45518	Larrykrozel
45519	Triebold
45580	Reneracine
45594	Wendyrichard
45595	Inman
45596	Molliesugden
45640	Mikepuzio
45641	Larrypuzio
45685	Torrycoppin
45687	Pranverahyseni
45688	Lawrencestacey
45689	Brianjones
45690	Janiradebaugh
45692	Poshyachinda
45699	Maryalba
45700	Levi-Setti
45737	Benita
45752	Venditti
45846	Avdellidou
45847	Gartrelle
45855	Susumuyoshitomi
45878	Sadaoaoki
46053	Davidpatterson
46076	Robertschottland
46083	Aaronkingery
46095	Frederickoby
46110	Altheamoorhead
46208	Gicquel
46270	Margaretlandis
46277	Jeffhall
46280	Hollar
46308	Joelsercel
46392	Bertola
46441	Mikepenston
46442	Keithtritton
46513	Ampzing
46514	Lasswitz
46539	Viktortikhonov
46563	Oken
46568	Stevenlee
46580	Ryouichiirie
46588	Murakamimasayuki
46589	Fukusako
46592	Marinawatanabe
46595	Kita-Kyushu
46596	Tobata
46608	Yoshinokeiji
46609	Fukuzumi
46610	Besixdouze
46631	Hosoikatsumasa
46632	RISE
46643	Yanase
46644	Lagia
46669	Wangyongzhi
46686	Anitasohus
46689	Hakuryuko
46691	Ghezzi
46692	Taormina
46701	Interrante
46702	Linapucci
46719	Plantade
46720	Pierostroppa
46722	Ireneadler
46727	Hidekimatsuyama
46731	Prieurblanc
46737	Anpanman
46748	Giusacayrel
46793	Phinney
46796	Mamigasakigawa
46824	Tambora
46829	McMahon
46917	Rogercayrel
46920	Suzanedwards
46925	Bradyharan
46977	Krakow
46991	Carolinesoubiran
47002	Harlingten
47005	Chengmaolan
47018	Chopinet
47038	Majoni
47040	Nathbrouillet
47044	Mcpainter
47045	Seandaniel
47052	Guillaumefaury
47054	Jacquesblamont
47069	Tecumseh
47077	Yuji
47078	Llebaria
47086	Shinseiko
47096	Canarias
47144	Faulkes
47162	Chicomendez
47164	Ticino
47171	Lempo
47219	Heatherkoehler
47293	Masamitsu
47294	Blansky les
47466	Mayatoyoshima
47473	Lorenzopinna
47494	Gerhardangl
47619	Johnpursch
47620	Joeplassmann
47627	Kendomanik
47649	Susanbrew
47650	Tuthill
47707	Jamieson
47708	Jimhamilton
47775	Johnanderson
47835	Stevecoe
47843	Maxson
47851	Budine
47852	Frankydubois
47862	Nancyramos
47891	Garcia-Migani
47931	Stifler
48047	Houghten
48070	Zizza
48159	Saint-Veran
48171	Juza
48200	Nishiokatakashi
48268	Comitini
48295	Liamgroah
48300	Kronk
48373	Gorgythion
48408	Yoshinogari
48410	Kolmogorov
48411	Johnventre
48415	Dehio
48416	Carmelita
48422	Schrade
48424	Souchay
48425	Tischendorf
48434	Maxbeckmann
48435	Jaspers
48447	Hingley
48451	Pichincha
48456	Wilhelmwien
48457	Joseffried
48458	Merian
48461	Sabrinamaricia
48470	Wedemeyer
48471	Orchiston
48472	Mossbauer
48480	Falk
48482	Oruki
48492	Utewielen
48495	Ryugado
48498	Murahashi
48529	von Wrangel
48575	Hawaii
48588	Raschroder
48607	Yamagatatemodai
48616	Yeminghan
48619	Jianli
48624	Sadayuki
48628	Janetfender
48631	Hasantufan
48636	Huangkun
48638	Trebic
48640	Eziobosso
48643	Allen-Beach
48650	Kazanuniversity
48681	Zeilinger
48700	Hanggao
48715	Balbinot
48720	Enricomentana
48736	Ehime
48737	Cusinato
48756	Yoshiharukuni
48767	Skamander
48773	Davidrowe
48774	Anngower
48778	Shokoyukako
48779	Mariko
48782	Fierz
48785	Pitter
48794	Stolzova
48798	Penghuanwu
48799	Tashikuergan
48801	Penninger
48807	Takahata
48838	Markackermann
48842	Alexmazzanti
48844	Belloves
48846	Agnesacker
48886	Jonanderson
48909	Laurake
48915	Patbrandebourg
48934	Kocanova
48960	Clouet
49036	Pelion
49106	Janry
49108	Gouttesolard
49109	Agnesraab
49110	Kvetafialova
49118	Sergerochain
49187	Zucchini
49265	Raphaeljimenez
49272	Bryce Canyon
49291	Thechills
49294	Jacqclairnoens
49296	Lucdettwiller
49350	Katheynix
49382	Lynnokamoto
49384	Hubertnaudot
49439	Jeanlouispala
49440	Kenzotange
49441	Scerbanenco
49442	Kubokoichi
49443	Marcobondi
49448	Macocha
49466	Huanglin
49469	Emilianomazzoni
49481	Gisellarubini
49497	Tagashiramitsuo
49500	Ishitoshi
49501	Basso
49698	Vachal
49699	Hidetakasato
49700	Mather
49702	Koikeda
49777	Cappi
49987	Bonata
50000	Quaoar
50033	Perelman
50240	Cortina
50250	Daveharrington
50251	Iorg
50252	Dianahannikainen
50275	Marcocasalini
50412	Ewen
50413	Petrginz
50426	Mikemerrifield
50427	Ralphmerrifield
50428	Alexanderdessler
50537	Emilianobiscardi
50553	Dilles
50687	Paultemple
50717	Jimfox
50718	Timrobertson
50719	Elizabethgriffin
50721	Waynebailey
50722	Sherlin
50723	Beckley
50724	Elizabethbrown
50725	Margarethuggins
50726	Anniemaunder
50727	Aliceverett
50728	Catherinestevens
50729	Fiammetta
50739	Gracecook
50753	Maryblagg
50768	Ianwessen
50855	Williamschultz
50866	Davidesprizzi
51023	Benavidezlozano
51166	Huimanto
51178	Geraintjones
51261	Holusa
51406	Massimocalvani
51415	Tovinder
51419	Deshapriya
51430	Ireneclaire
51431	Jayardee
51529	Marksimpson
51569	Garywessen
51570	Phendricksen
51599	Brittany
51655	Susannemond
51659	Robohachi
51663	Lovelock
51741	Davidixon
51772	Sparker
51823	Rickhusband
51824	Mikeanderson
51825	Davidbrown
51826	Kalpanachawla
51827	Laurelclark
51828	Ilanramon
51829	Williemccool
51874	Alessiosquilloni
51895	Biblialexa
51915	Andry
51983	Honig
51985	Kirby
52005	Maik
52008	Johnnaka
52030	Maxvasile
52057	Clarkhowell
52225	Panchenko
52226	Saenredam
52228	Protos
52231	Sitnik
52242	Michelemaoret
52246	Donaldjohanson
52260	Ureshino
52261	Izumishikibu
52263	Rustamov
52266	Van Flandern
52267	Rotarytorino
52270	Noamchomsky
52271	Lecorbusier
52285	Kakurinji
52291	Mott
52292	Kamdzhalov
52293	Mommsen
52294	Detlef
52295	Koppen
52301	Qumran
52308	Hanspeterroser
52309	Philnicolai
52316	Daveslater
52334	Oberammergau
52337	Compton
52341	Ballmann
52344	Yehudimenuhin
52384	Elenapanko
52387	Huitzilopochtli
52421	Daihoji
52422	LPL
52426	Ritaalessandro
52455	Masamika
52457	Enquist
52480	Enzomora
52487	Huazhongkejida
52500	Kanata
52558	Pigafetta
52570	Lauraco
52589	Montviloff
52601	Iwayaji
52602	Floriansignoret
52604	Thomayer
52633	Turvey
52649	Chrismith
52655	Villermaux
52665	Brianmay
52670	Alby
52681	Kelleghan
52691	Maryrobinettek
52692	Johnscalzi
52703	Bernardleblanc
52767	Ophelestes
52860	Meganediet
52872	Okyrhoe
52873	Grootaerd
52959	Danieladepaulis
52963	Vercingetorix
52965	Laurencebentz
52975	Cyllarus
52982	Marieclaire
53005	Antibes
53025	Willnoel
53029	Wodetzky
53053	Sabinomaffeo
53055	Astrogapra
53088	Mauricehirsch
53093	La Orotava
53109	Martinphillipps
53119	Matthiasgoerne
53127	Adrienklotz
53137	Gabytutty
53141	Marcmoniez
53157	Akaishidake
53159	Myslivecek
53237	Simonson
53250	Beucher
53252	Sardegna
53253	Zeiler
53256	Sinitiere
53258	Kerryannlecky
53285	Mojmir
53311	Deucalion
53316	Michielford
53435	Leonard
53468	Varros
53537	Zhangyun
53629	Andrewpotter
53640	Marche
53817	Gertrudebacon
53818	Isispogson
53839	Scholkopf
53843	Antjiekrog
53910	Janfischer
54182	Galsarid
54237	Hiroshimanabe
54288	Daikikawasaki
54362	Restitutum
54391	Adammckay
54402	Jonathanbradshaw
54403	Langersek
54411	Bobestelle
54439	Topeka
54510	Yakagehonjin
54521	Aladdin
54522	Menaechmus
54563	Kinokonasu
54564	Kiyoshiizumi
54598	Bienor
54610	Toichisakata
54693	Garymyers
54720	Kentstevens
54810	Molleigh
54820	Svenders
54827	Kurpfalz
54852	Mercatali
54862	Sundaigakuen
54863	Gasnault
54902	Close
54932	Waltharris
54963	Sotin
54967	Millucci
54983	Simone
55082	Xlendi
55108	Beamueller
55112	Mariangela
55196	Marchini
55212	Yukitoayatsuji
55221	Nancynoblitt
55222	Makotoshinkai
55223	Akiraifukube
55276	Kenlarner
55319	Takanashi
55320	Busler
55330	Shekwaihung
55331	Putzi
55381	Lautakwah
55382	Kootinlok
55383	Cheungkwokwing
55384	Muiyimfong
55397	Hackman
55399	Jasonsoderblom
55418	Bianciardi
55427	Rosta
55428	Cappellaro
55477	Soroban
55543	Nemeghaire
55555	DNA
55559	Briancraine
55561	Madenberg
55565	Aya
55576	Amycus
55637	Uni
55676	Klythios
55678	Lampos
55701	Ukalegon
55702	Thymoitos
55720	Daandehoop
55733	Lepsius
55735	Magdeburg
55737	Coquimbo
55749	Eulenspiegel
55753	Raman
55755	Blythe
55759	Erdmannsdorff
55772	Loder
55810	Fabiofazio
55815	Melindakim
55838	Hagongda
55844	Bicak
55845	Marco
55854	Stoppani
55863	Jeffwayne
55866	Javiersierra
55873	Shiomidake
55874	Brlka
55875	Hirohatagaoka
55891	Jameslequeux
55892	Fuzhougezhi
55897	Antoinecailleau
55901	Xuaoao
55913	Alinedupin
55987	Mariaruiz
56000	Mesopotamia
56011	Sarahantier
56018	Yujawang
56038	Jackmapanje
56041	Luciendumont
56067	Argerich
56073	Poggianti
56088	Wuheng
56095	Buniatishvili
56100	Luisapolli
56170	Rolandovillazon
56172	Veroniquesanson
56280	Asemo
56329	Tarxien
56361	Marcomontagni
56422	Mnajdra
56561	Jaimenomen
56678	Alicewessen
56788	Guilbertlepoutre
56795	Amandagorman
56957	Seohideaki
56975	Lindaspilker
57076	Mariocambi
57140	Gaddi
57359	Robcrawford
57424	Caelumnoctu
57471	Mariemarsina
57509	Sly
57561	Gabrielegiuli
57567	Crikey
57658	Nilrem
57868	Pupin
57879	Cesarechiosi
57901	Hitchens
57915	Mahuchikh
58084	Hiketaon
58095	Oranienstein
58096	Oineus
58097	Alimov
58098	Quirrenbach
58145	Gus
58152	Natsoderblom
58163	Minnesang
58164	Reiwanohoshi
58184	Masayukiyamamoto
58185	Rokkosan
58186	Langkavel
58191	Dolomiten
58196	Ashleyess
58214	Amorim
58215	von Klitzing
58217	Peterhebel
58221	Boston
58279	Kamerlingh
58345	Moomintroll
58364	Feierberg
58365	Robmedrano
58373	Albertoalonso
58417	Belzoni
58418	Luguhu
58424	Jamesdunlop
58440	Zdenekstuchlik
58441	Thomastestoni
58460	Le Mouelic
58466	Santoka
58495	Hajin
58498	Octaviopaz
58499	Stuber
58534	Logos
58535	Pattillo
58569	Eboshiyamakouen
58571	Barbaraserf
58572	Romanella
58573	Serpieri
58578	Zidek
58579	Ehrenberg
58580	Elenacuoghi
58595	Joepollock
58600	Iwamuroonsen
58605	Liutungsheng
58606	Charlestrenet
58607	Wenzel
58608	Geroldrichter
58622	Setoguchi
58627	Rieko
58664	IYAMMIX
58671	Diplodocus
58672	Remigio
58679	Brenig
58682	Alenasolcova
58683	Jeanmouette
58691	Luigisannino
58700	Darson
58702	Tizianabitossi
58707	Kyoshi
58709	Zenocolo
58714	Boya
58734	Jeantarde
58736	Karlantier
58750	Simonjeanne
58756	Malgoyre
58782	Suhelahmeti
58895	Annierobin
58896	Schlosser
58931	Palmys
58941	Guishida
58965	Juliettegreco
59000	Beiguan
59001	Senftenberg
59045	Gerardlemaitre
59067	Claudiaangeli
59068	Pierrebourget
59087	Maccacaro
59122	Bienayme
59162	Olivierbienayme
59199	Jorisbossard
59211	Bernardfort
59232	Sfiligoi
59238	Lilin
59239	Alhazen
59248	Genevievesoucail
59369	Chanco
59381	Yannickmellier
59384	Tomgiovannetti
59388	Monod
59389	Oskarvonmiller
59390	Habermas
59417	Giocasilli
59419	Presov
59425	Xuyangsheng
59470	Paveltoufar
59483	Corranplain
59793	Clapies
59797	Pisala
59800	Astropis
59804	Dickjoyce
59828	Ossikar
59830	Reynek
59833	Danimatter
59964	Pierremartin
59970	Morate
59980	Moza
60000	Miminko
60001	Adelka
60006	Holgermandel
60008	Jarda
60148	Seanurban
60150	Zacharias
60183	Falcone
60186	Las Cruces
60406	Albertosuci
60423	Chvojen
60532	Henson
60558	Echeclus
60609	Kerryprice
60614	Tomshea
60622	Pritchet
60669	Georgpick
60972	Matenko
61042	Noviello
61189	Ohsadaharu
61190	Johnschutt
61195	Martinoli
61208	Stonarov
61342	Lovejoy
61344	Jicakyoryokutai
61384	Arturoromer
61386	Namikoshi
61400	Voxandreae
61401	Schiff
61402	Franciseveritt
61404	Ocenasek
61444	Katokimiko
61912	Storrs
61913	Lanning
62071	Voegtli
62151	Mayumisuzuki
62152	Akatsuki
62190	Augusthorch
62503	Tomcave
62666	Rainawessen
62701	Davidrankin
62794	Scheirich
63032	Billschmitt
63068	Moraes
63129	Courtemanche
63145	Choemuseon
63156	Yicheon
63162	Davidcapek
63163	Jerusalem
63305	Bobkepple
63307	Barbarawilson
63363	Guengerich
63387	Brazos Bend
63389	Noshiro
63440	Rozek
63463	Calamandrei
63498	Whitehead
63528	Kocherhans
63605	Budperry
63609	Francoisecolas
63787	Michelmaurette
63788	Jonlarsen
63862	Amyledbetter
63897	Ofunato
64070	NEAT
64288	Lamchiuying
64289	Shihwingching
64290	Yaushingtung
64291	Anglee
64295	Tangtisheng
64296	Hokoon
64547	Saku
64553	Segorbe
64840	Cristinapauselli
64974	Savaria
64975	Gianrix
65001	Teodorescu
65091	Saramagrin
65100	Birtwhistle
65159	Sprowls
65210	Stichius
65213	Peterhobbs
65241	Seeley
65244	Ianwong
65357	Antoniucci
65363	Ruthanna
65487	Divinacommedia
65489	Ceto
65541	Kasbek
65583	Theoklymenos
65590	Archeptolemos
65635	Hirayamashin
65637	Tsniimash
65657	Hube
65658	Gurnikovskaya
65672	Merrick
65675	Mohr-Gruber
65685	Behring
65688	Jarnac
65692	Trifu
65694	Franzrosenzweig
65696	Pierrehenry
65697	Paulandrew
65698	Emmarochelle
65708	Ehrlich
65712	Schneidmuller
65716	Ohkinohama
65769	Mahalia
65770	Leonardotestoni
65775	Reikotosa
65784	Naderayama
65785	Carlafracci
65803	Didymos
65821	De Curtis
65848	Enricomari
65852	Alle
65859	Madler
65864	Claudepieplu
65866	Wynneozrics
65885	Lubenow
65894	Echizenmisaki
65937	Herveconstans
66000	Duilialoncao
66002	Shadoks
66097	Maximelebreton
66144	Celinereyle
66151	Josefhanus
66197	Isabosc
66207	Carpi
66250	Giovanardi
66391	Moshup
66454	Terezabeatriz
66458	Romaplanetario
66479	Healy
66583	Nicandra
66652	Borasisi
66661	Wallin
66667	Kambic
66669	Aradac
66671	Sfasu
66843	Pulido
66846	Franklederer
66856	Stephenvoss
66885	Wangxiaomo
66934	Kalalova
66939	Franscini
66999	Cudnik
67019	Hlohovec
67070	Rinaldi
67085	Oppenheimer
67235	Fairbank
67308	Oveges
67711	Mitsuotoyokawa
67712	Kimotsuki
67853	Iwamura
67979	Michelory
68021	Taiki
68109	Naomipasachoff
68114	Deakferenc
68144	Mizser
68218	Nealgalt
68325	Begues
68410	Nichols
68448	Sidneywolff
68585	Skorov
68718	Safi
68719	Jangyeongsil
68730	Straizys
68779	Schoninger
68853	Vaimaca
68947	Brunofunk
68948	Mikeoates
69159	Ivanking
69228	Kamerunberg
69230	Hermes
69231	Alettajacobs
69239	Johnstarling
69245	Persiceto
69259	Savostyanov
69260	Tonyjudt
69261	Philaret
69263	Big Ben
69264	Nebra
69273	Derbyastro
69275	Wiesenthal
69286	von Liebig
69287	Gunthereichhorn
69288	Berlioz
69295	Stecklum
69311	Russ
69312	Rogerbacon
69406	Martz-Kohl
69421	Keizosaji
69423	Openuni
69434	de Gerlache
69460	Christibarnard
69469	Krumbenowe
69496	Zaoryuzan
69500	Ginobartali
69556	Felixdelafuente
69565	Giulioscarfi
69585	Albertoraugei
69594	Ulferika
69754	Mosesmendel
69869	Haining
69870	Fizeau
69961	Millosevich
69971	Tanzi
69977	Saurodonati
70004	Richardgalli
70030	Margaretmiller
70179	Beppechiara
70207	Davidunlap
70210	Cesarelombardi
70401	Davidbishop
70409	Srnin
70418	Kholopov
70444	Genovali
70446	Pugh
70449	Gruebel
70679	Urzidil
70710	Chuckfellows
70711	Arlinbartels
70712	Danieljoanna
70713	Sethmacfarlane
70714	Rizk
70715	Allancheuvront
70716	Mehall
70718	HEAF
70720	Davidskillman
70728	Gal-Edd
70737	Stenflo
70744	Maffucci
70745	Aleserpieri
70781	Donnelly
70782	Vinceelliott
70783	Kenwilliams
70850	Schur
70936	Kamen
70942	Vandanashiva
70995	Mikemorton
71000	Hughdowns
71001	Natspasoc
71282	Holuby
71445	Marc
71461	Chowmeeyee
71480	Roberthatt
71482	Jennamarie
71483	Dickgottfried
71485	Brettman
71489	Dynamocamp
71538	Robertfried
71539	VanZandt
71555	Manuecharpentier
71556	Page
71615	Ramakers
71669	Dodsonprince
71783	Izeryna
71855	Incamajorca
71885	Denning
71971	Lindaketcham
72012	Terute
72021	Yisunji
72037	Castelldefels
72042	Dequeiroz
72059	Heojun
72060	Hohhot
72071	Gabor
72432	Kimrobinson
72447	Polinska
72543	Simonemarchi
72545	Robbiiwessen
72596	Zilkha
72632	Coralina
72633	Randygroth
72801	Manzanera
72802	Wetton
72804	Caldentey
72819	Brunet
72827	Maxaub
72834	Guywells
72841	Manolaneri
72876	Vauriot
72912	Fobarsti
72949	Colesanti
72993	Hannahlivsey
73046	Davidmann
73059	Kaunas
73073	Jannaleuty
73079	Davidbaltimore
73199	Orlece
73342	Guyunusa
73358	Kitwhitten
73442	Feruglio
73453	Ninomanfredi
73465	Buonanno
73491	Robmatson
73511	Lovas
73517	Cranbrook
73520	Boslough
73529	Giorgiopalumbo
73533	Alonso
73534	Liviasavioli
73539	Carmenperrella
73551	Dariocastellano
73610	Klyuchevskaya
73637	Guneus
73638	Likhanov
73640	Biermann
73670	Kurthopf
73686	Nussdorf
73687	Thomas Aquinas
73692	Gurtler
73693	Dorschner
73699	Landaupfalz
73700	von Kues
73701	Siegfriedbauer
73703	Billings
73704	Hladiuk
73767	Bibiandersson
73769	Delphi
73782	Yanagida
73819	Isaootuki
73827	Nakanohoshinokai
73857	Hitaneichi
73862	Mochigasechugaku
73872	Stefanoragazzi
73883	Asteraude
73885	Kalaymoodley
73891	Pietromennea
73936	Takeyamamoto
73955	Asaka
73984	Claudebernard
74024	Hrabe
74092	Xiangda
74370	Kolarjan
74400	Streaky
74439	Brenden
74503	Madola
74509	Gillett
74625	Tieproject
74764	Rudolfpesek
74818	Iten
74824	Tarter
75009	Peterveres
75058	Hanau
75063	Koestler
75072	Timerskine
75190	Segreliliana
75223	Wupatki
75225	Corradoaugias
75308	Shoin
75423	Gladyswest
75555	Wonaszek
75562	Wilkening
75564	Audubon
75569	IRSOL
75570	Jenowigner
75591	Stonemose
75823	Csokonai
75829	Alyea
75836	Warrenastro
75837	Johnbriol
75841	Brendahuettner
75842	Jackmonahan
75844	Rexadams
75846	Jandorf
75852	Elgie
75969	Backhouse
75970	Olcott
75971	Unkingalls
75972	Huddleston
75996	Piekiel
76000	Juliuserving
76272	De Jong
76309	Ronferdie
76310	Kurczewski
76628	Kozi Hradek
76713	Wudia
76818	Brianenke
77044	Galera-Rosillo
77136	Mendillo
77138	Puiching
77166	McKaye
77185	Cherryh
77318	Danieltsui
77441	Jouve
77560	Furusato
77621	Koten
77696	Patriciann
77755	Delemont
77856	Noblitt
77870	MOTESS
77971	Donnolo
78071	Vicent
78115	Skiantonucci
78118	Bharat
78123	Dimare
78124	Cicalo
78125	Salimbeni
78221	Leonmow
78249	Capaccioni
78252	Priscio
78309	Alessielisa
78310	Spoto
78383	Philmassey
78386	Deuzelur
78391	Michaeljager
78392	Dellinger
78393	Dillon
78394	Garossino
78429	Baschek
78430	Andrewpearce
78431	Kemble
78432	Helensailer
78433	Gertrudolf
78434	Dyer
78453	Bullock
78534	Renmir
78535	Carloconti
78536	Shrbeny
78577	JPL
78578	Donpettit
78652	Quero
78661	Castelfranco
78756	Sloan
78799	Xewioso
78816	Caripito
78830	Simonadirubbo
78867	Isakowitz
78905	Seanokeefe
78948	Pietrasanta
79086	Gorgasali
79087	Scheidt
79117	Brydonejack
79129	Robkoldewey
79130	Bandanomori
79138	Mansfeld
79144	Cervantes
79149	Kajigamori
79152	Abukumagawa
79212	Martadigrazia
79240	Rosanna
79241	Fulviobressan
79254	Tsuda
79271	Bellagio
79286	Hexiantu
79316	Huangshan
79333	Yusaku
79347	Medlov
79353	Andrewalday
79354	Brundibar
79360	Sila-Nunam
79375	Valetti
79382	Aliprandi
79410	Wallerius
79418	Zhangjiajie
79419	Gaolu
79472	Chiorny
79641	Daniloceirani
79647	Ballack
79694	Nanrendong
79810	Giancarlociani
79811	Fengzikai
79826	Finardi
79847	Colzani
79864	Pirituba
79871	Earthrise
79889	Maloka
79896	Billhaley
79900	Coreglia
79912	Terrell
79991	Umbertoleotti
79996	Vittoria
80008	Danielarhodes
80135	Zanzanini
80179	Vaclavknoll
80180	Elko
80184	Hekigoto
80451	Alwoods
80652	Albertoangela
80675	Kwentus
80801	Yiwu
80807	Jimloudon
80808	Billmason
80810	Georgewinters
80984	Santomurakami
81203	Polynesia
81790	Lewislove
81822	Jamesearly
81859	Joetaylor
81915	Hartwick
81947	Fripp
81948	Eno
81971	Turonclavere
82071	Debrecen
82092	Kalocsa
82153	Alemigliorini
82232	Heuberger
82332	Las Vegas
82346	Hakos
82361	Benitoloyola
82463	Mluigiaborsi
82464	Jaroslavbocek
82559	Emilbrezina
82638	Bottariclaudio
82656	Puskas
82896	Vaubaillon
82926	Jacquey
82927	Ferrucci
82937	Lesicki
83360	Catalina
83362	Sandukruit
83363	Yamwingwah
83464	Irishmccalla
83598	Aiweiwei
83600	Yuchunshun
83657	Albertosordi
83956	Panuzzo
83982	Crantor
84011	Jean-Claude
84012	Deluise
84015	Efthymiopoulos
84075	Peterpatricia
84095	Davidjohn
84096	Reginaldglenice
84100	Farnocchia
84118	Bracalicioci
84119	Sanitariitaliani
84120	Antonacci
84200	Robertmoore
84224	Kyte
84225	Verish
84339	Francescaballi
84340	Jos
84342	Rubensdeazevedo
84417	Ritabo
84447	Jeffkanipe
84566	VIMS
84882	Table Mountain
84884	Dorismcmillan
84902	Porrentruy
84919	Karinthy
84921	Morkolab
84926	Marywalker
84928	Oliversacks
84943	Timothylinn
84945	Solosky
84951	Kenwilson
84991	Bettyphilpotts
84994	Amysimon
84995	Zselic
84996	Hortobagy
85004	Crombie
85014	Sutter
85015	Gaskell
85030	Admetos
85047	Krakatau
85095	Hekla
85119	Hannieschaft
85121	Loehde
85158	Phyllistrapp
85168	Albertacentenary
85179	Meistereckhart
85183	Marcelayme
85185	Lederman
85190	Birgitroth
85195	von Helfta
85196	Halle
85197	Ginkgo
85198	Weltenburg
85199	Habsburg
85200	Johnhault
85214	Sommersdorf
85215	Hohenzollern
85216	Schein
85217	Bilzingsleben
85267	Taj Mahal
85293	Tengzhou
85299	Neander
85308	Atsushimori
85317	Lehar
85320	Bertram
85368	Elisabettacioni
85386	Payton
85388	Sakazukiyama
85389	Rosenauer
85400	Shiratakachu
85401	Yamatenclub
85410	Ningda
85411	Paulflora
85422	Maedanaoe
85439	Barbero
85466	Krastins
85471	Maryam
85472	Xizezong
85511	Celnik
85512	Rieugnie
85515	Annakukharskaya
85516	Vaclik
85558	Tianjinshida
85559	Villecroze
85564	Emilia
85585	Mjolnir
85728	Yangfujia
85773	Gutbezahl
85819	Massimoamato
85878	Guzik
85970	Fundacaoterra
86029	Riccardopozzobon
86043	Cevennes
86048	Saint-Tropez
86195	Cireglio
86196	Specula
86279	Brucegary
86551	Seth
87088	Joannewheeler
87097	Lomaki
87142	Delsanti
87219	Marcbernstein
87271	Kokubunji
87312	Akirasuzuki
87644	Cathomen
87933	Bernardschmitt
87954	Tomkaye
88055	Ghaf
88071	Taniguchijiro
88146	Castello
88260	Insubria
88270	Alanhoward
88292	Bora-Bora
88297	Huikilolani
88371	Ilariamazzanti
88470	Joaquinescrig
88611	Teharonhiawako
88705	Potato
88786	Thanadelthur
88795	Morvan
88874	Wongshingsheuk
88875	Posky
88878	Bowenyueli
88879	Sungjaoyiu
88906	Moutier
88961	Valpertile
89131	Phildevries
89264	Sewanee
89282	Suzieimber
89455	Metzendorf
89664	Pignata
89734	Orsoperuzzi
89735	Tommei
89739	Rampazzi
89818	Jureskvarc
89903	Post
89909	Linie
89956	Leibacher
89973	Aranyjanos
90022	Apache Point
90125	Chrissquire
90138	Diehl
90140	Gomezdonet
90226	Byronsmith
90278	Caprese
90279	Devetsil
90288	Dalleave
90308	Johney
90317	Williamcutlip
90328	Haryou
90368	Hristopavlov
90370	Jokaimor
90376	Kossuth
90377	Sedna
90383	Johnloiacono
90388	Philchristensen
90396	Franklopez
90397	Rasch
90414	Karpov
90429	Wetmore
90446	Truesdell
90447	Emans
90449	Brucestephenson
90450	Cyriltyson
90453	Shawnphillips
90455	Irenehernandez
90461	Matthewgraham
90463	Johnrichard
90471	Andrewdrake
90472	Mahabal
90479	Donalek
90480	Ulrich
90481	Wollstonecraft
90482	Orcus
90487	Witherspoon
90502	Buratti
90503	Japhethboyce
90525	Karijanberg
90526	Paullorenz
90528	Raywhite
90533	Laurentblind
90564	Markjarnyk
90568	Goibniu
90579	Gordonnelson
90672	Metrorheinneckar
90698	Kosciuszko
90703	Indulgentia
90709	Wettin
90711	Stotternheim
90712	Wittelsbach
90713	Chajnantor
90717	Flanders
90718	Castel Gandolfo
90732	Opdebeeck
90806	Rudaki
90817	Doylehall
90818	Daverichards
90820	McCann
90821	Augustsedlacek
90825	Lizhensheng
90826	Xuzhihong
90830	Beihang
90837	Raoulvalentini
90844	Todai
90875	Hoshitori
90892	Betlemska kaple
90918	Jasinski
90919	Luoliaofu
90926	Stahalik
90936	Neronet
90937	Josefdufek
90944	Pujol
90953	Hideosaitou
91001	Shanghaishida
91006	Fleming
91007	Ianfleming
91023	Lutan
91024	Szechenyi
91035	Hezehui
91199	Johngray
91212	Virgiliogonano
91213	Botchan
91214	Diclemente
91275	Billsmith
91287	Simon-Garfunkel
91333	Robertogorelli
91335	Alexandrov
91389	Davidsaewert
91395	Sakanouenokumo
91422	Giraudon
91428	Cortesi
91429	Michelebianda
91553	Claudedoom
91604	Clausmadsen
91607	Delaboudiniere
91869	Ellenjozoff
91870	Malcolmjozoff
91888	Tomskilling
91890	Kiriko Matsuri
91898	Margnetti
91907	Shiho
92097	Aidai
92209	Pingtang
92213	Kalina
92251	Kuconis
92279	Bindiluca
92297	Monrad
92300	Hagelin
92389	Gretskij
92525	Delucchi
92578	Benecchi
92579	Dwight
92585	Fumagalli
92586	Jaxonpowell
92614	Kazutami
92685	Cordellorenz
92891	Bless
92892	Robertlawrence
92893	Michaelperson
92894	Bluford
93061	Barbagallo
93102	Leroy
93164	Gordontelepun
93256	Stach
94228	Leesuikwan
94243	Miquelroser
94291	Django
94356	Naruto
94400	Hongdaeyong
94556	Janstary
94884	Takuya
95008	Ivanobertini
95016	Kimjeongho
95020	Nencini
95024	Ericaellingson
95072	CVUT
95179	Berko
95219	Borgman
95247	Schalansky
95449	Frederickgregory
95474	Andreajbarbieri
95593	Azusienis
95760	Protezionecivile
95771	Lachat
95782	Hansgraf
95783	Marceloemilio
95785	Csanyivilmos
95793	Brock
95802	Francismuir
95824	Elger
95851	Stromvil
95852	Leatherbarrow
95853	Jamescarpenter
95882	Longshaw
95895	Sebastiano
95928	Tonycook
95935	Grego
95939	Thagnesland
95951	Ernestopalomba
95954	Bayzoltan
95955	Claragianni
95959	Covadonga
95962	Copito
95980	Haroldhill
95982	Beish
96086	Toscanos
96178	Rochambeau
96189	Pygmalion
96192	Calgary
96193	Edmonton
96200	Oschin
96205	Ararat
96206	Eschenberg
96217	Gronchi
96254	Hoyo
96257	Roberto
96263	Lorettacavicchi
96268	Tomcarr
96296	Nanhangda
96327	Ullmann
96344	Scottweaver
96348	Toshiyukimariko
96506	Oberosterreich
96535	Schiehallion
96591	Emiliemartin
96612	Litipei
96623	Leani
96747	Crespodasilva
96765	Poznanuni
96876	Andreamanna
97069	Stek
97186	Tore
97268	Serafinozani
97336	Thomasafleming
97448	Bertorosco
97471	Amybrenton
97472	Hobby
97508	Bolden
97509	Pierrehaenecour
97512	Jemison
97578	Jessicabarnes
97582	Hijikawa
97631	Kentrobinson
97632	Mathewwells
97637	Blennert
97646	Karifigueroa
97677	Rachelfreed
97786	Oauam
98127	Vilgusova
98494	Marsupilami
98722	Elenaumberto
98825	Maryellen
98866	Giannabussolari
98943	Torifune
99070	Strittmatter
99193	Obsfabra
99201	Sattler
99262	Bleustein
99388	Londialdo
99389	Marconovi
99503	Leewonchul
99581	Egal
99824	Polnareff
99825	Nosworthy
99861	Tscharnuter
99862	Kenlevin
99863	Winnewisser
99891	Donwells
99905	Jeffgrossman
99906	Uofalberta
99915	Henarejos
99928	Brainard
99941	Lonniewege
99942	Apophis
99949	Miepgies
99950	Euchenor
100000	Astronautica
100007	Peters
100015	Sutcliffe
100016	Petebest
100019	Gregorianik
100027	Hannaharendt
100028	von Canstein
100029	Varnhagen
100033	Taize
100045	Kirchherr
100046	Worms
100047	Leobaeck
100049	Cesarann
100050	Carloshernandez
100051	Davidhernandez
100053	Danstinebring
100077	Tertzakian
100084	Gussmann
100122	Alpes-Maritimes
100133	Demosthenes
100229	Jeanbailly
100231	Monceau
100266	Sadamisaki
100268	Rosenthal
100292	Harmandir
100309	Misuzukaneko
100416	Syang
100417	Philipglass
100433	Hyakusyuko
100434	Jinyilian
100445	Pisa
100456	Chichen Itza
100483	NAOJ
100485	Russelldavies
100519	Bombig
100553	Dariofo
100596	Perrett
100600	Davidfosse
100604	Lundy
100641	Cledassou
100675	Chuyanakahara
100691	Hasetoshitsuka
100726	Marcoiozzi
100728	Kamenice n Lipou
100731	Ara Pacis
100732	Blankavalois
100733	Annafalcka
100734	Annasvidnicka
100735	Alpomoranska
100897	Piatra Neamt
100924	Luctuymans
100934	Marthanussbaum
100936	Mekong
100940	Maunder
101101	Carmichael
101331	Sjostrom
101383	Karloff
101432	Adamwest
101461	Dunedin
101462	Tahupotiki
101491	Grahamcrombie
101493	Sergiofoparri
101534	Carlobenna
101713	Marston
101721	Emanuelfritsch
101722	Pursell
101723	Finger
101777	Robhoskins
101781	Gojira
101810	Beiyou
101811	Jakobkaup
101813	Elizabethmarston
101902	Gisellaluccone
101955	Bennu
101960	Molau
101961	Augustklipstein
102211	Angelofaggiano
102216	Carona
102224	Raffaellolena
102234	Olivebyrne
102536	Luanenjie
102617	Allium
102619	Crespino
102621	Goshinosato
103015	Gianfrancomarcon
103016	Davidcastek
103220	Kwongchuikuen
103421	Laurmatt
103422	Laurisiren
103460	Dieterherrmann
103560	Peate
103733	Bernardharris
103734	Winstonscott
103737	Curbeam
103738	Stephaniewilson
103739	Higginbotham
103740	Budinger
103770	Wilfriedlang
103966	Luni
104020	Heilbronn
104052	Zachery
104210	Leeupton
104698	Alvindrew
104896	Schwanden
105211	Sanden
105222	Oscarsaa
105613	Odedaharonson
105675	Kamiukena
106537	McCarthy
106545	Colanduno
106817	Yubangtaek
106869	Irinyi
107052	Aquincum
107054	Daniela
107074	Ansonsylva
107223	Ripero
107379	Johnlogan
107393	Bernacca
107396	Swangin
107561	Quinn
107638	Wendyfreedman
107805	Saibi
108072	Odifreddi
108096	Melvin
108097	Satcher
108113	Maza
108140	Alir
108201	Di Blasi
108205	Baccipaolo
108382	Karencilevitz
108496	Sullenberger
108702	Michelefoparri
108720	Kamikuroiwa
108952	Ilariacinelli
108953	Pieraerts
109097	Hamuy
109330	Clemente
109435	Giraud
109573	Mishasmirnov
109712	Giger
109879	Letelier
110026	Hamill
110073	Leeonki
110074	Lamchunhei
110077	Pujiquanshan
110288	Libai
110289	Dufu
110293	Oia
110294	Victoriaharbour
110295	Elcalafate
110296	Luxor
110297	Yellowriver
110298	Deceptionisland
110299	Iceland
110300	Abusimbel
110393	Rammstein
110404	Itoemi
110405	Itoyumi
110408	Nakajima
110416	Cardille
110625	Feryalozel
110627	Psaltis
110702	Titostagno
110742	Tetuokudo
110743	Hirobumi
111468	Alba Regia
111558	Barrett
111561	Giovanniallevi
111570	Agasvar
111571	Bebevio
111594	Raktanya
111660	Jimgray
111661	Mamiegeorge
111696	Helenorman
111818	Deforest
111913	Davidgans
111933	Alphonsetardif
112233	Kammerer
112313	Larrylines
112320	Danielegardiol
112328	Klinkerfues
112337	Francescaguerra
112338	Seneseconte
112339	Pimpa
112340	Davidegaddi
112483	Missjudy
112492	Annacipriani
112527	Panarese
112656	Gines
112660	Artlucas
112797	Grantjudy
112798	Kelindsey
112900	Tonyhoffman
112947	Marinascatena
113202	Kisslaszlo
113203	Szabo
113208	Lea
113210	Petrfatka
113213	Marcoolmo
113214	Vinko
113256	Prum
113333	Tyler
113355	Gessler
113388	Davidmartinez
113390	Helvetia
113394	Niebur
113395	Curtniebur
113405	Itomori
113415	Rauracia
113461	McCay
113621	Danielafaggi
113622	Serafinacarpino
113623	Stefanovoglino
113626	Centorenazzo
113659	Faltona
113661	Augustodaolio
113671	Sacromonte
113673	Bettystrickland
113683	Robertoornella
113684	Giannagianni
113949	Bahcall
113950	Donbaldwin
113951	Artdavidsen
113952	Schramm
114022	Bizyaev
114023	Harvanek
114024	Scotkleinman
114025	Krzesinski
114026	Emalanushenko
114027	Malanushenko
114094	Irvpatterson
114096	Haroldbier
114156	Eamonlittle
114239	Bermarmi
114608	Emanuelepace
114611	Valeriobocci
114612	Sandrasavaglio
114613	Antoninobrosio
114649	Jeanneacker
114659	Sajnovics
114689	Tomstevens
114703	North Dakota
114705	Tamayo
114725	Gordonwalker
114735	Irenemagni
114738	Melissa
114739	Tripodi
114740	Luigitatto
114828	Ricoromita
114829	Chierchia
114987	Tittel
114990	Szeidl
114991	Balazs
115015	Chang Diaz
115051	Safaeinili
115058	Tassantal
115059	Nagykaroly
115210	Mutvicens
115254	Fenyi
115312	Whither
115326	Wehinger
115331	Shrylmiles
115434	Kellyfast
115449	Robson
115477	Brantanica
115492	Watonga
115561	Frankherbert
115801	Punahou
115885	Ganz
115891	Scottmichael
115950	Kocherpeter
116162	Sidneygutierrez
116166	Andremaeder
116446	McDermid
116903	Jeromeapt
116939	Jonstewart
117020	Janeconlin
117032	Davidlane
117086	Loczy
117093	Umbria
117156	Altschwendt
117240	Zhytomyr
117329	Spencer
117350	Saburo
117381	Lindaweiland
117384	Halharrison
117385	Maughan
117386	Thomasschlapkohl
117387	Javiercerna
117388	Jamiemoore
117390	Stephanegendron
117406	Blasgamez
117411	Adellehelble
117413	Ramonycajal
117430	Achosyx
117435	Severochoa
117439	Rosner
117506	Wildberg
117539	Celletti
117562	Jeffreyferguson
117563	Hollyoscarson
117565	Alanstrauss
117568	Yadame
117569	Rileyharris
117572	Hutsebaut
117581	Devinschrader
117582	Kenjikawai
117586	Twilatho
117595	Jemmadavidson
117596	Richardkuhns
117610	Keithmahoney
117614	Hannahmclain
117640	Millsellie
117652	Joseaponte
117657	Jamieelsila
117703	Ochoa
117704	Lopez-Alegria
117711	Degenfeld
117712	Podmaniczky
117713	Kovesligethy
117714	Kiskartal
117715	Carlkirby
117736	Sherrod
117757	Waltermassey
117781	Jamesfisher
117783	Indik
117852	Constance
117874	Picodelteide
117993	Zambujal
117997	Irazu
118102	Rinjani
118172	Vorgebirge
118173	Barmen
118178	Rinckart
118194	Sabinagarroni
118214	Agnesediboemia
118230	Sado
118233	Gfrancoferrini
118235	Federico
118401	LINEAR
118418	Yangmei
118554	Reedtimmer
118768	Carlosnoriega
118769	Olivas
118945	Rikhill
119195	Margaretgreer
119248	Corbally
119602	Italodimaria
119846	Goshiina
119890	Zamka
119961	Nastasi
119967	Daniellong
119993	Acaba
120038	Franlainsher
120040	Pagliarini
120074	Bass
120098	Telmopievani
120101	Aureladina
120102	Lucabenetti
120103	Dolero
120112	Elizabethacton
120120	Kankelborg
120121	Libbyadelman
120131	MAVEN
120141	Lucaslara
120153	Hoekenga
120174	Jeffjenny
120186	Suealeman
120188	Amyaqueche
120191	Tombagg
120196	Kevinballou
120208	Brentbarbee
120214	Danteberdeguez
120215	Kevinberry
120218	Richardberry
120285	Brentbos
120299	Billlynch
120308	Deebradel
120324	Falusandras
120347	Salacia
120349	Kalas
120350	Richburns
120351	Beckymasterson
120352	Gordonwong
120353	Katrinajackson
120354	Mikejones
120361	Guido
120364	Stevecooley
120367	Grabow
120368	Phillipcoulter
120372	Bridgetburns
120375	Kugel
120405	Svyatylivka
120452	Schombert
120460	Hambach
120461	Gandhi
120462	Amanohashidate
120481	Johannwalter
120569	Huangrunqian
120643	Rudimandl
120730	Zhouyouyuan
120735	Ogawakiyoshi
120741	Iijimayuichi
120942	Rendafuzhong
121001	Liangshanxichang
121007	Jiaxingnanhu
121008	Michellecrigger
121016	Christopharnold
121019	Minodamato
121022	Galliano
121032	Wadesisler
121089	Vyssi Brod
121103	Ericneilsen
121121	Koyoharugotoge
121132	Garydavis
121133	Kenflurchick
121211	Nikeshadavis
121232	Zerin
121236	Adrianagutierrez
121237	Zachdolch
121313	Tamsin
121315	Mikelentz
121327	Andreweaker
121328	Devlynrfennell
121329	Getzandanner
121330	Colbygoodloe
121331	Savannahsalazar
121332	Jasonhair
121336	Ziarnadhronom
121352	Taylorhale
121468	Msovinskihaskell
121469	Sarahaugh
121479	Hendershot
121480	Dolanhighsmith
121481	Reganhoward
121483	Griffinjayne
121486	Sarahkirby
121505	Andrewliounis
121506	Chrislorentson
121536	Brianburt
121537	Lorenzdavid
121540	Jamesmarsh
121542	Alindamashiku
121546	Straulino
121547	Fenghuotongxin
121557	Paulmason
121593	Kevinmiller
121594	Zubritsky
121608	Mikemoreau
121609	Josephnicholas
121615	Marknoteware
121631	Josephnuth
121633	Ronperison
121637	Druscillaperry
121654	Michaelpryzby
121655	Nitapszcolka
121656	Jamesrogers
121659	Blairrussell
121715	Katiesalamy
121716	Victorsank
121717	Josephschepis
121718	Ashleyscroggins
121719	Georgeshaw
121725	Aphidas
121756	Sotomejias
121817	Szatmary
121865	Dauvergne
122554	Josehernandez
122555	Aunon-Chancellor
122632	Riccioli
123120	Peternewman
123290	Manoa
123647	Tomasko
123794	Deadwood
123818	Helenzier
123852	Janboda
123860	Davederrick
124075	Ketelsen
124104	Balcony
124114	Bergersen
124143	Joseluiscorral
124192	Moletai
124368	Nickphoenix
124398	Iraklisimonia
124450	Shyamalan
124844	Hirotamasao
124845	Clinteastwood
124852	Cooper
125071	Lugosi
125076	Michelmayor
125371	Vojacek
125473	Keisaku
125476	Frangarcia
125592	Buthiers
125718	Jemasalomon
126160	Fabienkuntz
126161	Piazzano
126177	Filippofrontera
126183	Larrymitchell
126245	Kandokalman
126246	Losignore
126247	Laurafaggioli
126248	Dariooliviero
126249	Gabrielgraur
126315	Blathy
126444	Wylie
126445	Prestonreeves
126578	Suhhosoo
126748	Mariegerbet
126749	Johnjones
126780	Ivovasiljev
126888	Tspitzer
126901	Craigstevens
126905	Junetveekrem
126906	Andykulessa
126965	Neri
127005	Pratchett
127030	Herrington
127196	Hanaceplechova
127415	Annacalderara
127477	Fredalee
127515	Nitta
127516	Oravetz
127517	Kaikepan
127545	Crisman
127658	Gapers
127660	Mauroianeselli
127664	Denza
127689	Doncapone
127737	Ferretti
127803	Johnvaneepoel
127810	Michaelwright
127870	Vigo
127933	Shaunoborn
127935	Reedmckenna
127936	Maia
127955	Alexandraradu
127965	Ettorecittadini
128022	Peterantreasian
128027	Bobsandy
128036	Rafaelnadal
128038	Jimadams
128054	Eranyavneh
128062	Szrogh
128065	Bartbenjamin
128166	Carora
128177	Griffioen
128228	Williammarsh
128242	Smahel
128297	Ashlevi
128314	Coraliejackman
128315	Dereknelson
128321	Philipdumont
128323	Peterwolff
128327	Ericcarranza
128341	Dalestanbridge
128343	Brianpage
128345	Danielbamberger
128348	Jasonleonard
128372	Danielwibben
128373	Kevinjohnson
128389	Dougleland
128408	Mikehughes
128417	Chrismccaa
128426	Vekerdi
128439	Chriswaters
128474	Arbacia
128523	Johnmuir
128562	Murdin
128585	Alfredmaria
128586	Jeremias
128593	Balfourwhitney
128602	Careyparish
128604	Markfisher
128607	Richhund
128608	Chucklove
128610	Stasiahabenicht
128611	Paulnowak
128614	Juliabest
128615	Jimharris
128622	Rudis
128627	Ottmarsheim
128633	Queyras
128795	Douglaswalker
128882	Jennydebenedetti
128895	Bright Spring
128925	Conwell
129026	Conormcmenamin
129050	Lowellcogburn
129051	Chrismay
129052	Nimeshdave
129053	Derekshannon
129060	Huntskretsch
129061	Karlfortney
129063	Joshwood
129064	Jeanneladewig
129068	Alexmay
129071	Catriegle
129073	Sandyfreund
129078	Animoo
129082	Oliviabillett
129092	Snowdonia
129095	Martyschmitzer
129096	Andrewleung
129099	Spoelhof
129100	Aaronammons
129101	Geoffcollyer
129102	Charliecamarotte
129108	Kristianwaldorff
129114	Oliverwalthall
129119	Ericmuhle
129125	Chrisvoth
129137	Hippolochos
129138	Williamfrost
129146	Stevenglenn
129148	Sheilahaggard
129149	Richwitherspoon
129151	Angelaboggs
129152	Jaystpierre
129154	Georgesondecker
129158	Michaelmellman
129160	Ericpeters
129161	Mykallefevre
129165	Kevinstout
129167	Dianelambert
129172	Jodizareski
129173	Mattgoman
129176	Gerardcarter
129177	Jeanneeha
129185	Jonburroughs
129186	Joshgrindlay
129187	Danielalfred
129188	Dangallagher
129196	Mitchbeiser
129201	Brandenallen
129209	Robertburt
129214	Gordoncasto
129216	Chloecastle
129234	Silly
129259	Tapolca
129277	Jianxinchen
129307	Tomconnors
129312	Drouetdaubigny
129314	Dathongolish
129318	Sarahschlieder
129321	Tannercampbell
129324	Johnweirich
129325	Jedhancock
129327	Davehamara
129328	Loriharrison
129330	Karlharshman
129332	Markhunten
129333	Ashleylancaster
129335	Edwardlittle
129338	Andrewlowman
129342	Ependes
129452	Ashleydawn
129453	Madeleinenettie
129550	Fukuten
129555	Armazones
129561	Chuhachi
129564	Christy
129595	Vand
129743	Grimaldi
129773	Catmerrill
129801	Tommcmahon
129807	Stefanodougherty
129811	Stacyoliver
129876	Stevenpeterson
129879	Tishasaltzman
129881	Chucksee
129882	Ustica
129898	Sanfordselznick
129954	Corksauve
129955	Eriksyrstad
129962	Williamverts
129963	Marvinwalthall
129966	Michaelward
129968	Mitchwhiteley
129969	Bradwilliams
129973	Michaeldaly
129980	Catherinejohnson
129982	Jeffseabrook
129985	Jimfreemantle
129988	Camerondickinson
130006	Imranaslam
130007	Frankteti
130066	Timhaltigin
130067	Marius-Phaneuf
130069	Danielgaudreau
130071	Claudebrunet
130072	Ilincaignat
130078	Taschner
130088	Grantcunningham
130089	Saadatanwar
130090	Heatherbowles
130126	Stillmanchase
130127	Zoltanfarkas
130128	Tarafisher
130158	Orsonjohn
130161	Iankubik
130229	Igorlazbin
130249	Markminer
130283	Elizabethgraham
130314	Williamodonnell
130319	Danielpelham
130320	Maherrassas
131181	Zebrak
131186	Pauluckas
131245	Bakich
131762	Csonka
131763	Donatbanki
131764	Clauteodorescu
131765	Raphaelschneider
132005	Scottmcgregor
132329	Tomandert
132445	Gaertner
132524	APL
132661	Carlbaeker
132718	Kemeny
132719	Lambey
132741	Liliacapocaccia
132791	Jeremybauman
132792	Scottsmith
132798	Kurti
132820	Miskotte
132824	Galamb
132825	Shizu-Mao
132874	Latinovits
132903	Edgibson
132904	Notkin
133007	Audreysimmons
133008	Snedden
133009	Watters
133066	Beddingfield
133068	Lisaschulze
133074	Kenshamordola
133077	Jirsik
133142	Violapiciu
133161	Ruttkai
133243	Essen
133250	Rubik
133280	Bryleen
133293	Andrushivka
133296	Federicotosi
133404	Morogues
133432	Sarahnoble
133527	Fredearly
133528	Ceragioli
133536	Alicewhagel
133537	Mariomotta
133552	Itting-Enke
133716	Tomtourville
133726	Gateswest
133743	Robertwoodward
133744	Dellagiustina
133745	Danieldrinnon
133746	Tonyferro
133747	Robertofurfaro
133753	Teresamullen
133756	Carinajohnson
133773	Lindsaykeller
133774	Johnkidd
133782	Saraknutson
133814	Wenjengko
133832	Loveridge
133834	Erinmorton
133850	Heatherroper
133854	Wargetz
133861	Debrawilmer
133874	Jonnazucarelli
133889	Nicholasmills
133891	Jaesubhong
133892	Benkhaldoun
134003	Ingridgalinsky
134008	Davidhammond
134019	Nathanmogk
134027	Deanbooher
134028	Mikefitzgibbon
134034	Bloomenthal
134036	Austincummings
134039	Stephaniebarnes
134040	Beaubierhaus
134044	Chrisshinohara
134050	Rebeccaghent
134063	Damianhammond
134069	Miyo
134072	Sharonhooven
134081	Johnmarshall
134087	Symeonplatts
134088	Brettperkins
134091	Jaysoncowley
134092	Lindaleematthias
134099	Rexengelhardt
134105	Josephfust
134109	Britneyburch
134112	Jeremyralph
134124	Subirachs
134125	Shaundaly
134127	Basher
134130	Apaczai
134131	Skipowens
134134	Kristoferdrozd
134135	Steigerwald
134138	Laurabayley
134146	Pronoybiswas
134150	Bralower
134160	Pluis
134169	Davidcarte
134174	Jameschen
134178	Markchodas
134180	Nirajinamdar
134244	De Young
134292	Edwardhall
134329	Cycnos
134340	Pluto
134346	Pinatubo
134348	Klemperer
134369	Sahara
134402	Ieshimatoshiaki
134419	Hippothous
135041	Lorenzofranco
135069	Gagnereau
135268	Haignere
135561	Tautvaisiene
135662	Michelacastello
135695	Dragomirescu
135799	Raczmiklos
135910	Umbertorepetti
135978	Agueros
135979	Allam
135980	Scottanderson
135991	Danarmstrong
136100	Angelamisiano
136108	Haumea
136197	Johnandrews
136199	Eris
136273	Csermely
136367	Gierlinger
136432	Allenlunsford
136472	Makemake
136473	Bakosgaspar
136518	Opitz
136557	Neleus
136666	Seidel
136743	Echigo
136795	Tatsunokingo
136803	Calliemorgan
136818	Selqet
136824	Nonamikeiko
136825	Slawitschek
136848	Kevanpooler
136922	Brianbauer
137039	Lisiguang
137052	Tjelvar
137066	Gellert-hegy
137082	Maurobachini
137165	Annis
137166	Netabahcall
137217	Racah
137315	Wangshouwu
137632	Ramsauer
138016	Kerribeisser
138200	Anderswall
138221	Baldry
138445	Westenburger
138626	Tanguybertrand
138979	Cernice
139028	Haynald
139233	Henych
140038	Kurushima
140602	Berlind
140620	Raoulwallenberg
140628	Klaipeda
140980	Blanton
141128	Ghyoot
141414	Bochanski
141496	Bartkevicius
141772	Lucapeyron
141995	Rossbeyer
142014	Neirinck
142020	Xinghaishiyan
142084	Jamesdaniel
142091	Omerblaes
142106	Nengshun
142275	Simonyi
142291	Dompfaff
142368	Majden
142369	Johnhodges
142401	Simonhook
142408	Trebur
142558	Rosarno
142562	Graetz
142752	Boroski
142753	Briegel
142754	Brunner
142755	Castander
142756	Chiu
142757	Collinge
142758	Connolly
142759	Covey
142760	Csabai
142822	Czarapata
143048	Margaretpenston
143139	Kucakova
143579	Derimiksa
143622	Robertbloch
143626	Sevialdo
143641	Sapello
143750	Shyamkumar
144096	Wiesendangen
144296	Steviewonder
144303	Mirellabreschi
144333	Marcinkiewicz
144362	Swantner
144386	Emmabirath
144496	Reingard
144552	Jackiesue
144633	Georgecarroll
144692	Katemary
144716	Scotttucker
144752	Plunge
144769	Zachariassen
144907	Whitehorne
145062	Hashikami
145075	Zipernowsky
145078	Katherinejohnson
145166	Leojematt
145174	Irenejoliotcurie
145445	Le Floch
145451	Rumina
145452	Ritona
145456	Sab
145475	Rehoboth
145488	Kaczendre
145491	Larakaufmann
145523	Lulin
145534	Jhongda
145545	Wensayling
145546	Suiqizhong
145558	Raiatea
145559	Didiermuller
145562	Zurbriggen
145566	Andreasphilipp
145588	Sudongpo
145593	Xantus
145709	Rocknowar
145732	Kanmon
145768	Petiska
145782	Mattiabaraldi
145820	Valeromeo
145962	Lacchini
145966	Alessandroilari
146040	Alicebowman
146268	Jennipolakis
146442	Dwaynebrown
146921	Michaelbuckley
146985	Yakelinromero
147397	Bobhazel
147421	Gardonyi
147595	Gojkomitic
147693	Piccioni
147703	Madras
147704	Gartenberg
147736	Raxavinic
147745	Novemberkelly
147766	Elisatoffoli
147918	Chiayi
147971	Nametoko
148081	Sunjiadong
148342	Carverbierson
148384	Dalcanton
148525	Gipieroconsigli
148604	Shobbrook
148707	Dodelson
148780	Altjira
149113	Stewartbushman
149115	Lauriecantillo
149157	Stephencarr
149160	Geojih
149163	Stevenconard
149243	Dorothynorton
149244	Kriegh
149270	Andreacimatti
149528	Simonrodriguez
149573	Mamorudoi
149728	Klostermann
149831	Okeke
149865	Michelhernandez
149884	Radebeul
149951	Hildakowalski
149952	Susanhamann
149955	Maron
149968	Trondal
150035	Williamson
150046	Cynthiaconrad
150081	Steindl
150118	Petersberg
150129	Besshi
150145	Uvic
150316	Ivaniosifovich
150374	Jasoncook
150520	Dong
151242	Hajos
151349	Stanleycooper
151351	Dalleore
151362	Chenkegong
151430	Nemunas
151590	Fan
151657	Finkbeiner
151659	Egerszegi
151697	Paolobattaini
151834	Mongkut
151835	Christinarichey
151997	Bauhinia
152067	Deboy
152146	Rosenlappin
152188	Morricone
152226	Saracole
152227	Argoli
152233	Van Till
152290	Lorettaoberheim
152299	Vanautgaerden
152319	Pynchon
152320	Lichtenknecker
152336	Nicolecarr
152337	Sakeenaburson
152341	Rupesnigra
152454	Darnyi
152472	Brendle
152481	Stabia
152533	Aggas
152559	Bodelschwingh
152583	Saone
152641	Fredreed
152647	Rinako
152657	Yukifumi
152733	Vincenclesny
152750	Brloh
152830	Dinkinesh
152985	Kenkellermann
153078	Giovale
153284	Frieman
153289	Rebeccawatson
153298	Paulmyers
153301	Alissamearle
153333	Jeanhugues
153686	Pathall
154004	Haolei
154005	Hughharris
154006	Suzannehawley
154141	Kertesz
154378	Hennessy
154493	Portisch
154554	Heatherelliott
154587	Ennico
154660	Kavelaars
154714	de Schepper
154865	Stefanheutz
154902	Davidtoth
154932	Sviderskiene
154938	Besserman
154991	Vinciguerra
154997	Marstream
154998	Anneadkins
155083	Banneker
155116	Verkhivnya
155138	Pucinskas
155142	Tenagra
155215	Vamostibor
155217	Radnoti
155270	Dianawheeler
155290	Anniegrauer
155438	Velasquez
155784	Ercol
155948	Maquet
155997	Robertaciani
156542	Hogg
156580	Madach
156631	Margitan
156751	Chelseaferrell
156879	Elois
156880	Bernardtregon
156939	Odegard
156990	Claerbout
157015	Walterstraube
157020	Fertoszentmiklos
157064	Sedona
157141	Sopron
157194	Saddlemyer
157258	Leach
157271	Gurtovenko
157301	Loreena
157332	Lynette
157396	Vansevicius
157421	Carolpercy
157456	Pivatte
157473	Emuno
157491	Rudigerkollar
157494	Durham
157533	Stellamarie
157534	Siauliai
157541	Wachter
157599	Verdery
157640	Baumeler
157693	Amandamarty
157721	Kolcsey
157747	Mandryka
157825	Zejda
157894	Yasminwalter
158092	Frasercain
158222	Manicolas
158241	Yutonagatomo
158329	Stevekent
158472	Tiffanyfinley
158520	Ricardoferreira
158589	Snodgrass
158623	Perali
158657	Celian
158899	Malloryvale
158913	Kreider
159011	Radomyshl
159013	Kyleturner
159102	Sarahflanigan
159164	La Canada
159181	Berdychiv
159215	Apan
159351	Leonpascal
159409	Ratte
159629	Brunszvik
159743	Kluk
159776	Eduardorohl
159778	Bobshelton
159799	Kralice
159814	Saguaro
159826	Knapp
159827	Keithmullen
159865	Silvialonso
159902	Gladstone
159974	Badacsony
159999	Michaelgriffin
160000	Lemmon
160001	Bakonybel
160013	Elbrus
160105	Gobi
160215	Haines-Stiles
160259	Mareike
160493	Nantou
160512	Franck-Hertz
160556	Greenaugh
160575	Manuelblasco
160903	Shiokaze
161092	Zsigmond
161207	Lidz
161215	Loveday
161230	Martinbachacek
161278	Cesarmendoza
161315	de Shalit
161349	Mecsek
161371	Bertrandou
161545	Ferrando
161546	Schneeweis
161585	Danielhals
161592	Sarahhamilton
161625	Susskind
161661	Bobbyclarke
161693	Attilladanko
161699	Lisahardaway
161715	Wenchuan
161750	Garyladd
161835	Barbmcclintock
161913	Hunyadi
161962	Galchyn
161975	Kincsem
161989	Cacus
162001	Vulpius
162002	Spalatin
162011	Konnohmaru
162035	Jirotakahashi
162059	Meszaros
162158	Merrillhess
162166	Mantsch
162173	Ryugu
162395	Michaelbird
162466	Margon
162500	Silvanodelbo'
162755	Spacesora
162937	Pretre
162978	Helenhart
163119	Timmckay
163153	Takuyaonishi
163244	Matthewhill
163255	Adrianhill
163470	Kenwallis
163623	Miknaitis
163624	Moorthy
163625	Munn
163626	Glatfelter
163639	Tomnash
163640	Newberg
163641	Nichol
163693	Atira
163800	Richardnorton
163819	Teleki
164006	Thierry
164130	Jonckheere
164207	Cardea
164215	Doloreshill
164268	Hajmasi
164405	Fennell
164406	Akiyamatoshio
164518	Patoche
164536	Davehinson
164585	Oenomaos
164586	Arlette
164587	Taesch
164589	La Sagra
164676	Oliviabaraldi
164701	Horanyi
164791	Nicinski
164792	Owen
165067	Pauls
165167	Kikkawatsuneie
165192	Neugent
165347	Philplait
165574	Deidre
165612	Stackpole
165659	Michaelhicks
165694	Calosisbaragli
166028	Karikokatalin
166229	Palanga
166349	Rundell
166444	Lange
166570	Adolftrager
166614	Zsazsa
166622	Sebastien
166745	Pindor
166746	Marcpostman
166747	Gordonrichards
166748	Timrayschneider
166749	Sesar
166886	Ybl
166944	Seton
166974	Joanbinimelis
167010	Terracina
167018	Csontoscsaba
167113	Robertwick
167208	Lelekovice
167341	Borzsony
167748	Markkelly
167852	Maturana
167855	Natalinistephane
167875	Kromminga
167960	Rudzikas
167971	Carlyhowett
167976	Ormsbymitchel
168039	Eefalcoacosta
168126	Chengbruce
168203	Kereszturi
168211	Juliechapman
168221	Donjennings
168234	Hsi Ching
168261	Puglia
168321	Josephschmidt
168358	Casca
168531	Joshuakammer
168635	Davidkaufmann
168638	Waltersiegmund
168698	Robpickman
168767	Kochte
168948	Silvestri
169078	Chuckshaw
169184	Jameslee
169299	Sirko
169509	Jeffreyrobbins
169568	Baranauskas
169834	Hujie
170006	Stoughton
170007	Strateva
170008	Michaelstrauss
170009	Subbarao
170010	Szalay
170011	Szkody
170012	Anithakar
170022	Douglastucker
170023	Vogeley
170073	Ivanlinscott
170162	Nicolashayek
170193	Joanguillem
170306	Augustzatka
170395	Nicolevogt
170487	Mallder
170644	Tepliczky
170700	Marygoldaross
170879	Verbeeckje
170900	Jendrassik
170906	Coluche
170909	Bobmasterson
170910	Brandonsanderson
170927	Dgebessire
170995	Ritajoewright
171112	Sickafoose
171118	Szigetkoz
171153	Allanrahill
171171	Prior
171183	Haleakala
171195	Richardgreen
171256	Lucieconstant
171381	Taipei
171396	Miguel
171424	Rudyfernandez
171429	Hunstead
171433	Prothous
171448	Guchaohao
171458	Pepaprats
171465	Evamaria
171588	Naprstek
171624	Nicolemartin
172090	Davidmccomas
172191	Ralphmcnutt
172269	Tator
172315	Changqiaoxiaoxue
172317	Walterbos
172318	Wangshui
172425	Taliajacobi
172430	Sergiofonti
172505	Kimberlyespy
172525	Adamblock
172526	Carolinegarcia
172593	Vorosmarty
172734	Giansimon
172850	Coppens
172932	Bachleitner
172937	Pattysieck
172947	Baeyens
172951	Mehoke
172985	Ericmelin
172989	Xuliyang
172996	Stooke
173002	Dorfi
173032	Mingus
173086	Nireus
173094	Wielicki
173108	Ingola
173117	Promachus
173395	Dweinberg
173649	Jeffreymoore
173872	Andrewwest
173936	Yuribo
174281	Lonsky
174361	Rickwhite
174362	Bethwillman
174363	Donyork
174364	Zakamska
174365	Zibetti
174466	Zucker
174515	Pamelaivezic
174567	Varda
174801	Etscorn
175017	Zabori
175046	Corporon
175109	Sharickaer
175152	Marthafarkas
175166	Adirondack
175203	Kingston
175204	Gregbyrne
175208	Vorbourg
175238	Nguyenhien
175259	Offenberger
175281	Kolonics
175282	Benhida
175301	Mathur
175365	Carsac
175397	Oumousangare
175410	Tsayweanshun
175411	Yilan
175419	Albiesachs
175437	Zsivotzky
175450	Phillipklu
175451	Linchisheng
175452	Chenggong
175476	Macheret
175548	Sudzius
175562	Ajsingh
175563	Amyrose
175566	Papplaci
175567	Csadaimre
175583	Pingtung
175586	Tsou
175588	Kathrynsmith
175613	Shikoku-karst
175625	Canaryastroinst
175629	Lambertini
175633	Yaoan
175636	Zvyagel
175718	Wuzhengyi
175726	Borda
175730	Gramastetten
175736	Pierrelena
175920	Francisnimmo
176014	Vedrana
176103	Waynejohnson
176380	Goran
176532	Boskri
176610	Nunez
176710	Banff
176711	Canmore
176866	Kuropatkin
176867	Brianlee
176884	Jallynsmith
176981	Anteradonic
177065	Samuelnoah
177120	Ocampo Uria
177148	Patzold
177157	Skoffelza
177415	Queloz
177625	Dembicky
177659	Paolacel
177667	Schieven
177722	Pelletier
177770	Saulanwu
177771	Bretz
177830	Rubenhagen
177853	Lumezzane
177866	Barrau
177967	Chouchihkang
177982	Popilnia
178008	Picard
178014	Meslay
178088	Marktovey
178113	Benjamindilday
178150	Taiyuinkwei
178151	Kulangsu
178155	Kenzaarraki
178156	Borbala
178226	Rebeccalouise
178243	Schaerding
178256	Juanmi
178263	Wienphilo
178267	Sarajevo
178294	Wertheimer
178383	Teruel
178534	Mosheelitzur
178603	Pinkine
178679	Piquette
178796	Posztoczky
178803	Kristenjohnson
178830	Anne-Veronique
178987	Jillianredfern
179221	Hrvojebozic
179223	Tonytyson
179411	Draganrosa
179413	Stevekahn
179593	Penglangxiaoxue
179595	Belkovich
179647	Stuartrobbins
179678	Rietmeijer
179764	Myriamsarah
179874	Bojanvrsnak
179875	Budavari
179876	Goranpichler
179877	Pavlovski
179901	Romanbrajsa
180141	Sperauskas
180143	Gaberogers
180367	VonFeldt
180643	Cardoen
180739	Barbet
180824	Kabos
180855	Debrarose
180857	Hofigeza
180932	Luciegreen
180940	Bighornfire
181043	Anan
181136	Losonczrita
181241	Dipasquale
181249	Tkachenko
181279	Iapyx
181298	Ladanyi
181392	Katonajozsef
181419	Dragonera
181483	Ampleforth
181494	Forestale
181518	Ursulakleguin
181562	Paulrosendall
181569	Leetyphoon
181627	Philgeluck
181661	Alessandro
181670	Kengyun
181702	Forcalquier
181751	Phaenops
181824	Konigsleiten
181829	Houyunde
181872	Cathaysa
182044	Ryschkewitsch
182122	Sepan
182262	Solene
182590	Vladisvujnovic
182591	Mocescobedo
182592	Jolana
182674	Hanslmeier
182730	Muminovic
183114	Vicques
183182	Weinheim
183287	Deisenstein
183288	Eyer
183294	Langbroek
183357	Rickshelton
183403	Gal
183560	Kristan
183635	Helmi
184011	Andypuckett
184064	Miner
184096	Kazlauskas
184275	Laffra
184280	Yperion
184314	Mbabamwanawaresa
184315	Denisbogan
184318	Fosanelli
184501	Pimprenelle
184508	Courroux
184535	Audouze
184620	Pippobattaglia
184778	Kevinoberheim
184779	Bericoberheim
184784	Bettiepage
184878	Gotlib
184930	Gobbihilda
185020	Pratte
185039	Alessiapossenti
185101	Balearicuni
185150	Panevezys
185164	Ingeburgherz
185196	Vambery
185216	Gueiren
185250	Korostyshiv
185312	Yvonnemarschall
185321	Kammerlander
185325	Anupabhagwat
185364	Sunweihsin
185448	Nomentum
185484	Czochralski
185498	Majorcastroinst
185535	Gangda
185538	Fangcheng
185546	Yushan
185554	Bikushev
185560	Harrykroto
185561	Miquelsiquier
185576	Covichi
185577	Hhaihao
185578	Agustinelcasta
185579	Jorgejuan
185580	Andratx
185633	Rainbach
185636	Shiao Lin
185638	Erwinschwab
185639	Rainerkling
185640	Sunyisui
185641	Judd
185733	Luigicolzani
185744	Hogan
185757	Kareltrutnovsky
186007	Guilleminet
186142	Gillespie
186411	Margaretsimon
186832	Mosser
186835	Normanspinrad
187123	Schorderet
187125	Marxgyorgy
187276	Meistas
187283	Jeffhopkins
187410	Anitabrockie
187447	Johnmester
187514	Tainan
187531	Omorichugakkou
187636	Chungyuan
187638	Greenewalt
187669	Obastromca
187679	Folinsbee
187680	Stelck
187700	Zagreb
187707	Nandaxianlin
187709	Fengduan
187981	Soluri
188061	Loomis
188139	Stanbridge
188209	Solpera
188256	Stothoff
188446	Louischevrolet
188502	Darrellstrobel
188506	Roulet
188534	Mauna Kea
188576	Kosenda
188693	Roosevelt
188800	Emilyfurfaro
188806	Scottbednar
188808	Jessiewilde
188809	Philgroves
188816	Lajuanmoore
188822	Shoshanazweider
188847	Rhipeus
188867	Tin Ho
188894	Gerberlouis
188973	Siufaiwing
189000	Alfredkubin
189004	Capys
189011	Ogmios
189018	Guokeda
189035	Michaelsummers
189188	Floralien
189202	Calar Alto
189261	Hiroo
189264	Gerardjeong
189310	Polydamas
189312	Jameyszalay
189320	Lakitsferenc
189347	Qian
189396	Sielewicz
189398	Soemmerring
189795	McGehee
189848	Eivissa
189930	Jeanneherbert
189944	Leblanc
189945	Teddykareta
189948	Richswanson
190026	Iskorosten
190057	Nakagawa
190139	Hanskung
190283	Schielicke
190310	De Martin
190333	Jirous
190504	Hermanotto
190617	Alexandergerst
190710	Marktapley
190730	Lorenzonesi
191282	Feustel
191341	Lanczos
191494	Berndkoch
191551	Glucklich
191582	Kikadolfi
191775	Poczobut
191856	Almarivan
191857	Illeserzsebet
191910	Elizawilliams
191911	Nilerodgers
192001	Raynatedford
192155	Hargittai
192158	Christian
192178	Lijieshou
192182	Ennedi
192208	Tzu Chi
192220	Oicles
192291	Palindrome
192293	Dominikbrunner
192353	Wangdazhong
192391	Yunda
192439	Cilek
192450	Xinjiangdaxue
192609	Orlaparker
192626	Glennunderhill
192686	Aljuroma
193158	Haechan
193736	Henrythroop
193818	Polidoro
194262	Nove Zamky
194837	Paolomasetti
194970	Marai
194982	Furia
195191	Constantinetsang
195405	Lentyler
195600	Scheithauer
195657	Zhuangqining
195777	Sheepman
195853	Ouyangtianjing
195900	Rogersudbury
195998	Skipwilson
196000	Izzard
196005	Robertschiller
196035	Haraldbill
196411	Umurhan
196476	Humfernandez
196481	VATT
196540	Weinbaum
196640	Mulhacen
196736	Munkacsy
196772	Fritzleiber
196807	Beshore
196938	Delgordon
196945	Guerin
197189	Raymond
197192	Kazinczy
197196	Jamestaylor
197200	Johnmclaughlin
197525	Versteeg
197707	Paulnohr
197708	Kalipona
197845	Michaelvincent
197856	Tafelmusik
197864	Florentpagny
197870	Erkman
198110	Heathrhoades
198450	Scattolin
198592	Antbernal
198616	Lucabracali
198634	Burgaymarta
198673	Herrero
198700	Nataliegrunewald
198717	Szymczyk
198820	Iwanowska
198963	Robsnyder
198968	Sparke
198971	Whitacre
198989	Valeriethomas
198993	Epoigny
199194	Calcatreppola
199261	Cassandralejoly
199574	Webbert
199630	Szitkay
199631	Giuseppesprizzi
199632	Mahlerede
199677	Terzani
199687	Erosszsolt
199688	Kisspeter
199696	Kemenesi
199741	Weidner
199757	Shagunsingh
199763	Davidgregory
199838	Hafili
199900	Brunoganz
199950	Sierpc
199953	Mingnaiben
199986	Chervone
199991	Adriencoffinet
200000	Danielparrott
200002	Hehe
200003	Aokeda
200020	Cadi Ayyad
200025	Cloud Gate
200031	Romainmontaigut
200033	Newtaipei
200052	Sinigaglia
200069	Alastor
200234	Kumashiro
200255	Weigle
200578	Yungchuen
200750	Rix
201019	Oliverwhite
201023	Karlwhittenburg
201204	Stevewilliams
201308	Hansgrade
201372	Sheldon
201497	Marcelroche
201511	Ferreret
201751	Steinhardt
201777	Deronda
201935	Robertbraun
202092	Algirdas
202093	Jogaila
202373	Ubuntu
202505	Farhang
202599	Harkanyi
202605	Shenchunshan
202614	Kayleigh
202686	Birkfellner
202704	Utena
202736	Julietclare
202740	Vicsympho
202750	Christophertonge
202778	Dmytria
202784	Gangkeda
202787	Kestecher
202790	Babits
202806	Sierrastars
202819	Carlosanchez
202907	Meisenheimer
202909	Jakoten
202930	Ivezic
203602	Danjoyce
203773	Magyarics
203823	Zdanavicius
204370	Ferdinandvanek
204570	Veronicabray
204602	Lawrencebrown
204632	Jamesburch
204702	Pequignat
204710	Gaoxing
204711	Luojialun
204764	Lindaburke
204786	Wehlau
204805	Sipocz
204816	Andreacamilleri
204831	Levski
204836	Xiexiaosi
204839	Suzhouyuanlin
204842	Fengchia
204852	Frankfurt
204896	Giorgiobocca
205424	Bibracte
205599	Walkowicz
205698	Troiani
205823	Michaeldavis
206015	Carlengelbrecht
206185	Yip
206241	Dubois
206265	Radian
206574	Illyes
207013	Fischetti
207109	Sturmenchopf
207319	Eugenemar
207321	Crawshaw
207341	Isabelmartin
207385	Maxou
207394	Rickfitzgerald
207420	Jehin
207481	Kekes
207504	Markusovszky
207547	Charito
207563	Toscana
207585	Lubar
207603	Liuchaohan
207653	Anatolymokrenko
207655	Kerboguan
207657	Mangiantini
207661	Hehuanshan
207666	Habibula
207681	Caiqiao
207687	Senckenberg
207695	Olgakopyl
207715	Muqinshuijiao
207716	Wangxichan
207717	Sa'a
207723	Jiansanjiang
207754	Stathiskafalis
207763	Oberursel
207809	Wuzuze
207883	Jeffreytonge
207899	Grinmalia
207901	Tzecmaun
207931	Weihai
208117	Davidgerdes
208196	Matthiashahn
208351	Sielmann
208425	Zehavi
208499	Shokasonjuku
208663	Xuxiyuan
208664	Koojunyup
208915	Andrewashcraft
208916	Robertcaldwell
208917	Traviscarter
208996	Achlys
209054	Lombkato
209075	Kathleenharmon
209083	Rioja
209089	Csepevaleria
209107	Safranek
209148	Dustindeford
209149	Chrismackenzie
209206	Richardhenry
209209	Ericmarsh
209255	Myotragus
209374	Sabil
209540	Siurana
209552	Isaacroberts
209791	Tokaj
209883	Jasonhofgartner
210030	Taoyuan
210032	Enricocastellani
210035	Jungli
210070	Robertcapa
210107	Pistoletto
210147	Zalgiris
210174	Vossenkuhl
210182	Mazzini
210210	Songjian
210213	Hasler-Gloor
210230	Linyuanpei
210231	Wangdemin
210232	Zhangjinqiu
210245	Castets
210271	Samarkand
210290	Borsellino
210292	Mayongsheng
210294	Vidal
210345	Barbon
210350	Mariolisa
210414	Gebartolomei
210421	Freundtamas
210425	Imogene
210432	Dietmarhopp
210433	Ullithiele
210434	Fungyuancheng
210435	Pollackmihaly
210444	Frithjof
210532	Grantmckee
210533	Seanmisner
210686	Scottnorris
210854	Stevejaskulek
210874	Perijohnson
210939	Bodok
210983	Wadeparker
210997	Guenat
211021	Johnpercin
211077	Hongkang
211106	Francinewetzel
211172	Tarantola
211232	Kellykevin
211343	Dieterhusar
211374	Anthonyrose
211375	Jessesteed
211376	Joethurston
211377	Travisturbyfill
211378	Williamwarneke
211379	Claytonwhitted
211380	Kevinwoyjeck
211381	Garretzuppiger
211473	Herin
211613	Christophelovis
211977	Springob
212073	Carlzimmer
212121	Marthegautier
212176	Fabriziospaziani
212215	Mallorykinczyk
212373	Pietrocascella
212374	Vellerat
212392	Peterkollmann
212403	Marthakusterer
212465	Goroshky
212500	Robertojoppolo
212501	Deniserichards
212587	Bartasiute
212606	Janulis
212631	Hsinchu
212692	Lazauskaite
212705	Friul
212723	Klitschko
212795	Fangjiancheng
212796	Guoyonghuai
212797	Lipei
212924	Yurishevchuk
212929	Satovski
212977	Birute
212981	Majalitovic
212991	Garcialorca
212998	Tolbachik
213197	Lessac-Chenen
213255	Kimiyayui
213269	Angelbarbero
213629	Binford
213636	Gajdos
213637	Lemarchal
213770	Fignon
213771	Johndee
213772	Blaheta
213775	Zdenekdostal
213800	Stefanwul
214081	Balavoine
214136	Alinghi
214180	Mabaglioni
214290	Leeannmarshall
214378	Kleinmann
214432	Belprahon
214474	Long Island
214475	Chrisbayus
214476	Stephencolbert
214485	Dupouy
214487	Baranivka
214558	Koranyi
214678	Slavenas
214715	Silvanofuso
214719	Louges
214772	UNICEF
214819	Gianotti
214820	Faustocoppi
214863	Seiradakis
214883	Yuanxikun
214911	Viehbock
214928	Carrara
214953	Giugavazzi
215016	Catherinegriffin
215021	Fanjingshan
215023	Huangjiqing
215044	Joaoalves
215080	Kaohsiung
215089	Hermanfrid
215423	Winnecke
215458	Yucun
215463	Jobse
215592	Normarose
215685	Cherylalexander
215809	Hugoschwarz
215841	Cimelice
215868	Rohrer
215884	Jayantmurthy
215886	Barryarnold
215905	Andrewpoppe
215970	Campidoglio
216164	Simonkrughoff
216194	Ujvarosy
216241	Renzopiano
216261	Mapihsia
216295	Menorca
216319	Sanxia
216331	Panjunhua
216343	Wenchang
216345	Savigliano
216368	Hypnomys
216390	Binnig
216428	Mauricio
216433	Milianleo
216439	Lyubertsy
216446	Nanshida
216451	Irsha
216462	Polyphontes
216591	Coetzee
216624	Kaufer
216752	Kirbyrunyon
216757	Vasari
216780	Lilianne
216808	Tolmargyula
216888	Sankovich
216893	Navina
216897	Golubev
216910	Vnukov
217124	Michaelsalinas
217257	Valemangano
217366	Mayalin
217398	Tihany
217420	Olevsk
217472	Addams
217492	Howardtaylor
217510	Dewaldroode
217576	Klausbirkner
217603	Grove Creek
217628	Lugh
217726	Kitabeppu
218069	Lisaturner
218087	Kaniansky
218097	Maoxianxin
218268	Pierremariepele
218274	Albertferenc
218400	Marquardt
218570	Jonvandegriff
218636	Calabria
218679	Sagamorehill
218692	Leesnyder
218752	Tentlingen
218866	Alexantioch
218900	Gabybuchholz
218901	Gerdbuchholz
218914	Tangauchin
218987	Heidenhain
218998	Navi
219008	Igazantal
219067	Bossuet
219286	Helenewinters
219861	Robertdecker
219983	Yangtongyu
220229	Hegedus
220331	Stevenarnold
220346	Nedabehrooz
220418	Golovyno
220444	Pontusbrandt
220495	Margarethe
220736	Niihama
220886	Lauren-Yuill
221019	Raine
221026	Jeancoester
221073	Ovruch
221149	Cindyfoote
221150	Jerryfoote
221230	Sanaloria
221454	Mayerlambert
221465	Rapa Nui
221516	Bergen-Enkheim
221528	Kosztolanyi
221529	Tamkosirato
221566	Omarcustodio
221628	Hyatt
221673	Duschl
221698	Juliusolsen
221712	Moleson
221769	Cima Rest
221853	Gabrisgyula
221908	Agastrophus
221917	Opites
221923	Jayeff
222032	Lupton
222403	Bethchristie
222812	Priyadharmavaram
222903	Rajanidhingra
223263	Cheikhoumardia
223278	Brianduncan
223339	Gregdunn
223360	Svankmajer
223566	Petignat
223633	Rosnyaine
223685	Hartopp
223877	Kutler
223879	Anthonyegan
223912	Jacobeisig
223950	Mississauga
224027	Gregoire
224067	Colemila
224206	Pietchisson
224591	Fattig
224592	Carnac
224617	Micromegas
224693	Morganfreeman
224831	Neeffisis
224858	Kunmaria
224888	Cochingchu
224962	Michaelgrunewald
225033	Maskoliunas
225076	Vallemare
225088	Gonggong
225096	Kovacsgeza
225225	Ninagrunewald
225231	Orhazoltan
225232	Kircheva
225238	Hristobotev
225239	Ruthproell
225250	Georgfranziska
225254	Flury
225276	Leitos
225277	Stino
225321	Stevenkoenig
225438	Jacobfirer
225711	Danyzy
225991	Francoisforget
226356	Madelinefosbury
226672	Kucinskas
226858	Ivanpuluj
226861	Elimaor
227033	Adamjmckay
227065	Romandia
227147	Coggiajerome
227151	Desargues
227152	Zupi
227218	Renyi
227310	Scottkardel
227326	Narodychi
227427	Williamwren
227641	Nothomb
227711	Dailyminorplanet
227767	Enkibilal
227770	Wischnewski
227928	Ludoferriere
227930	Athos
227962	Aramis
227997	NIGLAS
228029	MANIAC
228078	Cavalloni
228110	Eudorus
228133	Ripoll
228135	Sodnik
228136	Billary
228147	Miquelbarcelo
228158	Mamankei
228165	Mezentsev
228180	Puertollano
228409	Bobjensen
228633	Stevegribbin
228883	Cliffsimak
228893	Gerevich
228980	Robertstrain
229004	Josephhall
229214	Magdasaina
229255	Andrewelliott
229280	Sica
229425	Grosspointner
229440	Filimon
229614	Womack
229631	Cluny
229723	Marcoludwig
229737	Porthos
229777	ENIAC
229781	Arthurmcdonald
229836	Wladimarinello
229864	Sichouzhilu
229900	Emmagreaves
230151	Vachier
230155	Francksallet
230415	Matthiasjung
230434	Johnhanley
230631	Justino
230648	Zikmund
230656	Kovacspal
230667	Janmlynar
230691	Van Vogt
230728	Tedstryk
230736	Jalyhome
230759	Anishahosadurga
230765	Alfbester
230975	Rogerfederer
231040	Kakaras
231042	Johnhayes
231265	Saulperlmutter
231278	Karpati
231307	Peterfalk
231346	Taofanlin
231368	Hunfalvy
231379	Jonhandiboe
231446	Dayao
231470	Bedding
231486	Capefearrock
231555	Christianeurda
231571	Tubolyvince
231609	Sarcander
231649	Korotkiy
231666	Aisymnos
231675	Amandastadermann
231832	Briankeeney
231841	Danielkatz
231842	Graemekeleher
231969	Sebvauclair
232233	Taihu
232259	Georgelawrence
232306	Bekuska
232363	Jeanettethorn
232409	Dubes
232553	Randypeterson
232763	Eliewiesel
232868	Salmasylla
232923	Adalovelace
232949	Muhina
233214	Gailoxton
233292	Brianschmidt
233383	Assisneto
233459	Gregquicke
233472	Moorcroft
233486	Thankaroly
233488	Cosandey
233522	Moye
233544	Jinyaqiu
233547	Luxun
233559	Pizzetti
233653	Rether
233661	Alytus
233707	Alfons
233880	Urbanpriol
233893	Honthyhanna
233943	Falera
233967	Vierkant
234026	Unioneastrofili
234292	Wolfganghansch
234294	Pappsandor
234750	Amymainzer
234761	Rainerkracht
234923	Bonnell
235027	Pommard
235145	Ericquirico
235201	Lorantffy
235403	Alysenregiec
235615	Rosromkondratyuk
235621	Kratochvile
235750	Leahroberson
235837	Iota
235852	Theogeuens
235985	Dougrodgers
235990	Laennec
235999	Bucciantini
236111	Wolfgangbuttner
236129	Oysterbay
236170	Cholnoky
236232	Joshalbers
236305	Adamriess
236307	Berzsenyi
236463	Bretecher
236484	Luchijen
236616	Gray
236617	Loriglaze
236683	Hujingyao
236728	Leandri
236743	Zhejiangdaxue
236746	Chareslindos
236784	Livorno
236785	Hilendarski
236788	Nanxinda
236800	Broder
236810	Rutten
236811	Natascharenate
236845	Houxianglin
236851	Chenchikwan
236909	Jakoberwin
236984	Astier
236987	Deustua
236988	Robberto
237164	Keelung
237187	Zhonglihe
237265	Golobokov
237276	Nakama
237277	Nevaruth
237397	Mccauleyrench
237693	Anakovacicek
237845	Neris
238129	Bernardwolfe
238593	Paysdegex
238710	Halassy
238771	Juhaszbalazs
238817	Titeuf
239046	Judysyd
239071	Penghu
239105	Marcocattaneo
239126	Tommygreathouse
239200	Luoyang
239203	Simeon
239254	Gabbigriffith
239282	Kevinmccarron
239307	Kruchynenko
239593	Tianwenbang
239611	Likwohting
239645	Shandongas
239672	SOFIA
239675	Mottez
239716	Felixbaumgartner
239792	Hankakovacova
239890	Edudeldon
240021	Radzo
240022	Demitra
240364	Kozmutza
240381	Emilchyne
240697	Gemenc
240725	Scipioni
240757	Farkasberci
240871	MOSS
241090	Nemet
241113	Zhongda
241136	Sandstede
241153	Omegagigia
241192	Pulyny
241276	Guntramlampert
241362	Nesiotites
241363	Erdibalint
241364	Reneangelil
241368	Hildjozsef
241373	Richardmoissl
241418	Darmstadt
241442	Shandongkexie
241475	Martinagedeck
241509	Sessler
241527	Edwardwright
241528	Tubman
241529	Roccutri
241538	Chudniv
242235	Marieskalova
242321	Billtilden
242479	Marijampole
242492	Fantomas
242516	Lindseystirling
242523	Kreszgeza
242529	Hilaomar
242648	Fribourg
242830	Richardwessling
243000	Katysirles
243002	Lemmy
243073	Freistetter
243094	Dirlewanger
243096	Klauswerner
243097	Batavia
243109	Hansludwig
243204	Kubanchoria
243262	Korkosz
243285	Fauvaud
243320	Jackuipers
243381	Alessio
243440	Colonia
243458	Bubulina
243491	Muhlviertel
243516	Marklarsen
243526	Russwalker
243529	Petereisenhardt
243536	Mannheim
243546	Fengchuanliu
243591	Ignacostantino
243637	Frosinone
244888	Bunton
244932	Melies
245158	Thomasandrews
245417	Rostand
245877	Kvassay
245890	Krynychenka
245943	Davidjoseph
245983	Machholz
246132	Lugyny
246153	Waltermaria
246164	Zdvyzhensk
246167	Joskohn
246171	Konrad
246238	Crampton
246247	Sheldoncooper
246345	Carolharris
246504	Hualien
246643	Miaoli
246759	Elviracheca
246789	Pattinson
246803	Martinezpatrick
246821	Satyarthi
246837	Bethfabinsky
246841	Williamirace
246842	Dutchstapelbroek
246861	Johnelwell
246913	Slocum
247341	Shaulladany
247542	Ripplronai
247553	Berndpauli
247652	Hajossy
247821	Coignet
248183	Peisandros
248262	Liuxiaobo
248321	Cester
248388	Namtso
248717	Odryarpad
248750	Asteroidday
248839	Mazeikiai
248866	Margherita
248908	Ginostrada
248970	Giannimorandi
248993	Jonava
249010	Abdel-Samad
249044	Barrymarshall
249061	Antonyberger
249160	Urriellu
249300	Karenmortfield
249302	Ajoie
249514	Donaldroyer
249515	Heinrichsen
249516	Aretha
249519	Whitneyclavin
249520	Luppino
249521	Truth
249522	Johndailey
249523	Friedan
249530	Ericrice
249539	Pedrosevilla
249540	Eugeniescott
249541	Steinem
249544	Ianmclean
249823	Delmarbarker
250164	Hannsruder
250354	Lewicdeparis
250370	Obertocitterio
250374	Jirovec
250526	Steinerzsuzsanna
250606	Bichat
250719	Jurajbardy
250774	Syosset
250840	Motorhead
250955	Sorena
251001	Sluch
251014	Bejczyantal
251015	Gregusspal
251018	Liubirena
251325	Leopoldjosefine
251449	Olexakorol'
251485	Bois-d'Amont
251512	Jacobcollier
251595	Rudolfbottger
251619	Ravenna
251621	Luthen
251625	Timconrow
251627	Joyceearl
251642	Leonardodicaprio
252470	Puigmarti
252794	Maironis
253412	Raskaylea
253536	Tymchenko
253587	Cloutier
254000	Johncryan
254299	Shambleau
254422	Henrykent
254749	Kurosawa
254846	Csontvary
254863	Robinwarren
254876	Strommer
255019	Fleurmaxwell
255073	Victoriabond
255257	Mechwart
255261	Kubovics
255308	Christianzuber
255587	Gardenia
255598	Paullauterbur
255703	Stetson
255940	Maylis
255989	Dengyushian
256369	Vilain
256374	Danielpequignot
256537	Zahn
256547	Davidesmith
256697	Nahapetov
256698	Zhuzhixin
256699	Poudai
256795	Suzyzahn
256796	Almanzor
256797	Benbow
256813	Marburg
256892	Wutayou
257005	Arpadpal
257084	Joanalcover
257211	Kulizoli
257212	Rozsahegyi
257234	Guntherkurtze
257248	Chouchiehlun
257261	Ovechkin
257296	Jessicaamy
257336	Noeliasanchez
257371	Miguelbello
257439	Peppeprosperini
257515	Zapperudi
257533	Iquique
258323	Robertbarsa
259344	Pare
259387	Atauta
259905	Vougeot
260098	Staargyula
260235	Attwood
260366	Quanah
260508	Alagna
260601	Wesselenyi
260676	Evethuriere
260724	Malherbe
260824	Hermanus
260886	Henritudor
260906	Robichon
261107	Cameroncasimir
261108	Obanhelian
261109	Annie
261110	Neoma
261291	Fucecchio
261690	Jodorowsky
261930	Moorhead
261936	Liulin
262106	Margaretryan
262284	Kanisauskas
262295	Jeffrich
262418	Samofalov
262419	Suzaka
262536	Nowikow
262705	Vosne-Romanee
262825	Dianearbus
262876	Davidlynch
262972	Petermansfield
263251	Pandabear
263255	Jultayu
263349	Ivanslyota
263516	Alexescu
263613	Enol
263844	Johnfarrell
263906	Yuanfengfang
263932	Speyer
263940	Malyshkina
264020	Stuttgart
264033	Boris-Mikhail
264045	Heinerklinkrad
264061	Vitebsk
264068	Gudzineviciute
264077	Dluzhnevskaya
264119	Georgeorton
264131	Bornim
264150	Dolops
264165	Poehler
264474	Rogerclark
264476	Aepic
265059	Bajorgizi
265380	Terzan
265490	Szabados
265594	Keletiagnes
265924	Franceclemente
266051	Hannawieser
266081	Villyket
266286	Bodenmuller
266465	Andalucia
266622	Malna
266646	Zaphod
266710	Pedrettiadriana
266711	Tuttlingen
266725	Vonputtkamer
266854	Sezenaksu
266887	Wolfgangries
266921	Culhane
266983	Josepbosch
267003	Burkert
267017	Yangzhifa
267585	Popluhar
268057	Michaelkaschke
268115	Williamalbrecht
268242	Pebble
268669	Bunun
268686	Elenaaprile
269232	Tahin
269243	Charbonnel
269245	Catastini
269251	Kolomna
269252	Bogdanstupka
269300	Diego
269323	Madisonvillehigh
269390	Igortkachenko
269484	Marcia
269485	Bisikalo
269548	Fratyu
269550	Chur
269567	Bakhtinov
269589	Kryachko
269742	Kroonorbert
269762	Nocentini
270373	William
270374	Paolomanente
270472	Csorgei
270553	Loureed
270556	Kolonica
270558	Nemiroff
270584	Vlasta
270588	Laurieanderson
270601	Frauenstein
270725	Evka
270903	Pakstiene
270984	Dikschmidt
271009	Reitterferenc
271216	Boblambert
271235	Bellay
271763	Hebrewu
272209	Corsica
272746	Paoladiomede
273230	de Bruyn
273262	Cottam
273273	Piwowarski
273412	Eduardomissoni
273836	Hoijyusek
273936	Tangjingchuan
273987	Greggwade
273994	Cinqueterre
274020	Skywalker
274021	Monikapoeller
274084	Baldone
274137	Angelaglinos
274213	Satriani
274246	Reggiacaserta
274264	Piccolomini
274290	Lechnerodon
274300	UNESCO
274301	Wikipedia
274302	Abahazi
274333	Voznyukigor
274334	Kyivplaniy
274472	Pieta
274810	Fedaksari
274835	Aachen
274843	Mykhailopetrenko
274856	Rosendosalvado
274860	Emilylakdawalla
274928	von Weinberg
274981	Petrsu
275106	Sarahdubeyjames
275215	Didiermarouani
275225	Kotarbinski
275264	Krisztike
275281	Amywalsh
275786	Bouley
275962	Chalverat
276163	Tafreshi
276389	Winkel
276568	Joestubler
276681	Loremaes
276781	Montchaibeux
276975	Heller
277106	Forgo
277118	Zaandam
277816	Varese
277883	Basu
278141	Tatooine
278197	Touvron
278200	Olegpopov
278225	Didierpelat
278384	Mudanjiang
278386	Sofivanna
278447	Saviano
278513	Schwope
278591	Salo
278609	Avrudenko
278640	Elenacerniene
278645	Kontsevych
278690	Rockenbauer
278735	Kamioka
278956	Shei-Pa
278986	Chenshuchu
279035	Mara
279037	Utezimmer
279119	Khamatova
279226	Demisroussos
279274	Shurpakov
279377	Lechmankiewicz
279397	Dombeck
279410	McCallon
279723	Wittenberg
280244	Ati
280640	Ruetsch
280641	Edosara
280642	Doubs
280652	Aimaku
280686	Jasevicius
280924	Eurypterus
281007	Oliviaperrotto
281067	Barmby
281068	Chipolin
281105	Dionneross
281140	Trier
281247	Egryjozsef
281272	Arnaudleroy
281445	Scotthowe
281459	Kyrylenko
281507	Johnellen
281561	Taitung
281564	Fuhsiehhai
281569	Taea
281661	Michaelsiems
281764	Schwetzingen
281772	Matttaylor
281820	Monnaves
281880	Wuweiren
282034	Torinodisangro
282630	Caroljones
282669	Erguel
282897	Kaltenbrunner
282903	Masada
283057	Casteldipiazza
283117	Bonn
283141	Dittsche
283142	Weena
283277	Faber
283279	Qianweichang
283455	Philipkrider
283461	Leacipaola
283786	Rutebeuf
283990	Randallrosenfeld
284029	Esplugafrancoli
284054	Keeling
284357	Semseyandor
284891	Kona
284919	Kacar
284945	Saint-Imier
284984	Ikaunieks
284996	Rosaparks
285937	Anthonytaylor
286162	Tatarka
286163	Begeni
286693	Kodaitis
286841	Annemieke
286842	Joris
287347	Mezes
287374	Vreeland
287432	Bril
287433	de Groot
287693	Hugonnaivilma
287711	Filotaslili
287787	Karady
287829	Juancarlos
287875	Pavlokorsun
288478	Fahlman
288615	Tempesti
288959	Birzai
288960	Steponasdarius
288961	Stasysgirenas
289020	Ukmerge
289021	Juzeliunas
289085	Andreweil
289116	Zurbuchen
289121	Druskininkai
289314	Chisholm
289586	Shackleton
289587	Chantdugros
289600	Tastevin
289608	Wanli
289992	Onfray
290001	Uebersax
290074	Donasadock
290127	Linakostenko
290129	Ratzlaszlo
290156	Houde
290180	Pattiekletter
290181	Sigut
291325	de Tyard
291387	Katiebouman
291633	Heyun
291824	Cami
291847	Ladoix
291849	Orchestralondon
291855	Calabrocorrado
291921	Rott
291923	Kuzmaskryabin
292051	Bohlender
292159	Jongoldstein
292160	Davefask
292352	Nicolinha
292459	Antoniolasciac
292490	Sienkiewicz
292856	Peeters
292872	Anoushankar
292991	Lyonne
293131	Meteora
293366	Roux
293383	Maigret
293477	Teotihuacan
293499	Wolinski
293707	Govoradloanatoly
293787	Mucunbo
293809	Zugspitze
293878	Tapping
293909	Matterhorn
293926	Harrystine
293934	MPIA
293985	Franquin
294077	Ingridsteeger
294295	Brodardmarc
294296	Efeso
294402	Joeorr
294595	Shingareva
294600	Abedinabedin
294664	Trakai
294727	Dennisritchie
294814	Nataliakidalova
295299	Nannidiana
295471	Herbertnitsch
295472	Puy
295473	Cochard
295492	Adrianprakhov
295565	Hannover
295841	Gorbulin
295935	Majia
296351	Linyongbin
296446	Gregorstadler
296462	Corylachlan
296525	Milanovskiy
296577	Arkhangelsk
296587	Ocana
296638	Sergeibelov
296753	Mustafamahmoud
296819	Artesian
296820	Paju
296905	Korochantsev
296907	Alexander
296928	Francescopalla
296930	McLaren
296945	Ronaldlaub
296950	Robertbauer
296968	Ignatianum
296987	Piotrflin
297005	Ellirichter
297026	Corton
297082	Bygott
297161	Subuchin
297314	Ilterracottaio
297409	Mallgan
298232	Ericlimburg
298762	Sarahgallagher
298877	Michaelreynolds
299020	Chennaoui
299134	Moggicecchi
299362	Marthacole
299518	Metchev
299631	Kayliegreen
299755	Ericmontellese
299756	Kerryaileen
299777	Tanyastreeter
299785	Alexeymolchanov
299792	Celeritas
299897	Skipitis
300082	Moyocoanno
300124	Alessiazecchini
300128	Panditjasraj
300150	Lantan
300221	Brucebills
300226	Francocanepari
300286	Zintun
300334	Antonalexander
300634	Chuwenshin
300854	Changyuin
300892	Taichung
300909	Kenthompson
300928	Uderzo
300932	Kyslyuk
300933	Teresamarion
301021	Sofiarodriguez
301061	Egelsbach
301128	Fredericpont
301153	Jinan
301263	Anitaheward
301394	Bensheim
301413	Rogerfux
301511	Hubinon
301522	Chaykin
301552	Alimenti
301553	Ninaglebova
301566	Melissajane
301622	Chastel
301623	Wynn-Williams
301638	Kressin
301794	Antoninkapustin
301946	Bugyi
301949	Hambalek
302542	Tilmann
302652	Hauke
302849	Richardboyle
302932	Francoballoni
303265	Littmann
303546	Bourbaki
303648	Mikszath
303710	Velpeau
303909	Tomknops
304122	Ameliawehlau
304233	Majaess
304273	Seancarey
304368	Moricz
304557	Welling
304788	Cresques
304813	Cesarina
304826	Kini
304908	Steveoda
305181	Donelaitis
305238	Maxuehui
305254	Moron
305263	Krasznahorkai
305264	Tarrbela
305287	Olegyankov
305344	Williamcolgrove
305660	Romyhaag
305661	Joejackson
305776	Susinnogabriele
305953	Josiedubey
306001	Joanllaneras
306019	Duren
306020	Kormilov
306128	Pipher
306257	Janethunten
306367	Nut
306386	Carlofavetti
306479	Tyburhoe
307261	Mani
308197	Satrapi
308306	Dainere
308680	McLennan
308753	Daniellezemp
308798	Teo
308825	Siksika
308856	Daniket
308934	Merkine
309206	Mazvydas
309227	Tsukiko
309295	Hourenzhi
309426	Guidoschwarz
309704	Baruffetti
309706	Avila
309917	Sefyani
310025	Marcuscooper
310120	Mullaney
310222	Vasipetropoulou
310273	Paulsmeyers
310652	Hansjorgdittus
311119	Pacner
311231	Anuradhapura
311604	Axelmurk
311785	Erwanmazarico
311786	Mykolaleontovych
311957	Barryalbright
312001	Siobhanhaughey
312627	Brigitteyague
312676	Posner
313116	Palvenetianer
313384	Holetschek
313892	Furnish
313921	Daassou
314040	Tavannes
314082	Dryope
314159	Mattparker
314163	Kittenberger
314650	Neilnorman
314703	Davidflynn
314808	Martindutertre
314988	Sireland
315012	Hutchings
315046	Gianniferrari
315088	Daniels
315166	Pawelmaksym
315174	Sellek
315186	Schade
315218	La Boetie
315276	Yurigradovsky
315493	Zimin
315529	Claudinefrieden
315577	Carmenchu
315579	Vandersyppe
315941	Elenagomez
316010	Daviddubey
316020	Linshuhow
316028	Patrickwils
316039	Breizh
316042	Tilofranz
316080	Boni
316084	Mykolapokropyvny
316138	Giorgione
316186	Kathrynjoyce
316201	Malala
316202	Johnfowler
316450	Changhsiangtung
316527	Jurgenoberst
316741	Janefletcher
317000	Simonepastore
317452	Wurukang
317715	Guydetienne
317809	Marot
317917	Jodelle
318412	Tramelan
318547	Fidrich
318676	Bellelay
318682	Carpaccio
318694	Keszthelyi
318698	Barthalajos
318723	Bialas
318794	Uglia
319009	Kudirka
319090	Barbarahillary
319227	Erichbar
319601	Silute
319636	Dziewulski
319651	Topografo
320065	Erbaghjolu
320153	Eglitis
320260	Bertout
320541	Asiaa
320790	Anestin
320880	Cabu
320942	Jeanette-Jesse
321024	Gijon
321045	Kretinga
321046	Klushantsev
321131	Alishan
321197	Qingdao
321324	Vytautas
321357	Mirzakhani
321405	Ingehorst
321453	Alexmarieann
321480	Juanluiscano
321484	Marsaalam
321485	Cross
321577	Keanureeves
321673	Huber
321802	Malaspina
322390	Planes de Son
322510	Heinrichgruber
322539	Telsiai
322574	Werckmeister
322577	Stephanhellmich
322912	Jedlik
323552	Trudybell
324417	Kaisiadorys
324787	Wlodarczyk
324925	Vivantdenon
325136	Zhongnanshan
325366	Asturias
325368	Ihorhuk
325369	Shishilov
325436	Khlebov
325455	Della Valle
325462	Felanitx
325476	Carlomarchioro
325558	Guyane
325588	Bridzius
325731	Maalin
325812	Zouchenglu
325973	Cardinal
326164	Miketoomey
326290	Akhenaten
326732	Nice
327030	Alanmaclure
327082	Tournesol
327421	Yanamandra
327512	Biro
327632	Ferrarini
327695	Yokoono
327943	Xavierbarcons
327977	Skarga
327982	Balducci
327989	Howieglatter
328305	Jackmcdevitt
328432	Thomasposch
328477	Eckstein
328509	Kostyahrubych
328563	Mosplanetarium
328677	Stofan
328870	Danabarbato
329008	Frankbeaurepaire
329018	Neufeld
329025	Annekathrin
329069	Russellporter
329935	Prevot
330420	Tomroman
330440	Davinadon
330455	Anbrysse
330634	Boico
330640	Yangxuejun
330712	Rhodescolossus
330836	Orius
330856	Ernsthelene
330934	Natevanwey
331011	Peccioli
331105	Giselher
331298	Eunicefoote
331316	Cavedon
331341	Frankscholten
331371	Jockers
331605	Guidogryseels
331785	Sumners
331992	Chasseral
332084	Vasyakulbeda
332183	Jaroussky
332324	Bobmcdonald
332326	Aresi
332530	Canders
332632	Pharos
332706	Karlheidlas
332733	Drolshagen
332884	Arianagrande
332991	Tammybecker
333001	Calloway
333003	Espiritu
333005	Haberle
333018	Devin
333029	Sallitt
333033	Yutakahashi
333035	Pelgrift
333036	Sahr
333040	Dalehowell
333043	Courtneymario
333050	Olds
333052	Skeen
333054	Bloomquist
333055	Liang
333056	Bellamy
333057	Bowles
333059	Audi
333061	Joshuanelson
333065	Zeszut
333076	Claudiamanzoni
333079	Keara
333081	Cutts
333089	Dean
333096	Brittanyenos
333097	Andrewgardner
333101	Lovelace
333106	Lujan
333107	McDonough
333110	Lupe
333119	Sharonhelms
333120	Blum
333125	Maestas
333134	Alexandrahilbert
333138	Bellabrodbeck
333139	Deguzman
333146	Austin
333157	Buck
333166	Brennen
333171	Chris
333172	Danielellis
333175	Jaen
333176	Sierragonzales
333178	Sivaperuman
333183	Harishswabhash
333184	Craft
333190	Matthewjones
333195	Norberto
333205	Nair
333207	Liliannguyen
333210	Lunning
333219	Rogerharrington
333224	Alanarosejohnson
333228	Mollywasser
333230	Simkus
333233	Duda
333234	Michaelstarobin
333241	Chugg
333242	Ericthomasparker
333245	Peachey
333251	Jamesroberts
333253	Steele
333255	Mayorga
333259	Wayland
333264	Gabriel
333267	Shekhtman
333268	Fredseguin
333288	Markperry
333373	Grahammiller
333384	Huikang
333487	De Rose
333490	Klaus
333502	Candelaria
333506	Falkenstern
333508	Voiture
333511	Paulfleming
333514	Kallemeyn
333531	Prestonsherman
333536	Faelan
333539	Rayfranco
333541	Roissier
333544	Dubisher
333545	Sarasanders
333546	Perkins
333551	Albaugh
333553	Salvador
333561	Plummer
333565	Rani
333571	Hanish
333579	Rachelfunk
333586	Melissarodriguez
333588	Ryanpaquette
333591	Emilykeates
333594	Zabala
333597	Alexbjurstrom
333599	Rathan
333600	Dietrich
333601	Curtiscalva
333605	Martella
333608	Michaelkaye
333613	Hasten
333614	Boyd
333617	Markjohnson
333620	Scottfrancis
333626	Huerta
333627	Zacharyrule
333631	Arivogel
333632	Athipathi
333634	Maryhinkle
333636	Reboul
333639	Yaima
333717	Alexgreaves
333744	Pau
334756	Leovey
335292	Larrey
335306	Mouhot
335500	Espresso
335533	Tarasprystavski
335668	Ignalina
335799	Zonglu
335853	Valleedaoste
335968	Xiejin
336108	Luberon
336109	Rokiskis
336177	Churri
336203	Sandrobuss
336204	Sardinas
336392	Changhua
336465	Deluna
336680	Pavolpaulik
336694	Fey
336698	Melbourne
336811	Baratoux
336877	Qifaren
337002	Robertbodzon
337044	Bobdylan
337166	Ivanartioukhov
337380	Lenormand
337700	Korpas
338274	Valancius
338284	Hodal
338371	Gerritsen
338373	Fonoalbert
338578	Csapodyvera
339223	Stongemorin
339486	Raimeux
339855	Kedainiai
340071	Vanmunster
340479	Broca
340579	Losse
340687	Gerrysmith
340891	Londoncommorch
340929	Bourgelat
340980	Bad Vilbel
341317	Weisshaidinger
341359	Gregneumann
341361	Hughespack
341520	Mors-Somnus
341590	Emmawatson
341826	Aurelbaier
341958	Chretien
342000	Neumunster
342017	Ramonin
342372	Titia
342431	Hilo
342620	Beita
342764	Alantitus
342843	Davidbowie
342844	Anabel
342864	Teresamateo
343000	Ijontichy
343057	Lucaravenni
343134	Bizet
343157	Mindaugas
343158	Marsyas
343230	Corsini
343322	Tomskuniver
343412	de Boer
343413	Lauratoyama
343438	Gao
343439	Kaukali
343440	Magnier
343441	Chienchenglin
343444	Halluzinelle
343587	Mamuna
343662	Robmorgan
343664	Nataliemainzer
343743	Kjurkchieva
343774	Samuelhale
343981	Oppenheim
344000	Astropolis
344040	Davidiactor
344413	Campodeifiori
344581	Albisetti
344641	Szeleczky
345574	Michael
345648	Adyendre
345720	Monte Vigese
345762	Jacquescoeur
345763	Pompiere
345842	Alexparker
345868	Halicarnassus
345871	Xuguangxian
345959	Dafeng
345971	Marktorrence
345972	Rufin
346150	Nanyi
346261	Alexandrescu
346318	Elektrenai
346666	Knorozov
346721	Panchengdong
346810	Giancabattisti
346886	Middelburg
346889	Rhiphonos
346998	Wakamura
346999	Evalilly
347016	Haydnhuntley
347017	Pui-Hin
347020	Hofheim
347028	Vazec
347266	Carriere
347336	Changmeemann
347940	Jorgezuluaga
348034	Deslorieux
348239	Societadante
348383	Petibon
348407	Patkosandras
348511	Zemaite
349237	Quaglietti
349386	Randywright
349407	Stefaniafoglia
349499	Dechirico
349606	Fleurance
349785	Hsiaotejen
349862	Modigliani
350032	Josephhunt
350173	Yoshidanaoki
350178	Eisleben
350185	Linnell
350509	Veproknedlozelo
350838	Gorelysheva
350969	Boiohaemum
351785	Reguly
351976	Borromini
352017	Juvarra
352148	Tarcisiozani
352214	Szczecin
352273	Turrell
352333	Sylvievauclair
352646	Blumbahs
352655	Alekna
352704	Stevefleming
352760	Tesorero
352782	Karelschrijver
352834	Malaga
352860	Monflier
353171	Cosmebauca
353189	Iasus
353194	Meilutyte
353232	Nolwenn
353404	Laugalys
353409	Onaka
353429	Fairlamb
353432	Cabrerabalears
353577	Gediminas
353595	Grancanaria
353677	Harald
353682	Maberry
353730	Patton
353745	Williamunruh
353817	Bolduc-Duval
353903	Kudritzki
354659	Boileau
354903	Shostak
355022	Triman
355029	Herve
355256	Margarethekahn
355276	Leclair
355657	Poppy
355704	Wangyinglai
356217	Clymene
356786	Shuike
356863	Maathai
356975	Aspriliopacelli
357106	Pacholka
357116	Attivissimo
357148	El-Maarry
357243	Jefferies
357546	Edwardhalbach
358167	Barbaralong
358179	Szegokaroly
358376	Gwyn
358675	Bente
358894	Demetrescu
359103	Ottopiene
359426	Lacks
359474	Robertwilliams
359822	Hansboesgaard
360037	Robertson
360072	Alcimedon
360762	FRIPON
361183	Tandon
361193	Cheungtaklung
361267	`I`iwi
361450	Houellebecq
361524	Klimka
361530	Victorfranzhess
361690	Laurelanmaurer
361712	Liuhui
361764	Antonbuslov
362177	Anji
362238	Shisseh
362316	Dogora
362420	Rolandgarros
362793	Suetolson
362911	Miguelhurtado
363018	Wenda
363115	Chuckwood
363124	Ciottolimeco
363504	Belleau
363582	Folpotat
363623	Chelcicky
363706	Karazija
364166	Trebek
364192	Qianruhu
364264	Martymartina
364566	Yurga
364577	Cachopito
364630	Shizuoka
364636	Ulrikeecker
364875	Hualookeng
365130	Birnfeld
365131	Hassberge
365159	Garching
365190	Kenting
365250	Vladimirsurdin
365375	Serebrov
365443	Holiday
365604	Rusholme
365739	Peterbecker
365756	ISON
365761	Popovici
365786	Florencelosse
366252	Evanmillsap
366272	Medellin
366487	Neilyoung
366689	Rohrbaugh
366852	Ti
367392	Zeri
367404	Andreasrebers
367406	Buser
367436	Siena
367488	Aloisortner
367633	Shargorodskij
367693	Montmagastrell
367732	Mikesimonsen
367943	Duende
368588	Lazrek
368617	Sebastianotero
368704	Roelgathier
368719	Asparuh
369010	Ira
369088	Marcus
369134	Mariareiche
369297	Nazca
369423	Quintegr'al
370068	Chrisholmberg
370796	Gasiunas
371220	Angers
372024	Ayapani
372305	Bourdeille
372573	Pietromenga
372578	Khromov
372626	IGEM
374131	Vitkauskas
374338	Fontana
374354	Pesquet
374710	`O`o
374715	Dimpourbaix
374848	Arturomalignani
375005	Newsome
375007	Buxy
375043	Zengweizhou
375067	Hewins
375176	Beziau
375303	Ikerjimenez
375798	Divini
375832	Yurijmedvedev
375927	Ibara
376029	Blahova
376084	Annettepeter
376299	Friesen
376311	Naidubezawada
376574	Michalkusiak
376694	Kassak
377108	Spoelie
377144	Okietex
378002	`Akialoa
378076	Campani
378204	Bettyhesser
378214	Sauron
378370	Orton
378669	Rivas
378721	Thizy
378810	Deniserothrock
378917	Stefankarge
378920	Vassimre
379130	Lopresti
379155	Volkerheinrich
379173	Gamaovalia
379470	Carolynjones
379732	Oklay
379767	Barcis
380480	Glennhawley
380607	Sharma
380832	Annecambridge
381048	Werber
381260	Ouellette
381323	Fanjinshi
381458	Moiseenko
381725	Bobrinsky
381904	Beatita
382238	Euphemus
382900	Rendelmann
383067	Stoofke
383417	DAO
383492	Aubert
383508	Vadrot
383622	Luigivolta
384282	Evgeniyegorov
384533	Tenerelli
384582	Juliasmith
384584	Jenniferlawrence
384815	Zolnowski
385205	Michelvancamp
385446	Manwe
385571	Otrera
385695	Clete
385980	Emiliosegre
386056	Taurage
386528	Walterfurtig
386618	Accomazzo
386622	New Zealand
386851	Streep
388282	`Akepa
388370	Paulblu
389293	Hasubick
389470	Jan
389478	Rivera-Valentin
390743	Telkesmaria
390813	Debwatson
390848	Veerle
391042	Dubietis
391257	Wilwheaton
391496	Colineldridge
391532	Markdowning
391795	Univofutah
391947	Tanithlee
391988	Illmarton
391996	Zhunenghong
392070	Siurell
392120	Heidiursula
392142	Solheim
392225	Lanzarote
392655	Fengmin
392728	Zdzislawlaczny
392952	Hermitageshelter
394445	Unst
395124	Astonepia
395141	Cesarmanrique
395148	Kurnin
395231	Leonscott
396931	Nerliluca
397278	Arvidson
397279	Bloomsburg
397800	Costaillobera
398045	Vitudurum
398188	Agni
399411	Ayiomamitis
399442	Radicofani
399565	Devenyanna
399673	Kadenyuk
399745	Ouchaou
399979	Lewseaman
400072	Radviliskis
400162	SAIT
400193	Castion
400308	Antonkutter
400309	Ralfhofner
400673	Vitapolunina
400796	Douglass
400811	Gillesfontaine
400881	Vladimirdolinay
401820	Spilas
402008	Laborfalviroza
402841	Kamakawiwo`ole
402852	Picardie
402920	Tsawout
403491	Anthonygrayling
403563	Ledbetter
404016	Alexandralabenz
405207	Konstanz
405571	Erdospal
406006	Ralys
406308	Nanwai
406737	Davet
406957	Kochetova
407016	Danielerdag
407243	Krapivin
410475	Robertschulz
410619	Fabry
410817	Zaffino
410835	Neszmerak
410912	Lisakaroline
410928	Maidbronn
411717	Cherylreed
412536	Farquharson
412687	Shaxigao
413033	Aerts
413233	Varkonyiagnes
414026	Bochonko
414283	Lecureuil
416252	Manuelherrera
416273	Glennsnyder
416583	Jacereece
417955	Mallama
417978	Haslehner
418220	Kestutis
418419	Lacanto
418532	Saruman
418689	Gema
418891	Vizi
419435	Tiramisu
419521	Meursault
419858	Abecheng
420356	Praamzius
420612	Nuptel
420779	Swidwin
421774	Jeffreyrose
423097	Richardjarrell
423205	Echezeaux
423380	Juhaszarpad
423433	Harsanyi
423624	Udeantioquia
423645	Quenisset
424200	Tonicelia
425442	Eberstadt
425509	Valyavin
426524	Rainerhannig
427496	van de Weg
427695	Johnpazder
428102	Rolandwagner
428259	Laphil
428351	Martinchalifour
428694	Saule
429031	Hannavonhoerner
429032	Sebvonhoerner
429033	Gunterwendt
429084	Dietrichrex
429120	Mikhaillavrov
429136	Corsali
429733	Gilbertbaker
431397	Carolinregina
431436	Gahberg
432101	Ngari
432107	Reedspurling
432361	Rakovski
432971	Loving
433512	Hollyholman
433763	Helenkirk
434050	Torokfece
434180	Brosens
434325	Lautreamont
434453	Ayerdhal
434678	Curlin
434707	Oyfnpripetshik
435127	Virtelpro
435186	Jovellanos
435552	Morin
435728	Yunlin
435950	Bad Konigshofen
436048	Fritzhuber
436149	Edabel
437192	Frederikolsen
438523	Figalli
438829	Visena
438881	Michaelkhan
438973	Masci
439718	Danielcervantes
440411	Piovani
440670	Becassine
440794	Wytrzyszczak
440833	Kristenwalbolt
441374	Wangjingxiu
441563	Domanski
442721	Kerouac
444411	Lutherbeegle
444414	Mikehankey
444418	Rohitbhartia
444419	Francismccubbin
444562	Visaginas
445156	Cheeloomed
445308	Volov
445818	Ronbeck
445917	Ola
446500	Katrinraynor
446957	Priellekornelia
447682	Rambaldi
448051	Pepisensi
448988	Changzhong
449922	Bailey
450297	Csakanybela
450390	Pitchcomment
450737	Sarbievius
450806	Mariamalibran
450931	Coculescu
451138	Rizvanov
452307	Manawydan
453256	Gucevicius
453715	Blakesullivan
454326	Donlee
454329	Ericpiquette
454350	Paolaamico
454352	Majidzandian
454409	Markusloose
454419	Hansklausreif
454505	Suntharalingam
455207	Kellyyoder
455739	Isabelita
455887	Laurafallon
456378	Akashikaikyo
456627	Cristianmartins
456677	Yepeijian
456695	Xingdingyu
456731	Uligrozinger
457248	Hondius
457303	Daina
457743	Balklavs
457818	Ramirezmoreta
458063	Gustavomuler
458123	Lydiabenecke
461650	Paisdezso
461981	Chuyouhua
462078	Carlosbriones
463368	Eurytus
464150	Kresken
464743	Stanislavkomarek
464745	Peterrozsa
465036	Tatm
465513	Chenchen
466552	Viking
468044	Lacatus
468581	Maiajasperwhite
468725	Khalat
469219	Kamo`oalewa
469366	Watkins
469705	|=Kagara
469748	Volnay
469773	Kitaibel
470324	Debbanci
470341	Panjianwei
470423	Endeavor
470600	Calogero
471109	Vladobahyl
471143	Dziewanna
471301	Robertajmolson
471325	Taowu
471926	Jormungandr
472054	Tupaia
472235	Zhulong
473503	Minoruozima
474440	Nemesnagyagnes
474640	Alicanto
475080	Jarry
475696	Fisiocritico
475802	Zurek
479553	Garyzema
481984	Cernunnos
481993	Melaniezander
482101	Arizonacu
483454	Hosszukatinka
483488	Wudeshi
483615	Martinmccarthy
483636	Treanor
483637	Johanstein
483951	Fiorella
484613	Cerebrito
484734	Chienshu
485320	Verteserno
486170	Zolnowska
486239	Zosiakaczmarek
486416	Mami
486898	LaForge
486958	Arrokoth
487617	Ingethiering
487761	Frankbrandner
489603	Kurtschreckling
490628	Chassigny
491984	Brunapontes
492112	Jordicamarasa
492786	Ferdowsi
495181	Rogerwaters
495253	Hanszimmer
495287	Harari
495759	Jandesselberger
497593	Kejimkujik
497700	MacDougall
498394	Zhangbosheng
498797	Linshiawshin
499367	Monikasirp
499526	Romhanyi
500170	Lusitano
501132	Runkel
503033	New Hampshire
505906	Raozihe
506074	Svarog
507490	Possum
508440	Lewishamilton
509018	Wiese
509761	Umberto
510045	Vincematteo
510466	Varna
511238	Cuixiangqun
513340	Xianshiyou
513557	NIGPAS
514107	Ka`epaoka`awela
514986	Zhangweiguo
515812	Pueo
516560	Annapolisroyal
517104	Redinger
517894	Rolfrohwedder
518458	Roblambert
518523	Bryanshumaker
518886	Wheelock
519419	Guyewang
520585	Saci
522466	Auyeung
522563	Randyflynn
523954	Guman
524522	Zoozve
524607	Davecarter
524638	Kaffkamargit
526460	Ceciliakoocen
526492	Theaket
526997	Hohai
527205	Zhongdatianwen
528489	Ntuef
528997	Tanakatakenori
529729	Xida
529828	Jinhuayizhong
530721	Isscas
530739	Nanligong
530768	Nanpu
532037	Chiminigagua
533671	Nabu
534299	Parazynski
534390	Huningsheng
535266	Chorzow
535353	Antoniwilk
535530	Gustavborn
535769	Klimkovsky
537170	Gerazhukov
540413	Nikzad
541132	Leleakuhonua
541184	Babjak
541185	Boldogkoi
541200	Komjadibela
541222	Ianbaker
541288	Rogerhaynes
541318	Mirasteilas
541487	Silviapablo
541508	Liucixin
541550	Schickbela
541565	Gucklerkaroly
541571	Schulekfrigyes
541575	Mikhailnazarov
541582	Tothimre
541587	Paparo
541618	Magyaribela
541627	Halmospal
541631	Kirbulychev
541691	Ranschburg
541741	Fado
541776	Olahkatalin
541801	Kendurkar
541842	Amygreaves
541878	Jessicatallulah
541897	TRAPPIST
541982	Grendel
541983	Matthiaspenselin
541992	Lukacsbela
542026	Kaszasattila
542084	Olegverkhodanov
542246	Kulcsar
542461	Slovinsky
542509	Lyatoshynsky
542561	Ritajochen
542568	Erichess
542600	Lindahall
542857	Elmi
542888	Confino
542926	Manteca
543018	ROTAT
543060	Liefke
543061	Ruthsager
543081	Albertducrocq
543198	Rastislavmraz
543229	Matiganis
543302	Hamvasbela
543315	Asmakhammari
543581	Laurenrubyjane
543698	Miromesaros
543914	Tessedik
544033	Lihsing
544309	Reuss
544325	Peczbela
544541	Srholec
544618	Bugatpal
545167	Bonfini
545394	Rossetter
545560	Fersman
545561	Nesbo
545564	Sabonis
545565	Borysten
545571	Carlobaccigalupi
545619	Lapuska
545651	Lilyjames
545784	Kelemenjanos
545839	Hernanletelier
545985	Galinaermolenko
546025	Abrahampeter
546049	Zhujin
546186	Vasylivchenko
546235	Kolbenheyer
546275	Kozak
546286	Fuchsjeno
546396	Szilagyiaron
546471	Szipal
546498	Demjenferenc
546515	Almasy
546756	Sunguoyou
546842	Ruanjiangao
546843	Xuzhijian
546844	Jinzhangwei
546845	Wulumuqiyizhong
546846	Sunpeiyuan
547345	Kennethchambers
547398	Turanpal
547400	Szakcsilakatos
547508	Perehorts
547599	Viraghalmy
547612	Karoligaspar
547664	Ozdin
547666	Morgon
547705	Paalgyorgy
548032	Ensisheim
548263	Alexandertutov
548624	Ekwerike
548690	Hazucha
548715	Stus
549107	Hackitamas
549151	Serra-Ricart
549185	Herczeg
549228	Labuda
549229	Banjanos
549418	Andreifesenko
549648	Shirokov
549663	Barczaszabolcs
549676	Thanjavur
549706	Spbuni
549744	Heimpal
549873	Portsevskii
549961	Foldesistvan
549996	Dmitriiguliutin
550034	Reitsam
550083	Szecsenyi-Nagy
550139	Venn
550525	Sigourneyweaver
550666	Difrancesco
550832	Silvanacopceski
550942	Kurtag
551014	Gorman
551082	Tsiongtiong
551091	Florferenc
551212	Mathieuudriot
551231	Zywiec
551233	Miguelanton
551390	Thomaskessler
551510	Mariuszkukava
551601	Antonijove
551878	Stoeger
551900	Laneways
552385	Rochechouart
552420	Flodubeyjames
552681	Sosvera
552708	Odmangovender
552727	Hauszmann
552733	Gretsylaszlo
552746	Annanobili
552748	Garasdezso
552750	Valasek
552784	Jeanbrahier
552847	Steinaurel
552855	Hoitsy
552888	Felixrodriguez
553035	Faikmusayev
553076	Maturkanic
553438	Bercziszaniszlo
553532	Alfiejohnpercy
554239	Montseypedro
554268	Marksylvester
554317	Rorywoodhams
554466	Pablomotos
554648	Olaffischer
554704	Szeppataki
554709	Magdastavinschi
554766	Dieterkasan
554879	Kissgyula
554959	Lasica
554979	Michaelmazur
555092	Annasusanne
555112	Monika
555120	Ottoguthier
555128	Birstonas
555152	Oproiu
555227	Claraisabella
555292	Bakels
555468	Tokarczuk
555802	Chengyen
555955	Lurcat
557045	Nadolschi
557396	Crailsheim
558195	Eugengindl
558398	Nagysandor
559135	Richardgreaves
559521	Sonbird
560085	Perperikon
560354	Chrisnolan
560388	Normafa
560522	Gombaszogi
560794	Ugoboncompagni
561490	Tonyforward
561911	Kezandor
562008	Samtackeff
562237	Chentsov
562446	Pilinszky
562936	Brodyimre
562964	Hudin
562971	Johannhagen
562979	Barabasmiklos
563197	`Ike Le`a
563285	Reinerschwarz
563318	ten Kate
563707	Nemethgeri
563716	Szinyeimersepal
563853	Andrewdubeyjames
564280	Tudorica
564780	Igorkarachentsev
564808	Pallai
565039	Meganengel
565122	Markbowman
565139	Sumshchyna
565184	Janusz
565571	Shtol
565780	Kopaszimre
566631	Svabhegy
566939	Petrucraciun
567010	Kanyosandor
567329	Zinaida
567490	Bankyvilma
567580	Latuni
568092	Alexschmid
568959	Michaellesko
569484	Irisdement
570448	Travismetcalfe
570814	Nauru
571000	Kowright
571117	Mikehudson
571398	Jasonrowe
571535	Okunoto
571938	Mariaeimmart
572217	Dramba
573731	Matsnev
573759	Rocheva
573814	Sergeyzvyagin
574300	Curelaru
574506	Soproniliceum
574546	Kondorgusztav
574635	Janossy
574691	Horgerantal
574742	Annatsybuleva
575108	Doyrantsi
575195	Carpineti
575498	Lamperthgyula
575511	Bukk
576186	Lefebvre
576373	Wolfgangbusch
576465	Craigwoodhams
576466	Scherpenisse
576793	Karolyiamy
576853	Rafalreszelewski
576870	Orszaglili
576901	Adagio
577754	Janacerbova
577881	Palinkaslibor
577883	Yelenametyolkina
578053	Jordillorca
578164	Rerrichbela
578168	Miaochangwen
578202	Philippetalbot
578249	Josephcarr
578622	Fergezsuzsa
579513	Saselemer
579724	Romerfloris
579742	Annamareike
579785	Kepesgyula
579787	Formentera
579890	Mocnik
580123	Gedek
580301	Aznarmacias
580311	Saselemer
580619	Harangiszabolcs
581587	Pazmany
582910	Tormazsofia
582928	Smriglio
583729	Tejfel
583972	Rybnikov
584311	Pozhlakov
584947	Shistovsky
585349	Eeuwes
585635	Ruxandratoma
586003	Monspartsarolta
587299	Holmgren
588108	Boteropop
588255	Hantang
588905	Salvadornogueira
589175	Romainguelat
589253	Fabrika
589360	Yulialinde
589718	Csopak
589780	Ajka
589841	Strobl
589887	Fellnerjakab
589944	Suhua
590269	Steinberger
590335	Mikhailkuzmin
590377	Lisacampbell
590464	Helenlawson
590666	Jianguo
590739	Miloslavov
590761	Fixin
590888	Chengda
591000	Galaverni
591201	Johnpye
591347	Tarczylajos
591426	Adalawson
591592	Carlanderson
591763	Orishut'
591808	Dienesvaleria
591861	Sergeyyazev
591964	Jakucs
592170	Arkadyinin
592244	Daukantas
592710	Lenghu
592750	Seiichifujiwara
593195	Lavinaahmed
594012	Bulavina
594032	Reyhersamuel
594782	Kacperwierzchos
594913	'Aylo'chaxnim
594983	Stephaniecote
595362	Schievink
595480	Luidens
595583	Annabelkarun
595590	Raphaelroose
595901	Lilybeaurepaire
596543	Ubu
596588	Jamesliebert
596687	Patrickcote
596996	Suhantzong
597148	Chungmingshan
597470	Lauraparker
597966	Laihe
597967	Pannai
597993	Belesta
598719	Alegalli
598855	Agerer
598895	Artjuhs
599019	Jerzymadej
599083	Snezhko
599587	Shangjiaouni
599755	Alcarras
600379	Csortosgyula
600539	Aldoatiglio
600639	Gevreychambertin
600665	Nuitsaintgeorges
600867	Kinghu
601036	Sassflora
601227	Ammann
601476	Scharun
601731	Kukuczka
601894	Naiman
601916	Sting
602922	Juhaszgyula
603021	Galyateto
603200	Yuchichung
603260	Jonaskaroly
603380	Dorisbrougham
604001	Iagiellonica
604468	Olenici
604750	Marisabele
604772	Paraschiv
604773	Michaelmoller
604827	Rietavas
605499	Krupko
605901	Montaghimre
605911	Cecily
606017	Irimes
606339	Kierpiec
606701	Golda
606875	Bertgrice
607372	Colombounilanka
609363	Sinelo
611064	Jeroenstil
611070	Hsurueron
611326	Wilfredbuck
611494	Gionti
611585	Bergbusch
611586	Tsartlip
611587	Tseycum
611980	Pauquachin
612163	Thelowes
612477	Csorgeierika
612787	Haumannpeter
612916	Stirlingcolgate
612946	Zirmunai
613279	Isaacmiguel
613419	Lafayettequartet
613813	Svevastallone
614470	Flordeneu
614641	Gregbredthauer
614664	Martinroth
614667	Rogersmith
614690	Conversimarcello
615214	Molnarkristian
615355	Jacobkuiper
615914	Sziszferenc
616184	Malahat
616688	Gaowei
616689	Yihangyiyang
616690	Liaoxi
617080	Nogel
617403	Boley
618051	Sawicki
618132	Verheyen
618349	Williekoorts
618694	Gertrudegrice
619137	Klausjugelt
620096	Curupira
620307	Casanovas
622006	Vakarlajos
622398	Fraser
622467	Ignes
622577	Miorita
623031	Cartaya
623826	Alekseyvarkin
623827	Nikandrilyich
624448	Gennadiyborisov
627030	Ciobanu
627435	Mircearusu
627520	Corbey
627939	Phyllisthornton
627981	Ponzoni
628318	Stevemould
629141	Mihalikeniko
631202	Aquarellia
631626	Benedektibor
632484	Pamelagay
633225	Dauksa
633326	Allashapovalova
633348	Shvartsman
633570	Viktorzagainov
633909	Lazutkin
634539	Kuvaev
634559	Drayer
634624	Almazgaleev
634659	Colombo
634981	Herbertgrice
635057	Bangailona
635338	Pecsieszter
635381	Michaelcoates
635478	Fotonikalv
635483	Casimir
635771	Prahacsmargit
635817	Alexanderkann
636680	Lisaloring
638624	Xueqikun
638676	Zizek
639292	Szabozoltan
642097	Kusturica
643975	Lanthimos
646505	Mihaileanu
646626	Valentingrigore
646684	Boaca
647779	Ansari
648709	Angissimo
649238	Marsloire
649792	Sergejbondar
649816	Marycoates
649964	Friedrichvolck
650474	Chungchaocheng
651104	Bobola
651370	Kolen
652031	Szczepaniak
652410	Janmarszalek
652509	Andrewcrossley
653564	Genersich
653667	Danutionescu
656196	Falchi
656841	Uza
657932	Cuichenzhou
658398	Lufonds
658642	Carreira
658787	Alksnis
658882	Zemaitija
659267	Cristianstancu
660798	Karltreusch
660931	Antonpetrov
661178	Zywiecmed
661666	Chenchengpo
661786	Aikman
662131	Kierancarroll
662607	Cosialls
663271	Heinzreinhardt
663467	Limeishu
663468	Liaochichun
664136	Tercu
665079	Tym
666312	Aroneisenberg
666479	Maratmingaliev
667294	Missen
667514	Pozonunez
667515	Truta
667531	Ignasiribas
667713	Richardholman
667772	Wuhsinheng
668527	Christophgerhard
668982	Grechuta
669448	Pavelgabor
669588	Pazura
669952	Kootker
670740	Mihailsandu
670744	Karsh
671271	Richardadsouza
673014	Kosakissattila
673736	Sanhueza
673741	Nikolayperov
675570	Mircealite
676734	Wojcicki
677772	Bettonvil
678198	Jeanmariferenbac
678300	Herbertcouriol
678471	Piermichelberge
678676	Liepaja
678800	Juska
679211	Gheorghe
679552	Efspringer
679829	Sucellos
679996	Mariyafilippovna
679999	Mariyavarkina
682761	Mittermaiertom
683868	Chrupala
688696	Bertiau
689210	Salvadorjribas
689822	Anderson
690780	Constantinescu
690923	Predatu
693043	Suhay
694537	Vintdevara
696315	Petraios
697402	Ao
698372	Zhangmi
698609	Angli
698847	Zhangguimin
700094	Anunciacao
700818	Pauldelaney
701424	Piotrguzik
701781	Dougjohnstone
702686	Zehr
702688	Federicocolombo
703756	Xijiaouni
706348	Montcabrer
706882	Hertagessner
707242	Denniscrabtree
708341	Fredjudson
708658	Turowicz
708722	Timisoara
709193	Concettafinardi
711327	Ovidiuignat
711527	Tudor
711599	Kane
711824	Infante
712499	Alexstefanescu
713133	Taiping
713428	Miroslawdziergas
714305	Panceri
714378	Char
715542	Tafforin
716260	Baybayan
718490	Marcelosouza
718492	Quro
718863	Zhouwenjie
719612	Hoshizaki
719840	Bilsemduzce
719987	Zhonghe
721153	Gunda
721154	Heinz
722063	Andrasz
723217	Levesque
723218	Binsted
724427	Sorinhotea
724547	Sussenberger
724666	Unda-Sanzana
724875	Hengchun
724932	Pozniakas
727524	Pierrepaquette
727736	Fus
728826	Szerbantal
729034	Yinqiang
729512	Braga
730495	Costafrancini
730891	Patrickdowler
731124	Rosvick
731389	Jensdierks
731815	Stefanberg
732272	Langejans
732472	Grahamhill
732571	Jipa
732821	Raycarlberg
733086	Virgiliupop
733173	Mariteeglite
734551	Monin
735177	Dinev
737028	Steinbring
738926	Nitschelm
739634	Zhaojingyuan
740495	Langill
741306	Marshallmccall
741444	Abbasi
741647	Davidge
741718	Simard
741821	Lewisknee
743062	Dianabesliu
743878	Shandaren
745254	Friedhelm
745492	Saanich
747532	Davidabrown
748569	Bernhardhausler
750032	Jinca
750594	Cirstea
751385	Zachwatowicz
752263	Franciscosanchez
752403	Bayurisanto
754258	Anghel
755002	Richer
755509	Juming
755922	Kinmen
756509	Zoltandeak
756832	Balogh
757109	Donaldmoffatt
761081	Sandraeglite
761083	Miclos
763488	Oniciuc
763533	Alabiano
765015	Marciulionis
767321	Inceu
767327	Diamandi
767828	Conovici
769288	Varadinagypal
769584	Pteancu
770175	Flueras
773258	Corpodean
773906	Larisaromanova
776645	Michaelkarrer
776675	Jedrzejewicz
777018	Huangchunming
780137	Gatterer
780857	Rodes
781753	Scurtu
782609	Beches
782948	Ursache
783129	Danescu
783560	Beldea
783839	Vasilechirila
783963	Verkkoniemi
785630	Peterbrandt
785648	Likho
788153	Trabia
788501	Gabi
788573	Isaiah
788764	Alexandrumironov
788890	Garafia
790358	Janisstreics
790726	Serbu
792121	Boldea
792972	Teresina
798118	Todoque
798737	Faustina
798772	Ledochowska
800113	Zaharydonchev
800457	Floriangoebel
801007	Stefanpopcot
801371	Pocora
801684	Pera
801733	Maxteodorescu
805212	Junkes
805997	Wolszczan
805998	Yunon
807057	Georgescutavi
807098	Chensong
807579	Yasuhiroyasuko
808162	Andrejserglis
808811	Tarczaygyorgy
810619	Gaoyu
810657	ESOC
811110	Ubartas
811529	Kiszelymarta
811540	Ernstsalpeter
813826	Vihart
814147	Vladturcu
814148	Alexandrupop
818660	Capar
819712	Tezel
824655	Funes
826505	Xujianlin
826631	Frascati
826856	Commodorecochran
826870	Iancooper
833362	Nida
836112	Danieloconnell
836275	Pietromaffi
836465	Kulmatycki
836955	Lais
838404	Dickson
841529	Jonahwoodhams
845241	Zentaalksne
847420	Livtel
849224	Motoyama
858332	Grischun
858334	Gioacchinopecci
868349	Richie
870437	Leilani
875129	Abbeyridgeobs
875150	Burkegaffneyobs
